{
    "app_id": 10,
    "name": "Counter-Strike",
    "release_date": "2000-11-01",
    "developer": [
        "Valve"
    ],
    "publisher": [
        "Valve"
    ],
    "platforms": [
        "windows",
        "mac",
        "linux"
    ],
    "required_age": 0,
    "categories": [
        "Multi-player",
        "Online Multi-Player",
        "Local Multi-Player",
        "Valve Anti-Cheat enabled"
    ],
    "genres": [
        "Action"
    ],
    "tags": [
        "Action",
        "FPS",
        "Multiplayer"
    ],
    "achievements": 0,
    "positive_ratings": 124534,
    "negative_ratings": 3339,
    "price": 7.19,
    "description": "Play the world's number 1 online action game. Engage in an incredibly realistic brand of terrorist warfare in this wildly popular team-based game. Ally with teammates to complete strategic missions. Take out enemy sites. Rescue hostages. Your role affects your team's success. Your team's success affects your role.",
    "header_img": "https://steamcdn-a.akamaihd.net/steam/apps/10/header.jpg?t=1528733245",
    "minimum_requirements": "500 mhz processor, 96mb ram, 16mb video card, Windows XP, Mouse, Keyboard, Internet Connection Recommended: 800 mhz processor, 128mb ram, 32mb+ video card, Windows XP, Mouse, Keyboard, Internet Connection",
    "recommended_requirements": null,
    "reviews": [
        {
            "review_text": "cant buy skins, cases, keys, stickers - gaben cant steal our money 10/10 would play again",
            "review_score": "1"
        },
        {
            "review_text": "I met a lot of people who slept with my mother. 10/10",
            "review_score": "1"
        },
        {
            "review_text": "Blame this game for the rise of the online multiplayer modern military shooter. Good game, great custom maps, terrible community. Not much has really changed since 2000, has it?  I don't think anyone still plays this particular version of CS though.  Edit: Wait, there are over 8,000 people in-game right now. Wow... guess I have to give this a 'yes' then because it isn't dead.",
            "review_score": "1"
        },
        {
            "review_text": "WE WONT FORGET 1.6",
            "review_score": "1"
        },
        {
            "review_text": "I only write this because of how nostalgic I feel. The game that gave me my passion for shooters. Hands down, in my opinion, best game made in history.  This game, I cannot explain how many emotions it gave me, and thousands or millions of other players.  Cs 1.6, please stay alive.   Pros- Everything Cons- Nothing",
            "review_score": "1"
        },
        {
            "review_text": "Counter-Strike is a great series. Though the real change they made was in CS:GO, Counter-Strike has been one of my favorite FPS games of all time. If you prefer a fast based shooter, this game isn't for you.  Counter-Strike can have exciting moments where it's you VS 5 others, or where you have no defuse kit with only a few seconds left to defuse the bomb  A comparable version of Counter-Strike's defuse gametype is the Call Of Duty 'Search and Destroy'",
            "review_score": "1"
        },
        {
            "review_text": "This game will never get old &lt;3",
            "review_score": "1"
        },
        {
            "review_text": "Ah, this is where it all started from.. The mecca of online competitive scene.. I still remember bunking my extra classes, and play this game in a bunker of a gaming center, during my school days. I didnt think, that it would take root inside of me, that would fruit up, some years later.  Come the post graduation years, and I found myself playing this again, this time.. on a competitive level and making sure I had fun, the entire time I spent, whistling away at this ..  Fond old memories.. Still growing strong.. Still making more and more, as we keep walking through the life..",
            "review_score": "1"
        },
        {
            "review_text": "*Goes in-game *Sets server requirements *Joins a server *Empty *Joins another server *Cursed at in rapid Spanish *Asks for tips, says 'I play CS:GO' *Gets cursed at some more *Gets a kill *YOU HAVE BEEN KICKED FROM THIS SERVER*",
            "review_score": "1"
        },
        {
            "review_text": "This game appears to remain No. 1 FPS Action games since 2000 for around 8 to 11 years. It is a intense game as your health and your exposure is important as well sticking together with your team mates at all costs. You should maybe try this game and learn the routes in common CS maps like dust or assault. Go on try it!  However they are a several downsides to this game like the weapon nerfs like the recoils and smoke grenade failing to detonate airborne and the lame Tactical Shield. And cos this game is so popular that thousands of servers host this game online, that some PC criminals tend to take advantage on players like using hacking or server addon hacking materials. So you maybe best to stay clear of weird or dodgy servers with extreme adult material and Steam cannot unban victims who got hijacked and VAC banned, so please be careful!  But if you are old and wise enough to handle this intense action game...BUY IT, SOLDIER!",
            "review_score": "1"
        },
        {
            "review_text": "░░░░░░░░░░░░▄▄  ░░░░░░░░░░░█░░█  ░░░░░░░░░░░█░░█  ░░░░░░░░░░█░░░█  ░░░░░░░░░█░░░░█  ███████▄▄█░░░░░██████▄  ▓▓▓▓▓▓█░░░░░░░░░░░░░░█  ▓▓▓▓▓▓█░░░░ Loved it ░░░░░█  ▓▓▓▓▓▓█░░░░ ░░░░█  ▓▓▓▓▓▓█░░░░ ░░░░░█  ▓▓▓▓▓▓█░░░░░░░░░░░░░░█  ▓▓▓▓▓▓█████░░░░░░░░░█  ██████▀░░░░▀▀██████▀",
            "review_score": "1"
        },
        {
            "review_text": "Best FPS game of all time. It's a shame only a few people still play it. Great for older Counter Strike players and newer ones to experience what older players had with this game :) This is where Counter-Strike is love Counter-Strike is life really have a meaning.  After several thousand hours in the game I still love and cherish it. A must have for any FPS player out there.",
            "review_score": "1"
        },
        {
            "review_text": "While people are outside playing Pokemon GO I'm playing a real game.",
            "review_score": "1"
        },
        {
            "review_text": "I've never met so many Brazilians in my life! 10/10",
            "review_score": "1"
        },
        {
            "review_text": "This game is just amaizing. If you have a game with cheaters then change the server with admins that actualy do stuff right like cs.kopideja.lv  Yes The graphics are outdated and the physix may make no sense but this is what started it all... If you havent played this and you play other CS games then you know nothing about this game... Buy it play it and enjoy  For me this game is more fun than CS:GO or CS:S because its calssic and was a my favorite childhood game 10/10",
            "review_score": "1"
        },
        {
            "review_text": "Perfect for anybody who like shooter game. Just be careful when searching server though.",
            "review_score": "1"
        },
        {
            "review_text": "Counter-Strike was the game that changed everything for me in FPS games, coming from older games like the FPS Game Blood back in (1997) when I was only 10 years old and Half-Life, Counter-Strike changed everything for me it was litterally the best thing ever.  The quality of the game was never about the visuals for me but about the game play and performance and Counter-Strike litterally had it all in my opinion.  Even today after so many years, I occasionally come back and play Counter-Strike just because it is one of the greatest Counter-Strike versions flat out, anyone disputing this are most likely people that started playing either Counter-Strike: Source or Counter-Strike: Global Offensive first then tried Counter-Strike but if you played it in the right order there is no disputing this, because this game might frighten most the new generation that has expectations to visual graphics having to have a certain standard before they will even touch it.  Counter-Strike is not about the visuals, that is just a bonus, if you want visuals then you probably playing the wrong game, Counter-Strike was never Battlefield nor CoD which probably to many looks visually stunning.  If you want quality in a game then Counter-Strike is one of the best games to play and get, hence why I am recommending this game.",
            "review_score": "1"
        },
        {
            "review_text": "The best competitive first person shooter ever created.",
            "review_score": "1"
        },
        {
            "review_text": "A game that is so much fun and nostalgic.  Brings back so many memories.   Always in my heart. &lt;3  10 / 10 - Still fun nowadays.",
            "review_score": "1"
        },
        {
            "review_text": "This game was so fun before css and csgo",
            "review_score": "1"
        },
        {
            "review_text": "Counter-Strike 1.6 ruined many hours of my life!",
            "review_score": "1"
        },
        {
            "review_text": "=100,000 hours",
            "review_score": "1"
        },
        {
            "review_text": "1.6 is love, 1.6 is life",
            "review_score": "1"
        },
        {
            "review_text": "Thanks for a great childhood",
            "review_score": "1"
        },
        {
            "review_text": "-Love to shoot people with real life guns with different names? -Have you ever dreamed to kill terrorists and even be a terrorist? -Love playing the same, universal map over and over just because it's the only map you'll ever know? (*cough* dust2) -Have you a desire to work as a team to complete objectives? -Do you know how to speak Brazilian-Portuguese and Romanian? (Awesome because many servers have players that have Brazilians, Romanians, and many other South American/Eurpoean players) -Love nostalgia? -Love to have fun? -Love getting an extra game with bots in it for free?  -Love randomly dying from wallbangs?  Great, you've come to the right game. Seriously though, despite the somewhat smaller North American community (Which is still big for the old game it is) it's probably one of the greatest games i've ever come to play, and i've only had it for about a year, and i'm gonna add hundreds of thousands of hours playing this. I don't even have actual friends that play with me yet I can still have fun with this game. From the countless recoil patterns to remember from all the guns, to the extremely friendly community (for the most part) and playing all these classic maps. Yes, of course there's hackers, you'll see a few of them, but they don't ruin the game. Either the server's admin can just ban them or you can just go to a different server, it's not gamebreaking or anything. And besides, if you get this you also get Counter-Strike: Condition Zero, which has bots. Hell, you can even download Zbots for 1.6, and it waypoints for you! Definitely get this game. This game stands the test of time.  10/10 Would throw brick-looking grenades at terrorists again.",
            "review_score": "1"
        },
        {
            "review_text": "legend in FPS game. legend is still alive. This is CS 1.6 !!!",
            "review_score": "1"
        },
        {
            "review_text": "CS is fast paced, intense. this game will not disappoint. The 'just one more round' addiction factor is very high. I've been addicted since 2007. I don't have a ♥♥♥♥ing vision for what i am saying. I'm making this ♥♥♥♥ up as I go. Buy it, download it, whatever; just get on board and if you enjoy it you will NEED it!  Counter-Strike 4 life.",
            "review_score": "1"
        },
        {
            "review_text": "The greatest game ever made, with Half Life in second. The father to competitive shooters. I'm happy to be back playing it",
            "review_score": "1"
        },
        {
            "review_text": "Play this game. It´s awesome.",
            "review_score": "1"
        },
        {
            "review_text": "Best Esport game of 21th century .   Good :   -easy to play -no cheaters ( maybe 10% if you play on random pubs) , in CSGO 60% cheating. -best game for tournaments as 5x5 -not boring , you can play again and again to improve ur skill  Bad :  VALVE did not support number one online action/esport game before die  was a lot of bugs   9.7/10  Recommend!",
            "review_score": "1"
        },
        {
            "review_text": "10/10",
            "review_score": "1"
        },
        {
            "review_text": "Greatest game ever.",
            "review_score": "1"
        },
        {
            "review_text": "The best of all.",
            "review_score": "1"
        },
        {
            "review_text": "Forever Retro! Current!",
            "review_score": "1"
        },
        {
            "review_text": "- After all this time?  - Always. &lt;3",
            "review_score": "1"
        },
        {
            "review_text": "I enjoyed so much playing this game :)",
            "review_score": "1"
        },
        {
            "review_text": "Recommend delete Counter-Strike:Source &amp; CS:GO !",
            "review_score": "1"
        },
        {
            "review_text": "No skins no updates good recoil control good servers less russians better servers old style :) I love it .",
            "review_score": "1"
        },
        {
            "review_text": "cs the best",
            "review_score": "1"
        },
        {
            "review_text": "Great FPS game, recommended! ",
            "review_score": "1"
        },
        {
            "review_text": "(RADIO): Fire in the hole! You got flashed and got stuck in the corner by a teammate (RADIO): Fire in the hole!,(RADIO): Fire in the hole!,(RADIO): Fire in the hole! And both die from a grenade gg nice game will rush again with him",
            "review_score": "1"
        },
        {
            "review_text": "it`s ok.:)(2k14) Edit:It`s ok?!That`s all i had to say then? Kinda unfair, given that this is the game of my childhood. Was i a normal grill who loved to spend her whole day with friends back then when it was still OK and actually encouraged to play outside? YUP. But was i also a little geek who couldn`t wait to get back home from school and viciously murder anyone in my path of winning the match?Hells to the yeaah. Note: Can you believe i`m in Medical school, after all of that?  Rainy day cs-playing is the best thing in the world, hands down. This game never gets old.If you haven`t played cs, you`ve lived for nothing. Peace!^^",
            "review_score": "1"
        },
        {
            "review_text": ":)",
            "review_score": "1"
        },
        {
            "review_text": "Great game, hours of joy! Recommended",
            "review_score": "1"
        },
        {
            "review_text": "Best Game ever Old Its Gold :)",
            "review_score": "1"
        },
        {
            "review_text": "A game you can play forever:)",
            "review_score": "1"
        },
        {
            "review_text": "Best multiplayer game in all time!!!",
            "review_score": "1"
        },
        {
            "review_text": "This game is ♥♥♥♥in awesome!",
            "review_score": "1"
        },
        {
            "review_text": "Old school,lost half of my life on it.GG",
            "review_score": "1"
        },
        {
            "review_text": "1.6  ..name  is enough",
            "review_score": "1"
        },
        {
            "review_text": "Classics. If you never played - you MUST do it. THe third PC game I will propose to my children when they will be mature enough - after DOOM and Quake, of course",
            "review_score": "1"
        },
        {
            "review_text": "Old but Gold :)",
            "review_score": "1"
        },
        {
            "review_text": "Mind blowing graphics, better than 2034 source 3 engine physics too.",
            "review_score": "1"
        },
        {
            "review_text": "Best game 4ever, no game is gonna beat this",
            "review_score": "1"
        },
        {
            "review_text": "buy counter-strike 1,6",
            "review_score": "1"
        },
        {
            "review_text": "Classic is always Best &lt;3",
            "review_score": "1"
        },
        {
            "review_text": "Omg, This Game is 1st best games in 2009-2011. &lt;3 i will never stop playing,  NEVER    ",
            "review_score": "1"
        },
        {
            "review_text": "Game which dragged me in gaming, as outdated and old it is, the best memories for me lies within this game. I mainly played because of mods, which were great, like Zombie Mod, Death Run and WC3FT Mod",
            "review_score": "1"
        },
        {
            "review_text": "Seriously im playing this game because of kreedz mod and climbing other than that is ♥♥♥♥ but still cool tho",
            "review_score": "1"
        },
        {
            "review_text": "the best!",
            "review_score": "1"
        },
        {
            "review_text": "Great!",
            "review_score": "1"
        },
        {
            "review_text": "(-:",
            "review_score": "1"
        },
        {
            "review_text": "I don't have to talk much about this game... It's so perfect! I know people who have got about 4000 hours on this game :o and they are not bored yet:)",
            "review_score": "1"
        },
        {
            "review_text": ":)",
            "review_score": "1"
        },
        {
            "review_text": "Great!",
            "review_score": "1"
        },
        {
            "review_text": "The best Multiplayer FPS of all time.",
            "review_score": "1"
        },
        {
            "review_text": "A must have classic for every FPS player !",
            "review_score": "1"
        },
        {
            "review_text": "u don't have NoSpread lel, this game only for Legit.",
            "review_score": "1"
        },
        {
            "review_text": "Who didn't play this awesome game while growing up? Oh ya... me. And boy did I miss out!",
            "review_score": "1"
        },
        {
            "review_text": "Still a better love story than Twilight!!!",
            "review_score": "1"
        },
        {
            "review_text": "  is this mincraft 2.0",
            "review_score": "1"
        },
        {
            "review_text": "better than csgo =P",
            "review_score": "1"
        },
        {
            "review_text": "This game is so amazing and I hope it never get older!",
            "review_score": "1"
        },
        {
            "review_text": "Just buy it !!",
            "review_score": "1"
        },
        {
            "review_text": "~|^Kn!gHtM@Re^|~ Auto-Mix Server 103.2.238.234:27015  All the cs fans are welcomed..!",
            "review_score": "1"
        },
        {
            "review_text": ".",
            "review_score": "1"
        },
        {
            "review_text": "Yes i recommend this game :D",
            "review_score": "1"
        },
        {
            "review_text": "Ruined my life. 10/10",
            "review_score": "1"
        },
        {
            "review_text": "The BEST game",
            "review_score": "1"
        },
        {
            "review_text": "its super awesome ♥♥♥♥ yeah",
            "review_score": "1"
        },
        {
            "review_text": "all these years and still playing this, says how good the game is.",
            "review_score": "1"
        },
        {
            "review_text": ".",
            "review_score": "1"
        },
        {
            "review_text": "nice game 'best game'",
            "review_score": "1"
        },
        {
            "review_text": "It was and still No. 1 online game &lt;333",
            "review_score": "1"
        },
        {
            "review_text": "Good The best game",
            "review_score": "1"
        },
        {
            "review_text": ":)",
            "review_score": "1"
        },
        {
            "review_text": "The best multiplayer game ever. 3000 hours of happy and smile with friends.",
            "review_score": "1"
        },
        {
            "review_text": "This game... Lots of memories. Lot of spent time playing this game in childhood, still having nostalgic feelings. I still play this game sometimes and it still makes me happy. c:",
            "review_score": "1"
        },
        {
            "review_text": "A great game!!!",
            "review_score": "1"
        },
        {
            "review_text": ";)",
            "review_score": "1"
        },
        {
            "review_text": "Easy to learn. Hard to master.",
            "review_score": "1"
        },
        {
            "review_text": "This game changed gaming as a whole. One of the best FPS of all time, if not the best. But its all about the gameplay. Its how CS plays that will get you. Huge online community, thousands of mods, nostalgic graphics, excellent gameplay, nice sound effects even if they r outdated. CS 1.6 is my favorite FPS and is much better than Global Offensive in all aspects. I played this game so much before i got Steam, this game is just spetacular. Even in non-steam gaming, lan houses,competitive play, CS 1.6 is still incredibly popular. 10/10, congratulations to the developers.",
            "review_score": "1"
        },
        {
            "review_text": "The Best FPS :D",
            "review_score": "1"
        },
        {
            "review_text": "While starting to show its age, Counter-Strike is a classic that you just have to play!",
            "review_score": "1"
        },
        {
            "review_text": "1 Word 'Classic' :D",
            "review_score": "1"
        },
        {
            "review_text": "The most addictive thing , EVER!",
            "review_score": "1"
        },
        {
            "review_text": "brb gonna learn russian",
            "review_score": "1"
        },
        {
            "review_text": "Very cooool game :)!!!! I Llike This GAME :d",
            "review_score": "1"
        },
        {
            "review_text": "The greatest multiplayer shooter experience I've had since Quake 1. The e-sport scene also helped it alot, it's the only computer game I've really followed when it comes to e-sports (back when I followed the CPL etc). The design of the game was simple but very effective and delivered a multiplayer experience that few other games can match. The Call of Duty and Battlefield titles, although good in their own right, never drew me in like Counter-Strike.",
            "review_score": "1"
        },
        {
            "review_text": "Old but gold !",
            "review_score": "1"
        },
        {
            "review_text": "After 16 years of existence, this legendary game is still in the Steam top 10 most played multiplayer games in the world. it's one of the best shouter games ever made !! you can't get bored of this one, trust me i have about 1.3k hours here on steam &amp; more than 2k on the non steam version =) but ppl left it to play 'modern games' like cs go &amp; battlefield &amp; COD .. what a shame !! there still some alive communities &amp; servers so don't be afraid ... but the sad thing is that there are many cheaters (you will get used to see them anyways, thank god there are many admins who can take care of them) i love this game so much but after all maybe this it's the right time to let it go. maybe one day i will comeback to find it alive again like the old days, maybe one day :) anyways, i totally recommend this game for everyone! don't be shy go buy it now if you didn't already do !' this is a must have one !'",
            "review_score": "1"
        },
        {
            "review_text": "Nice game :D",
            "review_score": "1"
        },
        {
            "review_text": "I always love returning to this classic game. Only love for this one &lt;3",
            "review_score": "1"
        },
        {
            "review_text": "i7 4790k, GTX 970, 16GB RAM  PC too ♥♥♥♥♥♥, can't run this game  KarambitFullFade/10",
            "review_score": "1"
        },
        {
            "review_text": "Its the best game i have ever played!",
            "review_score": "1"
        },
        {
            "review_text": "Old School Rules B-)",
            "review_score": "1"
        },
        {
            "review_text": "After years, it`s still very fun to play with friends.",
            "review_score": "1"
        },
        {
            "review_text": "The best porn game ;)",
            "review_score": "1"
        },
        {
            "review_text": "The year is 1987.........................................  ut's time to fight back",
            "review_score": "1"
        },
        {
            "review_text": "Counter Strike Is Best Game In The World:*",
            "review_score": "1"
        },
        {
            "review_text": "Old But Gold",
            "review_score": "1"
        },
        {
            "review_text": "Counter-Strike was one of the first video games I have ever played and will always be up there in my list of favorite games.  I had just installed it. It was my first multiplayer game and I though I'm too new to play against players so I played only with bots slowly progressing from easy to to the hard ones. Then one day I joined a Dust II DM server. It was chaotic, but fun. I didn't even know the map then, but I learned it by playing lots of DM. I slowly climbed the integrated server ranks and made friends with one of the admins...then after a while the server disappeared.  After that I found out about deathrun. I was horrible at it, but the regulars helped me and I started visiting the server more and more. Apparently the same server chain had a gun game server too. Now that was amazing. Completely different people played there, but again friendly ones. After a couple of months the server chain was shut down...  I continued playing aim, awp, jailbreak and other mods. I didn't even play the classic mode, it wasn't of that big interest to me, though after a couple of months I stopped playing CS.  I can't not recommend this game, because I have so many memories from it. Nostalgia.",
            "review_score": "1"
        },
        {
            "review_text": ".",
            "review_score": "1"
        },
        {
            "review_text": "Cool and classic.who love this oldschool game.you can try!",
            "review_score": "1"
        },
        {
            "review_text": "nice game old school",
            "review_score": "1"
        },
        {
            "review_text": "it's ok",
            "review_score": "1"
        },
        {
            "review_text": "1337",
            "review_score": "1"
        },
        {
            "review_text": "Old but gold. :)",
            "review_score": "1"
        },
        {
            "review_text": "the best of the best cs 1.6 &lt;3",
            "review_score": "1"
        },
        {
            "review_text": "An old game but it keeps you in it :D",
            "review_score": "1"
        },
        {
            "review_text": "Classic Shooter, good",
            "review_score": "1"
        },
        {
            "review_text": ":)",
            "review_score": "1"
        },
        {
            "review_text": ":)",
            "review_score": "1"
        },
        {
            "review_text": "Old but gold",
            "review_score": "1"
        },
        {
            "review_text": "I really recommend this for people who want to play an old school, simple shooter. A lot of user created modes automaticly downloading in server joining. Really fun even though its old.",
            "review_score": "1"
        },
        {
            "review_text": "best of the best &lt;3",
            "review_score": "1"
        },
        {
            "review_text": "Still the best.",
            "review_score": "1"
        },
        {
            "review_text": "...",
            "review_score": "1"
        },
        {
            "review_text": "The best Game",
            "review_score": "1"
        },
        {
            "review_text": "YES, long live counter strike 1.6 - the best game ever.",
            "review_score": "1"
        },
        {
            "review_text": "Best of Counter Strike!",
            "review_score": "1"
        },
        {
            "review_text": "most awesome game ever.  i play it since betas in 1999.   keep on rockin'!",
            "review_score": "1"
        },
        {
            "review_text": "What a game !! owesome ",
            "review_score": "1"
        },
        {
            "review_text": "The best game ever with the best gameplay.. :))))",
            "review_score": "1"
        },
        {
            "review_text": "...",
            "review_score": "1"
        },
        {
            "review_text": "The best game 4ever",
            "review_score": "1"
        },
        {
            "review_text": "Old School enough sayd!",
            "review_score": "1"
        },
        {
            "review_text": "Played better than most of russians then get banned from server.  10/10 would rek again more russians",
            "review_score": "1"
        },
        {
            "review_text": "Best.FPS.Ever. You may have noticed I have very little hours, that is because, as a young duck, I used to play this game 24/7 at cybercafes vs randoms who played it, basically a LAN there, brings tears to my eyes the experiences I shared with this game and the people at that 1 cybercafe :_(.",
            "review_score": "1"
        },
        {
            "review_text": "Everything at all !",
            "review_score": "1"
        },
        {
            "review_text": "Super legit game, bring 1.6 back, ♥♥♥♥ the rest!",
            "review_score": "1"
        },
        {
            "review_text": "the legend",
            "review_score": "1"
        },
        {
            "review_text": "cs 1.6 forever",
            "review_score": "1"
        },
        {
            "review_text": "Started at the very beginning to play counter strike at 1.3 and since then it was my favorite online FPS game. Played it very long and have to say since than it was and still is perfect. Sad but its old, and lost its support. Still coming back to remember everything. But now spending time on CS:GO.. If you have an older machine i recommend it to play, cause there are still many servers, and game mods active!",
            "review_score": "1"
        },
        {
            "review_text": "old school out of time ^_^",
            "review_score": "1"
        },
        {
            "review_text": "Nice game...",
            "review_score": "1"
        },
        {
            "review_text": "I really like the game, but I couldn’t find the stupid cake.",
            "review_score": "1"
        },
        {
            "review_text": "Old School classic",
            "review_score": "1"
        },
        {
            "review_text": "The mother of all FPS's around. Definitely recommended.",
            "review_score": "1"
        },
        {
            "review_text": "An absolute classic fps still enjoyable after playing for 8 years",
            "review_score": "1"
        }
    ]
}