{
    "app_id": 1000880,
    "name": "REPTOMOM",
    "release_date": "2019-02-28",
    "developer": [
        "ProblemGamer Productions"
    ],
    "publisher": [
        "ProblemGamer Productions"
    ],
    "platforms": [
        "windows"
    ],
    "required_age": 0,
    "categories": [
        "Single-player",
        "Partial Controller Support"
    ],
    "genres": [
        "Action",
        "Casual",
        "Indie",
        "Early Access"
    ],
    "tags": [
        "Early Access",
        "Action",
        "Indie"
    ],
    "achievements": 9,
    "positive_ratings": 0,
    "negative_ratings": 1,
    "price": 3.99,
    "description": "As REPTOMOM, the fate of dinosauria rests on your cybernetically-enhanced shoulders. Rout the nefarious humans who have taken a quantum-leap to your universe and brainwashed its denizens in a bid to take over. Slash, kick, lase, and blaze your way through 8 areas of classic platforming challenge!",
    "header_img": "https://steamcdn-a.akamaihd.net/steam/apps/1000880/header.jpg?t=1551380404",
    "minimum_requirements": "OS: Windows 7 Memory: 1 GB RAM Graphics: Intel HD Graphics 3000 or higher DirectX: Version 9.0c Storage: 300 MB available space",
    "recommended_requirements": "OS: Windows 7 or higher Memory: 2 GB RAM Graphics: GeForce GT 240 or higher DirectX: Version 10 Storage: 400 MB available space",
    "reviews": []
}