{
    "app_id": 1000380,
    "name": "Rogue Reaper",
    "release_date": "2019-02-01",
    "developer": [
        "Fireroot Studios"
    ],
    "publisher": [
        "Fireroot Studios"
    ],
    "platforms": [
        "windows"
    ],
    "required_age": 0,
    "categories": [
        "Single-player",
        "Steam Achievements"
    ],
    "genres": [
        "Action",
        "Adventure",
        "Free to Play",
        "Indie"
    ],
    "tags": [
        "Free to Play",
        "Action",
        "Indie"
    ],
    "achievements": 10,
    "positive_ratings": 216,
    "negative_ratings": 70,
    "price": 0.0,
    "description": "Rogue Reaper is an action-adventure game, taking place at the end of the Dark Ages during the rise of the plague. Trying to relieve her father from his work of managing the massive influx of souls, the daughter of the Grim Reaper sets out on an adventure to find and destroy the cause of the plague.",
    "header_img": "https://steamcdn-a.akamaihd.net/steam/apps/1000380/header.jpg?t=1549029548",
    "minimum_requirements": "OS: Windows 7 (SP1+) / 8.1 / 10 Processor: Intel Core i5-2300 / AMD FX-4300 Memory: 4 GB RAM Graphics: Nvidia GTX 560 (2GB) / AMD Radeon 7850 (2GB) DirectX: Version 11 Storage: 1 GB available space Additional Notes: Subject to Change",
    "recommended_requirements": null,
    "reviews": []
}