{
    "app_id": 1000600,
    "name": "The ScreaMaze",
    "release_date": "2019-01-10",
    "developer": [
        "White Puppet Studio"
    ],
    "publisher": [
        "White Puppet Studio"
    ],
    "platforms": [
        "windows"
    ],
    "required_age": 0,
    "categories": [
        "Single-player"
    ],
    "genres": [
        "Indie"
    ],
    "tags": [
        "Indie"
    ],
    "achievements": 0,
    "positive_ratings": 1,
    "negative_ratings": 0,
    "price": 0.79,
    "description": "What score can you reach in this simple horror maze? Can you beat your best score and discover the scariest end?",
    "header_img": "https://steamcdn-a.akamaihd.net/steam/apps/1000600/header.jpg?t=1547144977",
    "minimum_requirements": "Requires a 64-bit processor and operating system OS: Windows 7 64Bit Processor: Dual Core 2GHz Memory: 1 GB RAM Graphics: Intel® HD Graphics DirectX: Version 9.0 Storage: 600 MB available space",
    "recommended_requirements": "Requires a 64-bit processor and operating system OS: Windows 7 64-Bit Processor: Quad Core 3.0GHz or better Memory: 4 GB RAM Graphics: NVIDIA GTX 780 DirectX: Version 11 Storage: 600 MB available space",
    "reviews": []
}