{
    "app_id": 1000980,
    "name": "Kill Tiger",
    "release_date": "2019-03-01",
    "developer": [
        "Koopa Yao"
    ],
    "publisher": [
        "Koopa Yao"
    ],
    "platforms": [
        "windows"
    ],
    "required_age": 0,
    "categories": [
        "Single-player",
        "Full controller support"
    ],
    "genres": [
        "Action",
        "Adventure",
        "Indie"
    ],
    "tags": [
        "Action",
        "Indie",
        "Adventure"
    ],
    "achievements": 0,
    "positive_ratings": 1,
    "negative_ratings": 0,
    "price": 5.19,
    "description": "As the excellent killer,you finally eliminate the last hidden danger of Your Majesty. What you face is not the supreme glory,but the cold shackles. What conspiracy is there behind all this! ? Passing through layers of dense fogs, and getting across the gears layer upon layer, You will search the cruel truth!",
    "header_img": "https://steamcdn-a.akamaihd.net/steam/apps/1000980/header.jpg?t=1551427368",
    "minimum_requirements": "OS: windows 7 Processor: Intel Core2 Duo E8400, 3.0GHz or AMD Athlon 64 X2 6000+, 3.0GHz or higher Memory: 2 GB RAM Graphics: Geforce 9600 GT or AMD HD 3870 512MB or higher DirectX: Version 9.0 Storage: 2 GB available space",
    "recommended_requirements": null,
    "reviews": []
}