{
    "app_id": 1000830,
    "name": "Gachi Finder 3000",
    "release_date": "2019-01-08",
    "developer": [
        "AllianceInFaith",
        "Toka"
    ],
    "publisher": [
        "AllianceInFaith"
    ],
    "platforms": [
        "windows"
    ],
    "required_age": 0,
    "categories": [
        "Single-player",
        "Stats"
    ],
    "genres": [
        "Casual",
        "Indie",
        "Strategy"
    ],
    "tags": [
        "Casual",
        "Sexual Content",
        "Indie"
    ],
    "achievements": 27,
    "positive_ratings": 54,
    "negative_ratings": 1,
    "price": 0.79,
    "description": "Gachi Finder 3000 is a game about deep dark fantasies, of finding characters from Gachimuchi. The amazing journey in which you find your favorite Gachimuchi characters will leave you in a state of euphoria. How deep can you make it?",
    "header_img": "https://steamcdn-a.akamaihd.net/steam/apps/1000830/header.jpg?t=1546945883",
    "minimum_requirements": "OS: Windows 7 Processor: Intel Core i7-3770 / AMD FX-9590 or better Memory: 2 GB RAM Graphics: GTX 670 2GB / AMD R9 280 better Storage: 100 MB available space",
    "recommended_requirements": "OS: Windows 10 Processor: Intel Core i7-4690K / AMD Ryzen 5 1600 Memory: 6 GB RAM Graphics: GTX 980 / AMD R9 Fury Storage: 300 MB available space",
    "reviews": []
}