{
    "app_id": 1000540,
    "name": "Tactical Control",
    "release_date": "2019-03-21",
    "developer": [
        "Hellride Games"
    ],
    "publisher": [
        "Hellride Games"
    ],
    "platforms": [
        "windows"
    ],
    "required_age": 0,
    "categories": [
        "Online Multi-Player",
        "Steam Achievements",
        "Stats"
    ],
    "genres": [
        "Casual",
        "Free to Play",
        "Indie",
        "Strategy"
    ],
    "tags": [
        "Free to Play",
        "Casual",
        "Strategy"
    ],
    "achievements": 25,
    "positive_ratings": 23,
    "negative_ratings": 4,
    "price": 0.0,
    "description": "Tactical Control: the 7-minute wargame. Simplified strategy with minimalist graphics and quick, intense games. Play short matches against random opponents. Fight tense battles of stealth, anticipation and surprise. Win with strategy, deception and cleverness, not with reflexes and clicking speed.",
    "header_img": "https://steamcdn-a.akamaihd.net/steam/apps/1000540/header.jpg?t=1553210986",
    "minimum_requirements": "OS: Windows 7 or newer Processor: SSE2 instruction set support Memory: 256 MB RAM Graphics: DX9 DirectX: Version 9.0 Network: Broadband Internet connection Storage: 512 MB available space",
    "recommended_requirements": null,
    "reviews": []
}