{
    "app_id": 1000370,
    "name": "SurReal Subway",
    "release_date": "2019-01-03",
    "developer": [
        "LFiO Studio"
    ],
    "publisher": [
        "LFiO Studio"
    ],
    "platforms": [
        "windows"
    ],
    "required_age": 0,
    "categories": [
        "Single-player"
    ],
    "genres": [
        "Indie"
    ],
    "tags": [
        "Indie",
        "Horror",
        "VR"
    ],
    "achievements": 0,
    "positive_ratings": 0,
    "negative_ratings": 1,
    "price": 2.89,
    "description": "It's a Horror game with a subway background.",
    "header_img": "https://steamcdn-a.akamaihd.net/steam/apps/1000370/header.jpg?t=1548594300",
    "minimum_requirements": "Requires a 64-bit processor and operating system OS: Windows™ 7 SP1, Windows™ 8.1 or later or Windows™ 10 Processor: Intel™ Core™ i5-4590 / AMD FX™ 8350, equivalent or better Memory: 4 GB RAM Graphics: NVIDIA GeForce™ GTX 1050/ AMD Radeon™ RX 290 , equivalent or better Storage: 2 GB available space",
    "recommended_requirements": "Requires a 64-bit processor and operating system OS: Windows™ 7 SP1, Windows™ 8.1 or later or Windows™ 10 Processor: Intel™ Core™ i5-4590 / AMD FX™ 8350, equivalent or better Memory: 4 GB RAM Graphics: NVIDIA GeForce™ GTX 1060 / AMD Radeon™ RX 480,  equivalent or better Storage: 2 GB available space",
    "reviews": []
}