{
    "app_id": 1000790,
    "name": "Flex Apocalypse Racing",
    "release_date": "2019-01-01",
    "developer": [
        "Nikita \"Ghost_RUS\""
    ],
    "publisher": [
        "Ghost_RUS Games"
    ],
    "platforms": [
        "windows"
    ],
    "required_age": 0,
    "categories": [
        "Single-player",
        "Steam Achievements"
    ],
    "genres": [
        "Indie",
        "Racing",
        "Simulation",
        "Sports"
    ],
    "tags": [
        "Indie",
        "Simulation",
        "Racing"
    ],
    "achievements": 1,
    "positive_ratings": 2,
    "negative_ratings": 2,
    "price": 0.79,
    "description": "These are races in which you need to complete tracks as quickly as possible.",
    "header_img": "https://steamcdn-a.akamaihd.net/steam/apps/1000790/header.jpg?t=1546339360",
    "minimum_requirements": "Requires a 64-bit processor and operating system OS: Windows 7\\8\\10 Processor: Intel Core I5 Memory: 4 GB RAM Graphics: Nvidia 700 series DirectX: Version 10 Storage: 1 GB available space Sound Card: DirectX Compatible Sound Card with latest drivers",
    "recommended_requirements": "Requires a 64-bit processor and operating system OS: Windows 10 Processor: Intel Core I7 Memory: 6 GB RAM Graphics: Nvidia 900 series Storage: 1 GB available space Sound Card: DirectX Compatible Sound Card with latest drivers Additional Notes: Recomended 1920x1080 resolution",
    "reviews": []
}