{
    "app_id": 1000810,
    "name": "RogueCraft Squadron",
    "release_date": "2019-02-18",
    "developer": [
        "Missing Sentinel Software"
    ],
    "publisher": [
        "Missing Sentinel Software"
    ],
    "platforms": [
        "windows",
        "mac",
        "linux"
    ],
    "required_age": 0,
    "categories": [
        "Single-player",
        "Multi-player",
        "Online Multi-Player",
        "Co-op",
        "Online Co-op"
    ],
    "genres": [
        "Indie",
        "Strategy"
    ],
    "tags": [
        "Strategy",
        "Indie",
        "RTS"
    ],
    "achievements": 0,
    "positive_ratings": 4,
    "negative_ratings": 1,
    "price": 11.39,
    "description": "RogueCraft Squadron is a fast paced real-time strategy space adventure with roguelike elements. Play as a squadron commander fighting against a hostile alien race; collecting resources, researching new ships and building an armada as you fight to survive against overwhelming odds.",
    "header_img": "https://steamcdn-a.akamaihd.net/steam/apps/1000810/header.jpg?t=1550625788",
    "minimum_requirements": "Минимальные: ОС: XP or newer Процессор: Intel Core i5 Оперативная память: 4 GB ОЗУ Видеокарта: Intel HD 5000 or better Место на диске: 500 MB",
    "recommended_requirements": null,
    "reviews": []
}