{
    "app_id": 1000990,
    "name": "Gun Beat",
    "release_date": "2019-01-14",
    "developer": [
        "Gun Beat"
    ],
    "publisher": [
        "Gun Beat"
    ],
    "platforms": [
        "windows"
    ],
    "required_age": 0,
    "categories": [
        "Single-player"
    ],
    "genres": [
        "Action",
        "Casual",
        "Indie"
    ],
    "tags": [
        "Action",
        "Indie",
        "Casual"
    ],
    "achievements": 0,
    "positive_ratings": 8,
    "negative_ratings": 2,
    "price": 5.19,
    "description": "Beat enemies to the beat. Avoid bullets to survive. ‘Gun Beat’ is a VR game that combines rhythm and shooting. Beat the enemy with a rhythm! Oh, don't forget to avoid bullets, too!",
    "header_img": "https://steamcdn-a.akamaihd.net/steam/apps/1000990/header.jpg?t=1547604234",
    "minimum_requirements": "OS: window 10 Processor: Intel(R) Core(TM) i5-4590 CPU Memory: 4 GB RAM Graphics: NVIDIA GeForce GTX970 DirectX: Version 11 Storage: 600 MB available space",
    "recommended_requirements": null,
    "reviews": []
}