{
    "app_id": 1000110,
    "name": "Jumping Master(跳跳大咖)",
    "release_date": "2019-04-08",
    "developer": [
        "重庆环游者网络科技"
    ],
    "publisher": [
        "重庆环游者网络科技"
    ],
    "platforms": [
        "windows"
    ],
    "required_age": 0,
    "categories": [
        "Single-player",
        "Multi-player",
        "Online Multi-Player",
        "Co-op",
        "Online Co-op"
    ],
    "genres": [
        "Action",
        "Adventure",
        "Casual",
        "Free to Play",
        "Massively Multiplayer"
    ],
    "tags": [
        "Free to Play",
        "Massively Multiplayer",
        "Action"
    ],
    "achievements": 0,
    "positive_ratings": 20,
    "negative_ratings": 7,
    "price": 0.0,
    "description": "Jumping Master is a innovative casual competitive game fully merged with classic gameplay of mushroom game. It aims to help us revisit the classic mushroom game in our chlidhood.",
    "header_img": "https://steamcdn-a.akamaihd.net/steam/apps/1000110/header.jpg?t=1554779049",
    "minimum_requirements": "OS: Windows 7 Memory: 2 GB RAM Network: Broadband Internet connection",
    "recommended_requirements": "OS: Windows 7",
    "reviews": []
}