{
    "app_id": 1000870,
    "name": "On Target VR Darts",
    "release_date": "2019-03-08",
    "developer": [
        "Colugo Productions Inc."
    ],
    "publisher": [
        "Colugo Productions Inc."
    ],
    "platforms": [
        "windows"
    ],
    "required_age": 0,
    "categories": [
        "Single-player"
    ],
    "genres": [
        "Casual",
        "Simulation",
        "Sports",
        "Early Access"
    ],
    "tags": [
        "Early Access",
        "Simulation",
        "Sports"
    ],
    "achievements": 0,
    "positive_ratings": 0,
    "negative_ratings": 1,
    "price": 10.29,
    "description": "On Target VR Darts is a realistic physics-based darts simulation. Play a game of Freethrow or 301/501 versus AI in The Black Hat Tavern. This fully immersive VR darts experience is unlike anything you’ve ever experienced. Multiplayer with additional game modes coming soon!",
    "header_img": "https://steamcdn-a.akamaihd.net/steam/apps/1000870/header.jpg?t=1554754713",
    "minimum_requirements": "OS: Windows 10 Processor: i5-6400 equivalent or greater Memory: 8 GB RAM Graphics: Nvidia GTX 970 equivalent or greater DirectX: Version 12 Network: Broadband Internet connection Storage: 2500 MB available space",
    "recommended_requirements": null,
    "reviews": []
}