{
    "app_id": 1001550,
    "name": "In Orbit",
    "release_date": "2019-01-18",
    "developer": [
        "MAP Design Lab"
    ],
    "publisher": [
        "MAP Design Lab"
    ],
    "platforms": [
        "windows"
    ],
    "required_age": 0,
    "categories": [
        "Single-player"
    ],
    "genres": [
        "Indie",
        "Simulation"
    ],
    "tags": [
        "Indie",
        "Simulation",
        "VR"
    ],
    "achievements": 0,
    "positive_ratings": 3,
    "negative_ratings": 2,
    "price": 0.0,
    "description": "In Orbit transforms data collected by NASA’s “Eyes on Earth”—the satellites relaying information about our climate, oceans, and soil from space—into a multisensory, interactive experience that celebrates the marvelous complexities of our planet and our drive to unravel them.",
    "header_img": "https://steamcdn-a.akamaihd.net/steam/apps/1001550/header.jpg?t=1550597592",
    "minimum_requirements": "Requires a 64-bit processor and operating system OS: Windows 10 Processor: Intel Core i5-4590 (AMD FX 8350) or better Memory: 4 GB RAM Graphics: GeForce GTX 970 (AMD Radeon R9 290) or better DirectX: Version 11 Storage: 500 MB available space",
    "recommended_requirements": "Requires a 64-bit processor and operating system OS: Windows 10 Processor: Intel Core i5-4590 (AMD FX 8350) or better Memory: 6 GB RAM Graphics: GeForce GTX 970 (AMD Radeon R9 290) or better DirectX: Version 11 Storage: 500 MB available space",
    "reviews": []
}