{
    "app_id": 1001500,
    "name": "Chronicon Apocalyptica",
    "release_date": "2019-01-11",
    "developer": [
        "Choice of Games"
    ],
    "publisher": [
        "Choice of Games"
    ],
    "platforms": [
        "windows",
        "mac",
        "linux"
    ],
    "required_age": 0,
    "categories": [
        "Single-player",
        "Steam Achievements",
        "Steam Cloud"
    ],
    "genres": [
        "Adventure",
        "Indie",
        "RPG"
    ],
    "tags": [
        "Adventure",
        "Indie",
        "RPG"
    ],
    "achievements": 43,
    "positive_ratings": 4,
    "negative_ratings": 1,
    "price": 4.79,
    "description": "Battle Norse raiders, ghosts, and changelings to save medieval England! But beware, if the elves can capture the Book you hold, the world will end.",
    "header_img": "https://steamcdn-a.akamaihd.net/steam/apps/1001500/header.jpg?t=1547258371",
    "minimum_requirements": "OS: Windows 7",
    "recommended_requirements": null,
    "reviews": []
}