{
    "app_id": 1001570,
    "name": "GUIDE",
    "release_date": "2019-04-16",
    "developer": [
        "Reframe Games Inc."
    ],
    "publisher": [
        "Reframe Games Inc."
    ],
    "platforms": [
        "windows"
    ],
    "required_age": 0,
    "categories": [
        "Single-player"
    ],
    "genres": [
        "Indie"
    ],
    "tags": [
        "Indie"
    ],
    "achievements": 0,
    "positive_ratings": 1,
    "negative_ratings": 0,
    "price": 3.99,
    "description": "GUIDE was developed by Reframe Games Inc., a New Brunswick based studio that seeks to promote child and youth wellness through digital game software.",
    "header_img": "https://steamcdn-a.akamaihd.net/steam/apps/1001570/header.jpg?t=1555424987",
    "minimum_requirements": "OS: Windows XP, Vista, 7, or 10 Memory: 512 MB RAM Graphics: 256MB DirectX: Version 9.0c Storage: 200 MB available space",
    "recommended_requirements": "OS: Windows XP, Vista, 7, or 10 Processor: 2GHz+ Memory: 4 GB RAM Graphics: 1 GB DirectX: Version 11 Storage: 200 MB available space",
    "reviews": []
}