{
    "app_id": 1001140,
    "name": "Angry Birds VR: Isle of Pigs",
    "release_date": "2019-02-07",
    "developer": [
        "Resolution Games"
    ],
    "publisher": [
        "Resolution Games"
    ],
    "platforms": [
        "windows"
    ],
    "required_age": 0,
    "categories": [
        "Single-player"
    ],
    "genres": [
        "Casual"
    ],
    "tags": [
        "Casual",
        "Gore",
        "Puzzle"
    ],
    "achievements": 0,
    "positive_ratings": 74,
    "negative_ratings": 10,
    "price": 11.39,
    "description": "Join Red, Chuck, Bomb and the Blues to save the stolen eggs in Angry Birds VR: Isle of Pigs, an immersive VR adventure! Discover the remote island where the greedy green pigs take their vacation in 50+ fun-filled levels - with more to come!",
    "header_img": "https://steamcdn-a.akamaihd.net/steam/apps/1001140/header.jpg?t=1553603935",
    "minimum_requirements": "Requires a 64-bit processor and operating system OS: Windows 10 Processor: Intel Core i5-4590/AMD FX 8350 equivalent or better Memory: 8 GB RAM Graphics: NVIDIA GTX 1050 Ti / AMD Radeon RX 470 or greater DirectX: Version 11 Storage: 400 MB available space",
    "recommended_requirements": "Requires a 64-bit processor and operating system OS: Windows 10 Processor: Intel Core i5-4590/AMD Ryzen 5 1500X or greater Memory: 8 GB RAM Graphics: NVIDIA GTX 1060 / AMD Radeon RX 480 or greater DirectX: Version 11 Storage: 400 MB available space",
    "reviews": []
}