{
    "app_id": 1001660,
    "name": "The Demon Crystal",
    "release_date": "2019-03-28",
    "developer": [
        "YMCAT/Regista"
    ],
    "publisher": [
        "Regista"
    ],
    "platforms": [
        "windows"
    ],
    "required_age": 0,
    "categories": [
        "Single-player",
        "Full controller support"
    ],
    "genres": [
        "Action",
        "Adventure",
        "Casual",
        "RPG"
    ],
    "tags": [
        "Action",
        "Casual",
        "Adventure"
    ],
    "achievements": 0,
    "positive_ratings": 3,
    "negative_ratings": 0,
    "price": 7.19,
    "description": "The Demon Crystal, produced in 1984 by YMCAT, achieved great success as the pioneer of the action RPG genre and became a nation-wide hit. The first game in a trilogy, it is known as a &quot;legendary game.",
    "header_img": "https://steamcdn-a.akamaihd.net/steam/apps/1001660/header.jpg?t=1553819980",
    "minimum_requirements": "OS: Windows 7 Processor: Intel Core 2 Duo Memory: 1 GB RAM DirectX: Version 9.0c Storage: 512 MB available space Additional Notes: キーボードプレイ対応",
    "recommended_requirements": "OS: Windows 10 Processor: Intel Core i5 Memory: 4 GB RAM DirectX: Version 11 Storage: 1 GB available space Additional Notes: USBゲームパッド(8方向2ボタン)推奨",
    "reviews": []
}