{
    "app_id": 1001880,
    "name": "aMAZE Valentine",
    "release_date": "2018-12-28",
    "developer": [
        "Blender Games"
    ],
    "publisher": [
        "Blender Games"
    ],
    "platforms": [
        "windows"
    ],
    "required_age": 0,
    "categories": [
        "Single-player",
        "Steam Achievements"
    ],
    "genres": [
        "Casual",
        "Indie"
    ],
    "tags": [
        "Casual",
        "Indie",
        "Puzzle"
    ],
    "achievements": 100,
    "positive_ratings": 13,
    "negative_ratings": 2,
    "price": 0.79,
    "description": "aMAZE Valentine is a straightforward and surprisingly - difficult celebration of the simple beauty of the maze with romantic art and calm soundtrack.",
    "header_img": "https://steamcdn-a.akamaihd.net/steam/apps/1001880/header.jpg?t=1547373823",
    "minimum_requirements": "OS: Windows 7, 8.1, 10 Processor: Intel or AMD 2 GHz Memory: 2 GB RAM Graphics: Any",
    "recommended_requirements": null,
    "reviews": []
}