{
    "app_id": 1001070,
    "name": "Koi",
    "release_date": "2019-02-22",
    "developer": [
        "Dotoyou Games"
    ],
    "publisher": [
        "Dotoyou Games"
    ],
    "platforms": [
        "windows"
    ],
    "required_age": 0,
    "categories": [
        "Single-player",
        "Steam Achievements",
        "Full controller support",
        "Steam Cloud"
    ],
    "genres": [
        "Adventure",
        "Casual",
        "Indie"
    ],
    "tags": [
        "Indie",
        "Casual",
        "Adventure"
    ],
    "achievements": 19,
    "positive_ratings": 38,
    "negative_ratings": 4,
    "price": 0.79,
    "description": "KOI is an award-winning exploration adventure game that details the story of a small koi on a grand adventure",
    "header_img": "https://steamcdn-a.akamaihd.net/steam/apps/1001070/header.jpg?t=1551016830",
    "minimum_requirements": "OS: Window 7 sp1 Processor: 2.0 Ghz Memory: 2 GB RAM Graphics: 128mb Video Memory, capable of Shader Model 2.0+ DirectX: Version 9.0c Storage: 2 GB available space Sound Card: Any",
    "recommended_requirements": "OS: Window 7/8/10 Processor: Dual Core 3.0 Ghz Memory: 2 GB RAM Graphics: 256mb Video Memory, capable of Shader Model 2.0+ DirectX: Version 9.0c Storage: 2 GB available space Sound Card: Any",
    "reviews": []
}