{
    "app_id": 1001760,
    "name": "Xtreme League",
    "release_date": "2019-03-07",
    "developer": [
        "Winter Legend"
    ],
    "publisher": [
        "Winter Legend"
    ],
    "platforms": [
        "windows",
        "mac"
    ],
    "required_age": 0,
    "categories": [
        "Single-player",
        "Steam Achievements"
    ],
    "genres": [
        "Indie",
        "Sports"
    ],
    "tags": [
        "Sports",
        "Indie",
        "Action"
    ],
    "achievements": 9,
    "positive_ratings": 0,
    "negative_ratings": 2,
    "price": 5.19,
    "description": "Go snowboarding whenever you like, regardless of the weather outside the window! Learn new tracks and renew your board! Xtreme League is waiting for you!",
    "header_img": "https://steamcdn-a.akamaihd.net/steam/apps/1001760/header.jpg?t=1552278705",
    "minimum_requirements": "OS: Windows 7 Processor: 2.0 GHz Dual Core Memory: 4 GB RAM Graphics: NVIDIA Geforce GTS 450 or AMD Radeon HD 6750 DirectX: Version 9.0 Storage: 400 MB available space",
    "recommended_requirements": null,
    "reviews": []
}