{
    "app_id": 1001490,
    "name": "Tower Behind the Moon",
    "release_date": "2018-12-20",
    "developer": [
        "Choice of Games"
    ],
    "publisher": [
        "Choice of Games"
    ],
    "platforms": [
        "windows",
        "mac",
        "linux"
    ],
    "required_age": 0,
    "categories": [
        "Single-player",
        "Steam Achievements",
        "Steam Cloud"
    ],
    "genres": [
        "Adventure",
        "Indie",
        "RPG"
    ],
    "tags": [
        "Adventure",
        "RPG",
        "Indie"
    ],
    "achievements": 35,
    "positive_ratings": 6,
    "negative_ratings": 4,
    "price": 5.19,
    "description": "You are the greatest magician in the Sublunar World. It is not enough. As a rare Conjunction approaches, immortality is within reach. But the gods have noticed you trying to unlock the doors of heaven. Some demand you ascend–or else–while others plot your destruction.",
    "header_img": "https://steamcdn-a.akamaihd.net/steam/apps/1001490/header.jpg?t=1545325232",
    "minimum_requirements": "OS: Windows 7",
    "recommended_requirements": null,
    "reviews": []
}