{
    "app_id": 1001430,
    "name": "Next Stop 3",
    "release_date": "2019-03-09",
    "developer": [
        "Ladia Group"
    ],
    "publisher": [
        "Ladia Group"
    ],
    "platforms": [
        "windows",
        "mac"
    ],
    "required_age": 0,
    "categories": [
        "Single-player"
    ],
    "genres": [
        "Casual",
        "Simulation",
        "Strategy"
    ],
    "tags": [
        "Casual",
        "Strategy",
        "Simulation"
    ],
    "achievements": 0,
    "positive_ratings": 4,
    "negative_ratings": 0,
    "price": 5.19,
    "description": "Margaret needs your help once again! You must repair the railway over 50 levels, build a sorting center and win in a billion-dollar escapade!",
    "header_img": "https://steamcdn-a.akamaihd.net/steam/apps/1001430/header.jpg?t=1552159765",
    "minimum_requirements": "OS: Win XP / Vista / Win7/ Win8 / Win10 Processor: 1.6GHz Memory: 1 GB RAM DirectX: Version 7.0 Storage: 260 MB available space",
    "recommended_requirements": null,
    "reviews": []
}