{
    "app_id": 1001450,
    "name": "The Town",
    "release_date": "2019-01-22",
    "developer": [
        "WINXP Studio"
    ],
    "publisher": [
        "WINXP Studio"
    ],
    "platforms": [
        "windows"
    ],
    "required_age": 0,
    "categories": [
        "Single-player"
    ],
    "genres": [
        "Adventure",
        "Indie"
    ],
    "tags": [
        "Adventure",
        "Indie",
        "RPGMaker"
    ],
    "achievements": 2,
    "positive_ratings": 1,
    "negative_ratings": 0,
    "price": 1.69,
    "description": "Leo was attacked by mysterious men at night, and when he opened his eyes again, he found himself in a strange town. Leo explored the town alone, and at last he found the great secret of hiding in a small town ...",
    "header_img": "https://steamcdn-a.akamaihd.net/steam/apps/1001450/header.jpg?t=1548151240",
    "minimum_requirements": "OS: Microsoft Windows XP Processor: Intel Pentium 4 2.4GHz Memory: 512 MB RAM Graphics: Intel HD Graphics 2000 Storage: 500 MB available space",
    "recommended_requirements": "OS: Microsoft Windows 7 Processor: Intel Core 2 Duo E8200 Memory: 1024 MB RAM Graphics: NVIDIA GeForce GT 620 DirectX: Version 9.0 Storage: 500 MB available space",
    "reviews": []
}