{
    "app_id": 1001240,
    "name": "VR Flight Simulator New York - Cessna",
    "release_date": "2019-01-05",
    "developer": [
        "Thetis Games"
    ],
    "publisher": [
        "Thetis Games"
    ],
    "platforms": [
        "windows"
    ],
    "required_age": 0,
    "categories": [
        "Single-player"
    ],
    "genres": [
        "Simulation"
    ],
    "tags": [
        "Simulation",
        "Flight",
        "VR"
    ],
    "achievements": 0,
    "positive_ratings": 7,
    "negative_ratings": 11,
    "price": 7.19,
    "description": "VR Flight Simulator New York - Cessna is the ultimate Virtual Reality experience for you!Feel like flying a real Cessna 172 in New York city.REAL audios, AMAZING environment, REALISTIC physics for best simulation.",
    "header_img": "https://steamcdn-a.akamaihd.net/steam/apps/1001240/header.jpg?t=1550617302",
    "minimum_requirements": "OS: Windows 7, 8.1, or 10, 64-bit Processor: Intel Quad Core 3 Ghz + Memory: 4 MB RAM Graphics: GTX 970 DirectX: Version 11 Storage: 2 GB available space Sound Card: Default Additional Notes: You need to have a VR Headset. Best suited for Vive and Vive PRO. All content is already on the simulator. No extra download needed.",
    "recommended_requirements": "OS: Windows 7, 8.1, or 10, 64-bit Processor: Intel Quad Core 3 Ghz + Memory: 8 MB RAM Graphics: GTX 980 ti or GTX 1070 DirectX: Version 11 Storage: 2 GB available space Sound Card: Default Additional Notes: You need to have a VR Headset. Best suited for Vive and Vive PRO. All content is already on the simulator. No extra download needed.",
    "reviews": []
}