{
    "app_id": 1001200,
    "name": "ROWROW",
    "release_date": "2019-01-31",
    "developer": [
        "WayWay"
    ],
    "publisher": [
        "WayWay"
    ],
    "platforms": [
        "windows",
        "mac"
    ],
    "required_age": 0,
    "categories": [
        "Single-player",
        "Steam Achievements"
    ],
    "genres": [
        "Casual",
        "Indie",
        "Strategy"
    ],
    "tags": [
        "Casual",
        "Indie",
        "Strategy"
    ],
    "achievements": 8,
    "positive_ratings": 10,
    "negative_ratings": 0,
    "price": 0.79,
    "description": "“RowRow” is a unique sliding puzzle game with more than 100 level of hand crafted stages and diverse puzzle logics. This simple but challenging puzzle will tap into your creative mind.",
    "header_img": "https://steamcdn-a.akamaihd.net/steam/apps/1001200/header.jpg?t=1550171112",
    "minimum_requirements": "OS: Windows 7/8/10 Processor: 2 Ghz Dual Core Memory: 2 GB RAM Graphics: 2 GB RAM DirectX: Version 9.0c Storage: 300 MB available space Sound Card: Any",
    "recommended_requirements": null,
    "reviews": []
}