{
    "app_id": 1001640,
    "name": "Where the Bees Make Honey",
    "release_date": "2019-03-26",
    "developer": [
        "Wakefield Interactive"
    ],
    "publisher": [
        "Whitethorn Digital"
    ],
    "platforms": [
        "windows"
    ],
    "required_age": 0,
    "categories": [
        "Single-player",
        "Steam Achievements",
        "Partial Controller Support"
    ],
    "genres": [
        "Adventure",
        "Indie",
        "Simulation"
    ],
    "tags": [
        "Adventure",
        "Indie",
        "Simulation"
    ],
    "achievements": 15,
    "positive_ratings": 7,
    "negative_ratings": 11,
    "price": 7.19,
    "description": "Where the Bees Make Honey tells a story about reflecting on different moments from a childhood, which are played and experienced from an adult perspective. At its core Where The Bees Make Honey is a narrative puzzle adventure game, with playable childhood moments filtered throughout.",
    "header_img": "https://steamcdn-a.akamaihd.net/steam/apps/1001640/header.jpg?t=1553616004",
    "minimum_requirements": "OS: Windows 7+ Processor: Intel Core i5 Memory: 4 GB RAM Graphics: Nvidia GTX 980 Storage: 6 GB available space",
    "recommended_requirements": "OS: Windows 10 Processor: Intel Core i7 Memory: 8 GB RAM Graphics: Nvidia GTX 1080 or Better Storage: 8 GB available space",
    "reviews": []
}