{
    "app_id": 1001390,
    "name": "VireFit",
    "release_date": "2019-03-25",
    "developer": [
        "Daemon Cat"
    ],
    "publisher": [
        "Daemon Cat"
    ],
    "platforms": [
        "windows"
    ],
    "required_age": 0,
    "categories": [
        "Single-player"
    ],
    "genres": [
        "Simulation",
        "Sports"
    ],
    "tags": [
        "Sports",
        "Simulation",
        "Basketball"
    ],
    "achievements": 0,
    "positive_ratings": 0,
    "negative_ratings": 3,
    "price": 8.29,
    "description": "LOAD THE WORLD OF GREAT SPORT. Box, tennis and basketball try it in virtual reality. Get ready for the real training, practice strikes and throws, develop agility and accuracy, set records and compete with friends.",
    "header_img": "https://steamcdn-a.akamaihd.net/steam/apps/1001390/header.jpg?t=1553521986",
    "minimum_requirements": "OS: Windows 7 SP1, Windows 8.1 or later, Windows 10 Processor: Intel Core i5-4590/AMD FX 8350 equivalent or better Memory: 4 GB RAM Graphics: NVIDIA GeForce GTX 970, AMD Radeon R9 290 equivalent or better Storage: 1 GB available space",
    "recommended_requirements": "OS: Windows 7 SP1, Windows 8.1 or later, Windows 10 Processor: Intel Core i5-4590/AMD FX 8350 equivalent or better Memory: 4 GB RAM Graphics: NVIDIA GeForce GTX 1060, AMD Radeon RX 480 equivalent or better Storage: 1 GB available space",
    "reviews": []
}