{
    "app_id": 1002860,
    "name": "Magus Over Fool",
    "release_date": "2019-02-27",
    "developer": [
        "HYPER GATE"
    ],
    "publisher": [
        "HYPER GATE"
    ],
    "platforms": [
        "windows"
    ],
    "required_age": 0,
    "categories": [
        "Single-player"
    ],
    "genres": [
        "Action",
        "Casual",
        "Indie"
    ],
    "tags": [
        "Action",
        "Indie",
        "Casual"
    ],
    "achievements": 0,
    "positive_ratings": 1,
    "negative_ratings": 0,
    "price": 11.39,
    "description": "Fly to the sky from the bottom of the world! Become 'The Fool' in the world of tarot cards, and to regain the strength that 'The Magus' and the world have reversed.",
    "header_img": "https://steamcdn-a.akamaihd.net/steam/apps/1002860/header.jpg?t=1551256905",
    "minimum_requirements": "OS: window 10 Processor: Intel® Core™ i3 Memory: 1 GB RAM Graphics: NVIDIA® GeForce® GTX 760 Storage: 500 MB available space",
    "recommended_requirements": "OS: window 10 Processor: Intel® Core™ i5 Memory: 4 GB RAM Graphics: NVIDIA® GeForce® GTX 780 Storage: 500 MB available space",
    "reviews": []
}