{
    "app_id": 1002270,
    "name": "PiiSim",
    "release_date": "2019-03-28",
    "developer": [
        "Koker_007"
    ],
    "publisher": [
        "Koker_007"
    ],
    "platforms": [
        "windows"
    ],
    "required_age": 0,
    "categories": [
        "Single-player",
        "Steam Achievements"
    ],
    "genres": [
        "Action",
        "Indie",
        "Simulation",
        "Early Access"
    ],
    "tags": [
        "Early Access",
        "Action",
        "Indie"
    ],
    "achievements": 21,
    "positive_ratings": 1,
    "negative_ratings": 0,
    "price": 2.89,
    "description": "This game with absurd humor. Pee in the toilet, break the toilet, washing machine, make a hole in the wall, piss the police, destroy the city.",
    "header_img": "https://steamcdn-a.akamaihd.net/steam/apps/1002270/header.jpg?t=1553813241",
    "minimum_requirements": "Requires a 64-bit processor and operating system OS: Windows 7 Processor: Intel(R) Core 2 Duo CPU 3.00 GHz Memory: 4096 MB RAM Graphics: GeForce 9600 GT 512MB DirectX: Version 11 Storage: 500 MB available space",
    "recommended_requirements": "Requires a 64-bit processor and operating system",
    "reviews": []
}