{
    "app_id": 1002510,
    "name": "The Spell - A Kinetic Novel",
    "release_date": "2019-01-15",
    "developer": [
        "Hangover Cat Purrroduction"
    ],
    "publisher": [
        "Hangover Cat Purrroduction"
    ],
    "platforms": [
        "windows",
        "mac",
        "linux"
    ],
    "required_age": 0,
    "categories": [
        "Single-player",
        "Steam Cloud"
    ],
    "genres": [
        "Casual",
        "Indie"
    ],
    "tags": [
        "Indie",
        "Casual",
        "Visual Novel"
    ],
    "achievements": 0,
    "positive_ratings": 10,
    "negative_ratings": 0,
    "price": 3.99,
    "description": "After the death of her parents, Eloise is forced to live with her uncle. Though she’s reluctant to the idea, she soon finds out that it’s not nearly as bad as she had envisioned. That is, until she found a weird note concerning her parents’ deaths next to the garbage bin.",
    "header_img": "https://steamcdn-a.akamaihd.net/steam/apps/1002510/header.jpg?t=1547834670",
    "minimum_requirements": "OS: Windows XP or higher Processor: 1.2 GHz Pentium 4 Memory: 1 GB RAM Graphics: 1280 x 720 DirectX: Version 9.0c Storage: 850 MB available space",
    "recommended_requirements": null,
    "reviews": []
}