{
    "app_id": 1002960,
    "name": "Hentai NetWalk",
    "release_date": "2019-04-15",
    "developer": [
        "LeonWaan Games"
    ],
    "publisher": [
        "LeonWaan Games"
    ],
    "platforms": [
        "windows",
        "mac"
    ],
    "required_age": 0,
    "categories": [
        "Single-player"
    ],
    "genres": [
        "Casual",
        "Indie",
        "RPG",
        "Simulation",
        "Strategy"
    ],
    "tags": [
        "Nudity",
        "Sexual Content",
        "Casual"
    ],
    "achievements": 20,
    "positive_ratings": 12,
    "negative_ratings": 6,
    "price": 0.79,
    "description": "Hentai NetWalk is a network construction logic game, and what you need to do is to connect all the devices to the network.",
    "header_img": "https://steamcdn-a.akamaihd.net/steam/apps/1002960/header.jpg?t=1555383384",
    "minimum_requirements": "OS: Windows XP/Vista/7/8/10 Processor: 2 Ghz Dual Core Memory: 2 GB RAM Graphics: Intel HD Graphics 4000 DirectX: Version 9.0c Storage: 100 MB available space Sound Card: Any",
    "recommended_requirements": null,
    "reviews": []
}