{
    "app_id": 1002310,
    "name": "The Childs Sight",
    "release_date": "2019-03-28",
    "developer": [
        "HANNMADE Studios"
    ],
    "publisher": [
        "Forever Entertainment S. A."
    ],
    "platforms": [
        "windows"
    ],
    "required_age": 0,
    "categories": [
        "Single-player"
    ],
    "genres": [
        "Action",
        "Adventure",
        "Casual",
        "Indie",
        "Simulation"
    ],
    "tags": [
        "Indie",
        "Action",
        "Casual"
    ],
    "achievements": 0,
    "positive_ratings": 3,
    "negative_ratings": 0,
    "price": 7.19,
    "description": "See the word through the innocent eyes of a small child. Slowly unravel the story of what has happened, while you were laying in your crib, observing the world around you... Something’s may remain faded but one story sticks with you to this very day.",
    "header_img": "https://steamcdn-a.akamaihd.net/steam/apps/1002310/header.jpg?t=1553799548",
    "minimum_requirements": "OS: Windows 7 Processor: Intel Core i5-4440 (or equivalent) Graphics: nVidia 320M or higher, or Radeon 7000 or higher, or Intel HD 3000 or higher DirectX: Version 9.0c",
    "recommended_requirements": null,
    "reviews": []
}