{
    "app_id": 1002600,
    "name": "Temple of Pizza",
    "release_date": "2019-01-13",
    "developer": [
        "Paul Kohler"
    ],
    "publisher": [
        "Paul Kohler"
    ],
    "platforms": [
        "windows"
    ],
    "required_age": 0,
    "categories": [
        "Single-player"
    ],
    "genres": [
        "Action",
        "Adventure",
        "Casual",
        "Simulation"
    ],
    "tags": [
        "Action",
        "Casual",
        "Simulation"
    ],
    "achievements": 0,
    "positive_ratings": 3,
    "negative_ratings": 1,
    "price": 0.0,
    "description": "Deliver pizzas to a mysterious party taking place in a previously abandoned temple in the woods.",
    "header_img": "https://steamcdn-a.akamaihd.net/steam/apps/1002600/header.jpg?t=1547367820",
    "minimum_requirements": "OS: Windows 7 Processor: Intel® i5-4590/AMD FX 8350 equivalent or greater Memory: 4 GB RAM Graphics: NVIDIA GeForce® GTX 970 / AMD Radeon™ R9 290 equivalent or greater Storage: 250 MB available space",
    "recommended_requirements": "OS: Windows 10 Processor: Intel® i5-4590/AMD FX 8350 equivalent or greater Memory: 4 GB RAM Graphics: NVIDIA GeForce® GTX 970 / AMD Radeon™ R9 290 equivalent or greater Storage: 250 MB available space",
    "reviews": []
}