{
    "app_id": 1002830,
    "name": "Latte Stand Tycoon",
    "release_date": "2019-01-26",
    "developer": [
        "Inner Realm Studios"
    ],
    "publisher": [
        "Angels And Demons"
    ],
    "platforms": [
        "windows",
        "mac",
        "linux"
    ],
    "required_age": 0,
    "categories": [
        "Single-player",
        "Partial Controller Support"
    ],
    "genres": [
        "Adventure",
        "Casual",
        "Indie",
        "RPG",
        "Simulation"
    ],
    "tags": [
        "Indie",
        "Simulation",
        "Adventure"
    ],
    "achievements": 0,
    "positive_ratings": 8,
    "negative_ratings": 4,
    "price": 2.09,
    "description": "Come, join Maya and Mia as they attempt to restore an old family home, and assimilate into the town of Falling Leaves as you learn to mix the perfect latte to fit the ever-changing weather. Can you become a master barista, and change the mood of an ever-gloomy town?",
    "header_img": "https://steamcdn-a.akamaihd.net/steam/apps/1002830/header.jpg?t=1550020552",
    "minimum_requirements": "OS: Windows 7 or higher Processor: Pentium(R) Dual-Core E 5200 2.50GHz or better Memory: 1 GB RAM Storage: 140 MB available space",
    "recommended_requirements": "OS: Windows 7 or higher Processor: Pentium(R) Dual-Core E 5200 2.50GHz or better Memory: 1 MB RAM Storage: 140 MB available space",
    "reviews": []
}