{
    "app_id": 1002650,
    "name": "Puttin' Around",
    "release_date": "2019-03-06",
    "developer": [
        "Better Games LLC"
    ],
    "publisher": [
        "Better Games LLC"
    ],
    "platforms": [
        "windows",
        "mac"
    ],
    "required_age": 0,
    "categories": [
        "Online Multi-Player",
        "Cross-Platform Multiplayer",
        "Steam Achievements",
        "Steam Workshop",
        "Stats",
        "Includes level editor"
    ],
    "genres": [
        "Casual",
        "Indie",
        "Sports",
        "Early Access"
    ],
    "tags": [
        "Early Access",
        "Casual",
        "Indie"
    ],
    "achievements": 3,
    "positive_ratings": 0,
    "negative_ratings": 2,
    "price": 3.99,
    "description": "Ever wanted to experience life as a golf ball? Well now you can! In Puttin' Around, putt yourself across various custom physics-defying worlds! Enjoy friendship-ruining victories with custom maps and game types.",
    "header_img": "https://steamcdn-a.akamaihd.net/steam/apps/1002650/header.jpg?t=1556375366",
    "minimum_requirements": "Requires a 64-bit processor and operating system OS: Windows® Vista/XP Processor: 1.8 GHz Processor Memory: 4 GB RAM Graphics: 512MB dedicated VRAM Network: Broadband Internet connection Storage: 2 GB available space Sound Card: If you want to hear sound, yes",
    "recommended_requirements": "Requires a 64-bit processor and operating system OS: Windows® 10 Processor: 2.0 GHz Processor Memory: 6 GB RAM Graphics: NVIDIA GTX 780 or higher Network: Broadband Internet connection Storage: 2 GB available space Sound Card: yes",
    "reviews": []
}