{
    "app_id": 1002670,
    "name": "SOF - RAIDERS",
    "release_date": "2019-02-15",
    "developer": [
        "HyperKat"
    ],
    "publisher": [
        "HyperKat"
    ],
    "platforms": [
        "windows"
    ],
    "required_age": 0,
    "categories": [
        "Single-player"
    ],
    "genres": [
        "RPG"
    ],
    "tags": [
        "Violent",
        "RPG"
    ],
    "achievements": 0,
    "positive_ratings": 3,
    "negative_ratings": 2,
    "price": 3.99,
    "description": "Special Operations Forces / Raiders - Restore the balance of power. The enemy will adapt, we offer a challenge to the right operator. This is a First Person Shooter with Role Play elements where your choices matter. Take the right mission at the right time or face the consequences.",
    "header_img": "https://steamcdn-a.akamaihd.net/steam/apps/1002670/header.jpg?t=1550273859",
    "minimum_requirements": "OS: Windows 7 Processor: Intel or AMD dual core Memory: 4 GB RAM Graphics: Nvidea 740 DirectX: Version 9.0c Storage: 2 GB available space Sound Card: Any DirectSound XAudio",
    "recommended_requirements": "OS: Windows 7 Processor: Intel or AMD quad core Memory: 8 GB RAM Graphics: Nvidea 900 DirectX: Version 9.0c Storage: 2 GB available space Sound Card: Any DirectSound XAudio",
    "reviews": []
}