{
    "app_id": 1002420,
    "name": "Agartha",
    "release_date": "2019-03-20",
    "developer": [
        "Shindenken"
    ],
    "publisher": [
        "Fruitbat Factory"
    ],
    "platforms": [
        "windows"
    ],
    "required_age": 0,
    "categories": [
        "Single-player",
        "Steam Achievements",
        "Partial Controller Support",
        "Steam Cloud"
    ],
    "genres": [
        "Action",
        "Indie"
    ],
    "tags": [
        "Action",
        "Indie"
    ],
    "achievements": 24,
    "positive_ratings": 3,
    "negative_ratings": 1,
    "price": 7.19,
    "description": "Agartha is an puzzle platformer where you play various adventurers carving out their way through countless levels using very limited resources.",
    "header_img": "https://steamcdn-a.akamaihd.net/steam/apps/1002420/header.jpg?t=1553090558",
    "minimum_requirements": "OS: Windows 10/8/7/Vista Processor: Pentium 2117U 1.8GHz or higher Memory: 4 GB RAM Graphics: 1280x720 or higher resolution Storage: 200 MB available space",
    "recommended_requirements": null,
    "reviews": []
}