{
    "app_id": 1002200,
    "name": "Vasilis",
    "release_date": "2019-04-15",
    "developer": [
        "Marginal act"
    ],
    "publisher": [
        "Marginal act"
    ],
    "platforms": [
        "windows"
    ],
    "required_age": 0,
    "categories": [
        "Single-player",
        "Steam Achievements",
        "Partial Controller Support"
    ],
    "genres": [
        "Adventure",
        "Indie",
        "RPG"
    ],
    "tags": [
        "Adventure",
        "Indie",
        "RPG"
    ],
    "achievements": 19,
    "positive_ratings": 4,
    "negative_ratings": 1,
    "price": 6.19,
    "description": "Vasilis is a hand-drawn adventure game. The main character – Vasilis, lost her husband – Peter, in the rebellious city center. The city is in riots for a long time and almost everyday something burns or someone dies.",
    "header_img": "https://steamcdn-a.akamaihd.net/steam/apps/1002200/header.jpg?t=1555593203",
    "minimum_requirements": "OS: Windows 7,8,10 Processor: 2 GHz Memory: 2000 MB RAM Graphics: GeForce GT 610 / Intel (R) HD Graphics 5300 DirectX: Version 10 Storage: 1900 MB available space",
    "recommended_requirements": null,
    "reviews": []
}