{
    "app_id": 1002280,
    "name": "The Far Kingdoms: Elements",
    "release_date": "2019-01-04",
    "developer": [
        "Lazy Turtle Games"
    ],
    "publisher": [
        "HH-Games"
    ],
    "platforms": [
        "windows"
    ],
    "required_age": 0,
    "categories": [
        "Single-player"
    ],
    "genres": [
        "Casual"
    ],
    "tags": [
        "Casual",
        "Match 3",
        "Indie"
    ],
    "achievements": 0,
    "positive_ratings": 8,
    "negative_ratings": 2,
    "price": 5.19,
    "description": "&quot;The Far Kingdom: Elements&quot; is a mixture between Match3 and hidden object game. Find the essential elements and stop the evil enchantress Morgana by helping princess Arianna to remove the curse from her kingdom!",
    "header_img": "https://steamcdn-a.akamaihd.net/steam/apps/1002280/header.jpg?t=1549351541",
    "minimum_requirements": "OS: Windows XP/Vista/7/10 Processor: 1.0GHz CPU Memory: 256 MB RAM Graphics: 128MB DirectX: Version 9.0 Storage: 500 MB available space Sound Card: DirectX compatible sound card",
    "recommended_requirements": "OS: Windows  XP/Vista/7/10 Processor: 1.2GHz CPU Memory: 256 MB RAM Graphics: 256 MB DirectX: Version 9.0 Storage: 500 MB available space Sound Card: DirectX compatible sound card",
    "reviews": []
}