{
    "app_id": 1002950,
    "name": "Gravity Panda",
    "release_date": "2019-01-11",
    "developer": [
        "Logic Games"
    ],
    "publisher": [
        "Logic Games"
    ],
    "platforms": [
        "windows",
        "mac"
    ],
    "required_age": 0,
    "categories": [
        "Single-player",
        "Steam Achievements",
        "Partial Controller Support",
        "Steam Cloud"
    ],
    "genres": [
        "Adventure",
        "Casual",
        "Indie"
    ],
    "tags": [
        "Indie",
        "Casual",
        "Adventure"
    ],
    "achievements": 18,
    "positive_ratings": 0,
    "negative_ratings": 1,
    "price": 3.99,
    "description": "Gravity Panda is a platform game that changes the direction of gravity and resolve the puzzle.",
    "header_img": "https://steamcdn-a.akamaihd.net/steam/apps/1002950/header.jpg?t=1547539738",
    "minimum_requirements": "Requires a 64-bit processor and operating system OS: Windows 7/8/10 64bit Processor: 1GH Memory: 2 GB RAM DirectX: Version 11 Storage: 230 MB available space",
    "recommended_requirements": "Requires a 64-bit processor and operating system",
    "reviews": []
}