{
    "app_id": 1002890,
    "name": "Galaxity",
    "release_date": "2019-01-24",
    "developer": [
        "MAMMOSSIX Co., Ltd."
    ],
    "publisher": [
        "MAMMOSSIX Co., Ltd."
    ],
    "platforms": [
        "windows"
    ],
    "required_age": 0,
    "categories": [
        "Multi-player",
        "Online Multi-Player",
        "MMO",
        "Online Co-op",
        "Cross-Platform Multiplayer"
    ],
    "genres": [
        "Free to Play",
        "Indie",
        "Massively Multiplayer",
        "Early Access"
    ],
    "tags": [
        "Early Access",
        "Free to Play",
        "Massively Multiplayer"
    ],
    "achievements": 0,
    "positive_ratings": 6,
    "negative_ratings": 4,
    "price": 0.0,
    "description": "Galaxity is a wonderful virtual world. In this game, you can create an avatar and customize it with a variety of costumes. You can also talk to people and become friends with them. Join Galaxity, and enjoy various mini-games and fun videos together!",
    "header_img": "https://steamcdn-a.akamaihd.net/steam/apps/1002890/header.jpg?t=1549850558",
    "minimum_requirements": "Requires a 64-bit processor and operating system OS: Win7 or higher Processor: Core i5-4430 Graphics: NVIDIA GeForce GTX 970 Storage: 2 GB available space",
    "recommended_requirements": "Requires a 64-bit processor and operating system OS: Win7 or higher Processor: Core i5-4430 Graphics: NVIDIA GeForce GTX 970 Storage: 2 GB available space",
    "reviews": []
}