{
    "app_id": 1002980,
    "name": "Symploke: Legend of Gustavo Bueno (Chapter 3)",
    "release_date": "2019-03-07",
    "developer": [
        "Videojuegos Fermín"
    ],
    "publisher": [
        "Videojuegos Fermín"
    ],
    "platforms": [
        "windows"
    ],
    "required_age": 0,
    "categories": [
        "Single-player"
    ],
    "genres": [
        "Adventure",
        "Indie"
    ],
    "tags": [
        "Adventure",
        "Indie",
        "Point & Click"
    ],
    "achievements": 0,
    "positive_ratings": 1,
    "negative_ratings": 0,
    "price": 1.69,
    "description": "Symploké: Legend of Gustavo Bueno is a classic point and click adventure set in a Spanish university and inspired in one of the most influential contemporary philosophers in the world. Play Chapter 3 ONLY if you got through Chapter 2.",
    "header_img": "https://steamcdn-a.akamaihd.net/steam/apps/1002980/header.jpg?t=1552238422",
    "minimum_requirements": "OS: XP, Vista, 7, 8, 10 Processor: Intel or AMD Memory: 500 MB RAM Graphics: Direct Draw or Direct X compatible card Storage: 1 GB available space Sound Card: DirectX compatible sound card Additional Notes: Mouse",
    "recommended_requirements": null,
    "reviews": []
}