{
    "app_id": 1002180,
    "name": "Aussie Battler Tanks",
    "release_date": "2019-04-06",
    "developer": [
        "LOVATTO STUDIO",
        "SCOTIA 3D",
        "CHOBI GLASS"
    ],
    "publisher": [
        "AUSSIE BATTLER GAMES"
    ],
    "platforms": [
        "windows"
    ],
    "required_age": 0,
    "categories": [
        "Multi-player",
        "Online Multi-Player"
    ],
    "genres": [
        "Action",
        "Adventure",
        "Casual",
        "Indie",
        "Massively Multiplayer",
        "Simulation"
    ],
    "tags": [
        "Action",
        "Indie",
        "Casual"
    ],
    "achievements": 0,
    "positive_ratings": 1,
    "negative_ratings": 1,
    "price": 7.19,
    "description": "Multiplayer ww2 tanks fps and 3d shooter game, not pay to win.10 ww2 tanks, 2 to 12 players with hassle free multiplayer hosting on cloud network , 3 game modes and 7 ww2 maps.Physics tracks and hit point damage system with AP and HE shells.Not pay to win with expencive ammo unlike some other tank game.",
    "header_img": "https://steamcdn-a.akamaihd.net/steam/apps/1002180/header.jpg?t=1554560982",
    "minimum_requirements": "Requires a 64-bit processor and operating system OS: Windows 10 Processor: 2.6 ghz quad core Memory: 8 GB RAM Graphics: ONBOARD &quot;intel(r) hd graphics 630&quot; DirectX: Version 11 Network: Broadband Internet connection Storage: 5 GB available space Sound Card: Most or onboard Additional Notes: Not tested on win7 or win8",
    "recommended_requirements": "Requires a 64-bit processor and operating system OS: Windows 10 Processor: 3 ghz quad core Memory: 8 GB RAM Graphics: &quot;AMD R9 390&quot; &quot;AMD RX 570&quot; &quot;NVIDIA GTX 970&quot; DirectX: Version 11 Network: Broadband Internet connection Storage: 5 GB available space Sound Card: Most or onboard Additional Notes: Frame rate capped at 60fps",
    "reviews": []
}