{
    "app_id": 1002920,
    "name": "The Last Dinner",
    "release_date": "2019-01-10",
    "developer": [
        "西安乐趣软件科技有限公司"
    ],
    "publisher": [
        "西安乐趣软件科技有限公司"
    ],
    "platforms": [
        "windows"
    ],
    "required_age": 0,
    "categories": [
        "Single-player"
    ],
    "genres": [
        "Free to Play"
    ],
    "tags": [
        "Free to Play",
        "Gore",
        "VR"
    ],
    "achievements": 0,
    "positive_ratings": 10,
    "negative_ratings": 9,
    "price": 0.0,
    "description": "&quot;The Last Dinner&quot; is a horror experience based on virtual reality technology. The game uses the first perspective to bring an immersive horror experience. In the game, the player will use the handle to control the protagonist to explore the villa in the mountains, and unravel the horror secret buried in the villa in the guide.",
    "header_img": "https://steamcdn-a.akamaihd.net/steam/apps/1002920/header.jpg?t=1547108247",
    "minimum_requirements": "OS: Windows 7 Processor: Intel I5 series Memory: 6 GB RAM Graphics: GTX1050 and above DirectX: Version 9.0c Storage: 3 GB available space",
    "recommended_requirements": "OS: Windows 10 Processor: Intel I7 series Memory: 16 GB RAM Graphics: GTX1060 and above DirectX: Version 10 Storage: 3 GB available space",
    "reviews": []
}