{
    "app_id": 1002630,
    "name": "AWAKE - Definitive Edition",
    "release_date": "2019-01-13",
    "developer": [
        "Storyyeller Games",
        "Off The Beaten Track"
    ],
    "publisher": [
        "Schreihals Interactive"
    ],
    "platforms": [
        "windows",
        "mac",
        "linux"
    ],
    "required_age": 0,
    "categories": [
        "Single-player",
        "Steam Achievements"
    ],
    "genres": [
        "Adventure",
        "Casual",
        "Indie"
    ],
    "tags": [
        "Adventure",
        "Indie",
        "Casual"
    ],
    "achievements": 13,
    "positive_ratings": 20,
    "negative_ratings": 6,
    "price": 2.19,
    "description": "It was supposed to be a romantic trip… but turned into a brutal murder scene. When Marc and Caroline planned their romantic getaway, they didn’t know that it would turn their lives into jeopardy. Can you find a way to prevent this terrible crime and put the murderer to justice?",
    "header_img": "https://steamcdn-a.akamaihd.net/steam/apps/1002630/header.jpg?t=1547403721",
    "minimum_requirements": "OS: Windows 7 SP1+ Processor: Support of SSE Graphics: DX10 (Shader-Modell 4.0)-ready DirectX: Version 10",
    "recommended_requirements": null,
    "reviews": []
}