{
    "app_id": 1002660,
    "name": "MORGENSHTERN",
    "release_date": "2019-01-13",
    "developer": [
        "easygame"
    ],
    "publisher": [
        "easygame"
    ],
    "platforms": [
        "windows"
    ],
    "required_age": 0,
    "categories": [
        "Single-player",
        "Steam Achievements"
    ],
    "genres": [
        "Action",
        "Indie",
        "Simulation",
        "Sports"
    ],
    "tags": [
        "Action",
        "Indie",
        "Simulation"
    ],
    "achievements": 1,
    "positive_ratings": 9,
    "negative_ratings": 5,
    "price": 4.79,
    "description": "MORGENSHTERN: easygame is a dynamic fighting game in which you have to fight with different opponents using martial arts techniques. You are waited by ten interesting fights with absolutely unpredictable opponents.",
    "header_img": "https://steamcdn-a.akamaihd.net/steam/apps/1002660/header.jpg?t=1547453919",
    "minimum_requirements": "Requires a 64-bit processor and operating system OS: Win 7 Processor: Intel Core 2 Duo Memory: 4 GB RAM Graphics: NVIDIA GTX 450 DirectX: Version 11 Storage: 2 GB available space Sound Card: DirectX Compatible Additional Notes: You may need to update the driver for your video card and sound card",
    "recommended_requirements": "Requires a 64-bit processor and operating system OS: Win 10 Processor: Intel Core i5 Memory: 8 GB RAM Graphics: NVIDIA GTX 770 DirectX: Version 11 Storage: 2 GB available space Sound Card: DirectX Compatible Additional Notes: You may need to update the driver for your video card and sound card",
    "reviews": []
}