{
    "app_id": 1002970,
    "name": "Freefall 3050AD",
    "release_date": "2019-01-22",
    "developer": [
        "Total ArKade Software"
    ],
    "publisher": [
        "TAKS"
    ],
    "platforms": [
        "windows"
    ],
    "required_age": 0,
    "categories": [
        "Single-player",
        "Full controller support"
    ],
    "genres": [
        "Action"
    ],
    "tags": [
        "Action",
        "FPS",
        "Shooter"
    ],
    "achievements": 0,
    "positive_ratings": 0,
    "negative_ratings": 1,
    "price": 1.99,
    "description": "Tony Takoushi Presents... Freefall 3050AD - The first game where you can move,spin, shoot and airbrake while taking out the bad guys! '... There really isn’t anything quite like it out there in the wide world of video games that I have ever played.",
    "header_img": "https://steamcdn-a.akamaihd.net/steam/apps/1002970/header.jpg?t=1548156845",
    "minimum_requirements": "OS: Windows 7 Processor: 2Ghz or higher Memory: 2 GB RAM Graphics: gtx950 or higher DirectX: Version 9.0 Storage: 2 GB available space Additional Notes: This game has been optimised to run at 60FPS and requires a low to mid spec PC.",
    "recommended_requirements": "OS: Windows 10 Processor: 2ghz or higher Memory: 4 GB RAM Graphics: gtx960 or higher DirectX: Version 9.0 Storage: 2 GB available space",
    "reviews": []
}