{
    "app_id": 1002520,
    "name": "Eggys Games Flash Collection",
    "release_date": "2019-01-31",
    "developer": [
        "Eggy"
    ],
    "publisher": [
        "Eggys Games"
    ],
    "platforms": [
        "windows"
    ],
    "required_age": 0,
    "categories": [
        "Single-player"
    ],
    "genres": [
        "Action",
        "Adventure",
        "Casual",
        "Indie",
        "RPG",
        "Strategy"
    ],
    "tags": [
        "Action",
        "Casual",
        "Adventure"
    ],
    "achievements": 0,
    "positive_ratings": 3,
    "negative_ratings": 0,
    "price": 2.09,
    "description": "The Eggys Games Flash Collection is a gigantic collection of all games released by Eggys Games which includes 22 full games! This is the collection of over 10 years of work that have been released over the years.",
    "header_img": "https://steamcdn-a.akamaihd.net/steam/apps/1002520/header.jpg?t=1548982255",
    "minimum_requirements": "OS: 95 Processor: 33MHz Memory: 512 MB RAM Graphics: Any Storage: 700 MB available space Sound Card: Any Additional Notes: Will work on any old computer",
    "recommended_requirements": "OS: Windows 7 Processor: 2,000 MHz Memory: 1 GB RAM Graphics: Any Storage: 700 MB available space Sound Card: Any Additional Notes: Will work on any old computer",
    "reviews": []
}