{
    "app_id": 1002750,
    "name": "Ordo Et Chao: New World",
    "release_date": "2019-03-14",
    "developer": [
        "Kobold Workforce Studios"
    ],
    "publisher": [
        "Kobold Workforce Studios"
    ],
    "platforms": [
        "windows"
    ],
    "required_age": 0,
    "categories": [
        "Single-player"
    ],
    "genres": [
        "Strategy",
        "Early Access"
    ],
    "tags": [
        "Early Access",
        "Strategy",
        "RTS"
    ],
    "achievements": 0,
    "positive_ratings": 1,
    "negative_ratings": 2,
    "price": 9.29,
    "description": "Inspired by famed series like &quot;The Settlers&quot;, &quot;Battle for Middle-Earth&quot;, &quot;Anno&quot; and &quot;Age of Empires&quot;, Ordo Et Chao is a solo-player strategy game combining elements of real time strategy, resource management and city building.",
    "header_img": "https://steamcdn-a.akamaihd.net/steam/apps/1002750/header.jpg?t=1552605952",
    "minimum_requirements": "OS: Windows 7 or higher Processor: 2.5 GHz CPU or higher recommended Memory: 4 GB RAM Graphics: 2 GB video RAM or higher recommended DirectX: Version 10",
    "recommended_requirements": null,
    "reviews": []
}