{
    "app_id": 1002690,
    "name": "Hand of Horzasha",
    "release_date": "2019-01-30",
    "developer": [
        "Shiny Vacation"
    ],
    "publisher": [
        "Shiny Vacation"
    ],
    "platforms": [
        "windows",
        "mac"
    ],
    "required_age": 0,
    "categories": [
        "Single-player",
        "Steam Achievements",
        "Full controller support"
    ],
    "genres": [
        "Adventure",
        "Casual",
        "Indie",
        "Simulation"
    ],
    "tags": [
        "Adventure",
        "Simulation",
        "Indie"
    ],
    "achievements": 48,
    "positive_ratings": 4,
    "negative_ratings": 0,
    "price": 0.0,
    "description": "When a headstrong knight from the sealed-off human world witnesses the neglect of an orphaned child, she abandons her former life as an explorer to protect her newly adopted daughter in life-risking ritual combat in a strange town of monsters. Let our search for &quot;Horzasha&quot; begin!",
    "header_img": "https://steamcdn-a.akamaihd.net/steam/apps/1002690/header.jpg?t=1548920167",
    "minimum_requirements": "OS: Windows XP and up Memory: 500 MB RAM Network: Broadband Internet connection Storage: 860 MB available space Additional Notes: Broadband only required if enabling developer analytics.",
    "recommended_requirements": null,
    "reviews": []
}