{
    "app_id": 1002490,
    "name": "Roulette Simulator 2",
    "release_date": "2018-12-31",
    "developer": [
        "JDRumble"
    ],
    "publisher": [
        "JDRumble"
    ],
    "platforms": [
        "windows"
    ],
    "required_age": 0,
    "categories": [
        "Single-player",
        "Steam Achievements",
        "Steam Leaderboards"
    ],
    "genres": [
        "Casual",
        "Indie",
        "Simulation",
        "Strategy"
    ],
    "tags": [
        "Casual",
        "Indie",
        "Simulation"
    ],
    "achievements": 8,
    "positive_ratings": 2,
    "negative_ratings": 2,
    "price": 11.39,
    "description": "Roulette Simulator 2 is the redesigned fan-favorite simulation that allows players to enjoy a modern Roulette gambling experience. Players can continue to experience the thrills of roulette in real-time as the roulette wheel is back in the second edition of Roulette Simulator!",
    "header_img": "https://steamcdn-a.akamaihd.net/steam/apps/1002490/header.jpg?t=1546243237",
    "minimum_requirements": "OS: Windows 10 Processor: Intel Pentium 4 Memory: 1 GB RAM Graphics: Integrated Graphics DirectX: Version 9.0 Storage: 2 GB available space Sound Card: Integrated",
    "recommended_requirements": null,
    "reviews": []
}