{
    "app_id": 1002100,
    "name": "Negligee: Love Stories",
    "release_date": "2019-02-08",
    "developer": [
        "Dharker Studio"
    ],
    "publisher": [
        "Dharker Studio"
    ],
    "platforms": [
        "windows",
        "mac",
        "linux"
    ],
    "required_age": 0,
    "categories": [
        "Single-player",
        "Steam Achievements",
        "Partial Controller Support"
    ],
    "genres": [
        "Adventure",
        "Casual",
        "Indie"
    ],
    "tags": [
        "Nudity",
        "Sexual Content",
        "Adventure"
    ],
    "achievements": 10,
    "positive_ratings": 7,
    "negative_ratings": 11,
    "price": 10.99,
    "description": "A series of four stories following the characters Karen, Charlotte, Sophie and Jasmin in their early lives as they have to choose what they really love and what path their lives will take.",
    "header_img": "https://steamcdn-a.akamaihd.net/steam/apps/1002100/header.jpg?t=1549668906",
    "minimum_requirements": "OS: Windows XP Processor: 1.66 Ghz Memory: 500 MB RAM Graphics: 1920x1080 Storage: 1 GB available space",
    "recommended_requirements": "OS: Windows 10 Processor: 2.50 Ghz Memory: 2 GB RAM Graphics: 1920x1080 Storage: 1 GB available space",
    "reviews": []
}