{
    "app_id": 1002800,
    "name": "Tsumi",
    "release_date": "2019-04-12",
    "developer": [
        "Team Overbloom"
    ],
    "publisher": [
        "Team Overbloom"
    ],
    "platforms": [
        "windows"
    ],
    "required_age": 0,
    "categories": [
        "Single-player",
        "Steam Achievements",
        "Full controller support"
    ],
    "genres": [
        "Action",
        "Indie"
    ],
    "tags": [
        "Action",
        "Indie",
        "Hack and Slash"
    ],
    "achievements": 11,
    "positive_ratings": 9,
    "negative_ratings": 0,
    "price": 1.69,
    "description": "Tsumi is a small arena-type action game where you try to survive as many waves of monsters as you can. Slash your way through the foes and delve into some dark secrets of this world.",
    "header_img": "https://steamcdn-a.akamaihd.net/steam/apps/1002800/header.jpg?t=1555079683",
    "minimum_requirements": "OS: Windows Vista / 7 / 8 / 10 Processor: Intel Core 2 Duo T5850 Memory: 2 GB RAM Graphics: GeForce 9500M GS DirectX: Version 9.0 Storage: 400 MB available space",
    "recommended_requirements": null,
    "reviews": []
}