{
    "app_id": 1003600,
    "name": "NashBored",
    "release_date": "2019-01-02",
    "developer": [
        "Fading Club"
    ],
    "publisher": [
        "Fading Club"
    ],
    "platforms": [
        "windows"
    ],
    "required_age": 0,
    "categories": [
        "Single-player",
        "Partial Controller Support"
    ],
    "genres": [
        "Adventure",
        "Indie",
        "RPG"
    ],
    "tags": [
        "Adventure",
        "RPG",
        "Indie"
    ],
    "achievements": 0,
    "positive_ratings": 8,
    "negative_ratings": 2,
    "price": 0.79,
    "description": "NashBored is a surreal Classic RPG with a creepy vibe. Lead Nash through the bizarre landscape of the brain, and get closer to discovering the terrible truth of this world!",
    "header_img": "https://steamcdn-a.akamaihd.net/steam/apps/1003600/header.jpg?t=1546416094",
    "minimum_requirements": "OS: Microsoft® Windows® XP / Vista / 7 (32-bit/64-bit)/8/10 Processor: Intel® Pentium® 4 2.0 GHz equivalent or faster processor Memory: 512 MB RAM Graphics: 128MB Storage: 500 MB available space",
    "recommended_requirements": null,
    "reviews": []
}