{
    "app_id": 1003360,
    "name": "ШХД: ЗИМА / IT'S WINTER",
    "release_date": "2019-03-07",
    "developer": [
        "ИЛЬЯМАЗО",
        "sad3d"
    ],
    "publisher": [
        "ИЛЬЯМАЗО, GRüN STUDIO"
    ],
    "platforms": [
        "windows",
        "mac"
    ],
    "required_age": 0,
    "categories": [
        "Single-player"
    ],
    "genres": [
        "Casual",
        "Indie",
        "Simulation"
    ],
    "tags": [
        "Indie",
        "Casual",
        "Simulation"
    ],
    "achievements": 0,
    "positive_ratings": 201,
    "negative_ratings": 88,
    "price": 7.19,
    "description": "Panel houses, snow, overcast sky, tiny kitchen, shabby staircase… It's Winter is an indie game which genre could be classified as sandbox, post-soviet, sad 3d, russian sadness. Nothing awaits you: there is no chance to get out, no room for adventures and breathtaking plot.",
    "header_img": "https://steamcdn-a.akamaihd.net/steam/apps/1003360/header.jpg?t=1552076812",
    "minimum_requirements": "Минимальные: ОС: Windows 7 Процессор: Intel Celeron G3900 or AMD A6-9500 Оперативная память: 512 MB ОЗУ Видеокарта: GeForce GT 430 or ATI Radeon HD 4670 DirectX: Версии 9.0 Место на диске: 300 MB Звуковая карта: Compatible with DirectX 9",
    "recommended_requirements": "Рекомендованные: ОС: Windows 8, 8.1, 10. Процессор: Intel Core i3 3220 or AMD FX-6300 Оперативная память: 1024 MB ОЗУ Видеокарта: GeForce GTX 550 Ti or ATI Radeon HD 6750 DirectX: Версии 9.0 Место на диске: 300 MB Звуковая карта: Compatible with DirectX 9",
    "reviews": []
}