{
    "app_id": 1003020,
    "name": "Alluna and Brie",
    "release_date": "2019-04-10",
    "developer": [
        "Lached Up Games",
        "FRAG Games"
    ],
    "publisher": [
        "Lached Up Games"
    ],
    "platforms": [
        "windows"
    ],
    "required_age": 0,
    "categories": [
        "Single-player",
        "Steam Achievements",
        "Partial Controller Support"
    ],
    "genres": [
        "RPG"
    ],
    "tags": [
        "RPG",
        "Nudity",
        "Anime"
    ],
    "achievements": 23,
    "positive_ratings": 9,
    "negative_ratings": 1,
    "price": 23.79,
    "description": "Alluna and Brie is an RPG Social Sim set in Axon City, Australia. Hang out with friends, buy food to boost your stats, and form a team of magical girls to fight off a horde of ravenous monster girls from a parallel dimension. It's just like real life!",
    "header_img": "https://steamcdn-a.akamaihd.net/steam/apps/1003020/header.jpg?t=1555932100",
    "minimum_requirements": "OS: Windows 7 Home Processor: Intel Core 2 Duo 2.2GHz Memory: 4 GB RAM Graphics: ATI Mobility Radeon HD 4650 Storage: 3 GB available space",
    "recommended_requirements": null,
    "reviews": []
}