{
    "app_id": 1003670,
    "name": "Vacation Adventures: Park Ranger",
    "release_date": "2019-01-11",
    "developer": [
        "Casual Arts"
    ],
    "publisher": [
        "Casual Arts"
    ],
    "platforms": [
        "windows"
    ],
    "required_age": 0,
    "categories": [
        "Single-player"
    ],
    "genres": [
        "Adventure",
        "Casual",
        "Indie"
    ],
    "tags": [
        "Adventure",
        "Indie",
        "Casual"
    ],
    "achievements": 0,
    "positive_ratings": 0,
    "negative_ratings": 2,
    "price": 3.99,
    "description": "Enjoy a beautiful collection of Hidden Object Scenes and puzzles set in the great outdoors. Tidy up the Park and do your bit for the environment by collecting all the bonus trash items to Recycle.",
    "header_img": "https://steamcdn-a.akamaihd.net/steam/apps/1003670/header.jpg?t=1553771246",
    "minimum_requirements": "OS: Windows 7 Processor: 600 Mhz Memory: 128 MB RAM DirectX: Version 9.0 Storage: 120 MB available space",
    "recommended_requirements": null,
    "reviews": []
}