{
    "app_id": 1003650,
    "name": "Abandonment",
    "release_date": "2019-01-04",
    "developer": [
        "ZHANG YAN"
    ],
    "publisher": [
        "JXTD"
    ],
    "platforms": [
        "windows"
    ],
    "required_age": 0,
    "categories": [
        "Single-player"
    ],
    "genres": [
        "Adventure",
        "Indie"
    ],
    "tags": [
        "Adventure",
        "Indie"
    ],
    "achievements": 0,
    "positive_ratings": 0,
    "negative_ratings": 3,
    "price": 2.09,
    "description": "Kevin found his wife missing when he returned home from a business trip. He was worried that his wife would be kidnapped by a &quot;pregnant killer&quot;. Kevin decided to set out to find his wife and uncover the truth behind her kidnapping.",
    "header_img": "https://steamcdn-a.akamaihd.net/steam/apps/1003650/header.jpg?t=1546650012",
    "minimum_requirements": "Requires a 64-bit processor and operating system OS: win7/win10 Processor: intel(R) Core(TM) i5-7300HQ CPU @ 2.50GHz 2.50GHZ Memory: 2 GB RAM Graphics: 2GB",
    "recommended_requirements": "Requires a 64-bit processor and operating system OS: win7/win10 Processor: intel(R) Core(TM) i5-7300HQ CPU @ 2.50GHz 2.50GHZ Memory: 4 GB RAM Graphics: 4GB",
    "reviews": []
}