{
    "app_id": 1003450,
    "name": "Terrorarium",
    "release_date": "2019-03-20",
    "developer": [
        "Stitch Media"
    ],
    "publisher": [
        "Stitch Media"
    ],
    "platforms": [
        "windows",
        "mac"
    ],
    "required_age": 0,
    "categories": [
        "Single-player",
        "Steam Workshop",
        "Partial Controller Support",
        "Steam Cloud",
        "Includes level editor"
    ],
    "genres": [
        "Action",
        "Adventure",
        "Casual",
        "Indie",
        "Strategy",
        "Early Access"
    ],
    "tags": [
        "Early Access",
        "Action",
        "Indie"
    ],
    "achievements": 0,
    "positive_ratings": 4,
    "negative_ratings": 0,
    "price": 7.19,
    "description": "Terrorarium is a game about wanton destruction and adorable gore in player-made murder gardens.",
    "header_img": "https://steamcdn-a.akamaihd.net/steam/apps/1003450/header.jpg?t=1553111884",
    "minimum_requirements": "OS: Windows 7 SP1+, 8, 10, 64-bit versions only Processor: 2.0 Ghz Memory: 4 GB RAM Graphics: Graphics card with DX10 (shader model 4.0) capabilities. Storage: 2 GB available space",
    "recommended_requirements": null,
    "reviews": []
}