{
    "app_id": 1003070,
    "name": "Groomer",
    "release_date": "2019-03-11",
    "developer": [
        "Racing Bros"
    ],
    "publisher": [
        "ANPA.US"
    ],
    "platforms": [
        "windows"
    ],
    "required_age": 0,
    "categories": [
        "Single-player"
    ],
    "genres": [
        "Indie",
        "Simulation"
    ],
    "tags": [
        "Simulation",
        "Indie"
    ],
    "achievements": 0,
    "positive_ratings": 3,
    "negative_ratings": 2,
    "price": 0.79,
    "description": "Groomer is a relaxing simulation game where take on a role of groomer, a person that takes care of dogs.",
    "header_img": "https://steamcdn-a.akamaihd.net/steam/apps/1003070/header.jpg?t=1552336453",
    "minimum_requirements": "OS: Windows XP SP3 or Higher Processor: Intel(R) Core(TM)2 Duo 2.4, AMD Athlon(TM) X2 2.8 Ghz Memory: 2 GB RAM Graphics: Geforce 9600 GS, Radeon HD4000, Shader Model 3.0, 512 MB Storage: 500 MB available space Sound Card: DirectX compatible",
    "recommended_requirements": null,
    "reviews": []
}