{
    "app_id": 1003320,
    "name": "Nya Nya Nya Girls 2 (ʻʻʻ)_(=^･ω･^=)_(ʻʻʻ)",
    "release_date": "2019-01-12",
    "developer": [
        "Zloy Krot Studio"
    ],
    "publisher": [
        "Zloy Krot Studio"
    ],
    "platforms": [
        "windows"
    ],
    "required_age": 0,
    "categories": [
        "Single-player",
        "Steam Achievements"
    ],
    "genres": [
        "Casual",
        "Indie"
    ],
    "tags": [
        "Sexual Content",
        "Nudity",
        "Indie"
    ],
    "achievements": 32,
    "positive_ratings": 5,
    "negative_ratings": 2,
    "price": 0.79,
    "description": "The game is a classic puzzle with three levels of difficulty.",
    "header_img": "https://steamcdn-a.akamaihd.net/steam/apps/1003320/header.jpg?t=1548719256",
    "minimum_requirements": "OS: Windows 10, Windows 8, Windows 7 32-bit Processor: Quad-core Intel or AMD processor, 2 GHz or faster Memory: 4 GB RAM Graphics: 1 Gb DirectX: Version 10 Storage: 1 GB available space",
    "recommended_requirements": "OS: Windows 10, Windows 8, Windows 7 32-bit Processor: Quad-core Intel or AMD processor, 2.5 GHz or faster Memory: 8 GB RAM Graphics: 2 Gb DirectX: Version 11 Storage: 1 GB available space",
    "reviews": []
}