{
    "app_id": 1003750,
    "name": "她2 : 我还想再见到你   Her2 : I Want To See You Again",
    "release_date": "2019-02-15",
    "developer": [
        "橘喵喵"
    ],
    "publisher": [
        "橘喵喵"
    ],
    "platforms": [
        "windows"
    ],
    "required_age": 0,
    "categories": [
        "Single-player",
        "Steam Achievements",
        "Steam Cloud"
    ],
    "genres": [
        "Casual",
        "Indie",
        "Simulation"
    ],
    "tags": [
        "Simulation",
        "Nudity",
        "Casual"
    ],
    "achievements": 72,
    "positive_ratings": 103,
    "negative_ratings": 9,
    "price": 2.89,
    "description": "This is a antique style game with TCG &amp; LVG ,you need to carry out the character training of heroine in 6 years and finish all the plots. There are 16 endings.",
    "header_img": "https://steamcdn-a.akamaihd.net/steam/apps/1003750/header.jpg?t=1550842148",
    "minimum_requirements": "OS: Windows7/8/10 Processor: Dual Core Memory: 2 MB RAM Graphics: Pixelshader 3.0 enabled graphics card(DirectX 10 capable graphics card) Storage: 500 MB available space Sound Card: Realtek High Definition Audio",
    "recommended_requirements": null,
    "reviews": []
}