{
    "app_id": 1003850,
    "name": "Dark Sun Pictures' Dark Sun - The Space Shooter",
    "release_date": "2019-01-25",
    "developer": [
        "Dark Sun Pictures"
    ],
    "publisher": [
        "Dark Sun Pictures"
    ],
    "platforms": [
        "windows"
    ],
    "required_age": 0,
    "categories": [
        "Single-player",
        "Partial Controller Support"
    ],
    "genres": [
        "Action",
        "Adventure",
        "RPG",
        "Strategy"
    ],
    "tags": [
        "Action",
        "RPG",
        "Strategy"
    ],
    "achievements": 0,
    "positive_ratings": 1,
    "negative_ratings": 1,
    "price": 0.79,
    "description": "New free shooting game (almost free). Dark Sun is an Arcade RPG space shooter. Get a chance for legendary gear in one short raid for an upcoming full 3D MMORPG done via Amazon's Lumberyard engine.",
    "header_img": "https://steamcdn-a.akamaihd.net/steam/apps/1003850/header.jpg?t=1549764768",
    "minimum_requirements": "OS: Windows 10+ 64-bit only Processor: 1 gigahertz (GHz) or faster processor or SoC Memory: 216 MB RAM DirectX: Version 12 Storage: 252 MB available space Additional Notes: Xbox 360 and Xbox One Controllers are supported (game pause not included). You can also play via a combination of touch (for aim cursor) and keyboard arrow keys.",
    "recommended_requirements": null,
    "reviews": []
}