{
    "app_id": 1003530,
    "name": "学院英雄梦 HeroDreamOfSchool",
    "release_date": "2019-01-15",
    "developer": [
        "Twairgroup",
        "NMSL Studio"
    ],
    "publisher": [
        "天网联合"
    ],
    "platforms": [
        "windows"
    ],
    "required_age": 0,
    "categories": [
        "Single-player"
    ],
    "genres": [
        "Action",
        "Adventure",
        "Casual",
        "Indie",
        "RPG",
        "Simulation"
    ],
    "tags": [
        "Sexual Content",
        "Action",
        "RPG"
    ],
    "achievements": 0,
    "positive_ratings": 1,
    "negative_ratings": 4,
    "price": 0.79,
    "description": "Return to the school world, explore different experiences, and get back to the campus time! What are you waiting for? Here you can find what you want and do what you want!",
    "header_img": "https://steamcdn-a.akamaihd.net/steam/apps/1003530/header.jpg?t=1548581902",
    "minimum_requirements": "OS: Windows Processor: Intel I3及以上 AMD R2500及以上 Memory: 1024 MB RAM Graphics: 高于GT9600 DirectX: Version 9.0c Storage: 867 MB available space Sound Card: 兼容所有声卡 Additional Notes:",
    "recommended_requirements": null,
    "reviews": []
}