{
    "app_id": 1003940,
    "name": "Invasion Zero",
    "release_date": "2019-01-11",
    "developer": [
        "NeatVibez"
    ],
    "publisher": [
        "NeatVibez"
    ],
    "platforms": [
        "windows"
    ],
    "required_age": 0,
    "categories": [
        "Multi-player",
        "Online Multi-Player"
    ],
    "genres": [
        "Action",
        "Free to Play"
    ],
    "tags": [
        "Free to Play",
        "Gore",
        "Violent"
    ],
    "achievements": 0,
    "positive_ratings": 5,
    "negative_ratings": 9,
    "price": 0.0,
    "description": "Invasion Zero is a multi-player online free to play first-shooter game where you are able to play against enemy AI bots or players from all over the world.",
    "header_img": "https://steamcdn-a.akamaihd.net/steam/apps/1003940/header.jpg?t=1551719896",
    "minimum_requirements": "Requires a 64-bit processor and operating system OS: Microsoft Windows 7 or higher. Processor: Intel Core i5-3400 or higher. Memory: 2048 MB RAM Graphics: 1024 MB VRAM DirectX: Version 11 Network: Broadband Internet connection Storage: 358 MB available space",
    "recommended_requirements": "Requires a 64-bit processor and operating system OS: Microsoft Windows 7 or higher. Processor: Intel Core i7-3770k or higher. Memory: 4089 MB RAM Graphics: 2048 MB VRAM DirectX: Version 12 Network: Broadband Internet connection Storage: 358 MB available space",
    "reviews": []
}