{
    "app_id": 1004210,
    "name": "Pandamonia 潘德莫尼亚",
    "release_date": "2019-01-07",
    "developer": [
        "Running Hoffman"
    ],
    "publisher": [
        "Running Hoffman"
    ],
    "platforms": [
        "windows"
    ],
    "required_age": 0,
    "categories": [
        "Single-player"
    ],
    "genres": [
        "Action",
        "Casual",
        "Indie",
        "RPG",
        "Sports",
        "Early Access"
    ],
    "tags": [
        "Early Access",
        "Action",
        "Indie"
    ],
    "achievements": 0,
    "positive_ratings": 47,
    "negative_ratings": 1,
    "price": 1.69,
    "description": "Pandamonia was once a beautiful and rich place, where panda babies thrive. But with one day, the massive invasion of the real estates speculators destroyed the tranquility here...",
    "header_img": "https://steamcdn-a.akamaihd.net/steam/apps/1004210/header.jpg?t=1556266110",
    "minimum_requirements": "Requires a 64-bit processor and operating system OS: Windows 7 64-bit Processor: Intel(i5/i7-series) or AMD (Phenom II series)  3.0 GHz Memory: 8 GB RAM Graphics: NVIDIA Geforce GTX950 DirectX: Version 11 Storage: 2 GB available space Sound Card: Direct X 9.0c compatible sound card",
    "recommended_requirements": "Requires a 64-bit processor and operating system Memory: 8 GB RAM DirectX: Version 11 Storage: 2 GB available space",
    "reviews": []
}