{
    "app_id": 1004050,
    "name": "time of the zombies",
    "release_date": "2019-01-22",
    "developer": [
        "kessels game studio"
    ],
    "publisher": [
        "kessels game studio"
    ],
    "platforms": [
        "windows"
    ],
    "required_age": 0,
    "categories": [
        "Single-player"
    ],
    "genres": [
        "Action"
    ],
    "tags": [
        "Action",
        "Gore",
        "Violent"
    ],
    "achievements": 1,
    "positive_ratings": 5,
    "negative_ratings": 5,
    "price": 2.09,
    "description": "time of the zombies sets you as the only survivor in an apocalyptic world filled with zombies, guns and ammo. How long will you stay alive? will you end up as zombie food?",
    "header_img": "https://steamcdn-a.akamaihd.net/steam/apps/1004050/header.jpg?t=1553252236",
    "minimum_requirements": "OS: windows 10 Processor: i5 Memory: 8000 MB RAM Graphics: 2047 mb at least Storage: 1433 MB available space Sound Card: 1gz",
    "recommended_requirements": "OS: windows 10 Processor: i7 Memory: 16000 MB RAM Graphics: 8191 mb at least Storage: 2000 MB available space",
    "reviews": []
}