{
    "app_id": 1004240,
    "name": "Hentai Girl Karen",
    "release_date": "2019-04-12",
    "developer": [
        "GirlGame"
    ],
    "publisher": [
        "GirlGame"
    ],
    "platforms": [
        "windows",
        "mac"
    ],
    "required_age": 0,
    "categories": [
        "Single-player",
        "Steam Achievements",
        "Steam Trading Cards",
        "Steam Cloud"
    ],
    "genres": [
        "Casual",
        "Indie",
        "RPG",
        "Simulation"
    ],
    "tags": [
        "Nudity",
        "Sexual Content",
        "Casual"
    ],
    "achievements": 100,
    "positive_ratings": 522,
    "negative_ratings": 19,
    "price": 0.79,
    "description": "Relax class puzzle game to keep you in a good mood",
    "header_img": "https://steamcdn-a.akamaihd.net/steam/apps/1004240/header.jpg?t=1555984625",
    "minimum_requirements": "最低配置: 操作系统: Windows XP/Vista/7/8 处理器: 2 Ghz Dual Core 内存: 1 GB RAM 图形: Graphics card supporting DirectX 9.0c 存储空间: 需要 300 MB 可用空间 声卡: Any",
    "recommended_requirements": null,
    "reviews": []
}