{
    "app_id": 1004000,
    "name": "Card Brawl",
    "release_date": "2019-01-26",
    "developer": [
        "MyDreamForever",
        "Nehaew"
    ],
    "publisher": [
        "MyDreamForever"
    ],
    "platforms": [
        "windows"
    ],
    "required_age": 0,
    "categories": [
        "Single-player",
        "Steam Achievements"
    ],
    "genres": [
        "Indie",
        "Strategy"
    ],
    "tags": [
        "Strategy",
        "Indie",
        "Card Game"
    ],
    "achievements": 28,
    "positive_ratings": 16,
    "negative_ratings": 4,
    "price": 1.69,
    "description": "A mix of Сard games and Roguelikes. Fight with monsters, craft your unique deck and kill bosses. Try experimenting with different combinations and strategies to complete all raids. Start monster hunting in this new deckbuilding game!",
    "header_img": "https://steamcdn-a.akamaihd.net/steam/apps/1004000/header.jpg?t=1555317782",
    "minimum_requirements": "OS: Windows XP/7/8/10 Processor: 1.6 GHz Memory: 512 MB RAM Graphics: Integrated Graphics Storage: 190 MB available space Sound Card: Integrated Audio",
    "recommended_requirements": null,
    "reviews": []
}