{
    "app_id": 1004500,
    "name": "The Chronicles of Jonah and the Whale",
    "release_date": "2019-01-08",
    "developer": [
        "e-FunSoft Games"
    ],
    "publisher": [
        "HH-Games"
    ],
    "platforms": [
        "windows"
    ],
    "required_age": 0,
    "categories": [
        "Single-player"
    ],
    "genres": [
        "Casual"
    ],
    "tags": [
        "Casual",
        "Match 3",
        "Indie"
    ],
    "achievements": 0,
    "positive_ratings": 2,
    "negative_ratings": 0,
    "price": 5.19,
    "description": "A classic tale is brought to life in match3 game &quot;The Chronicles of Jonah and the Whale&quot;. Follow Jonah as he goes from being an ordinary man to a true prophet of God in this memorable story of obedience, mercy, and forgiveness.",
    "header_img": "https://steamcdn-a.akamaihd.net/steam/apps/1004500/header.jpg?t=1546939191",
    "minimum_requirements": "OS: Windows XP/Vista/7/8/10 Processor: 1.0GHz CPU Graphics: 128MB Storage: 1 GB available space Sound Card: DirectX compatible sound card",
    "recommended_requirements": "OS: Windows XP/ME/Vista/7/8/10 Processor: 1.5GHz CPU Graphics: 256 MB Storage: 1 GB available space Sound Card: DirectX compatible sound card",
    "reviews": []
}