{
    "app_id": 1004650,
    "name": "Unlock Me",
    "release_date": "2019-01-03",
    "developer": [
        "Curious Studio"
    ],
    "publisher": [
        "Curious Studio"
    ],
    "platforms": [
        "windows"
    ],
    "required_age": 0,
    "categories": [
        "Single-player"
    ],
    "genres": [
        "Casual",
        "Strategy"
    ],
    "tags": [
        "Nudity",
        "Sexual Content",
        "Casual"
    ],
    "achievements": 0,
    "positive_ratings": 35,
    "negative_ratings": 1,
    "price": 2.89,
    "description": "&quot;Unlock Me&quot; is a highly intelligent puzzle game, You should move/punch these cubes carefully to the designated target points using keyborad 4 keys ↑ ↓ ← → .",
    "header_img": "https://steamcdn-a.akamaihd.net/steam/apps/1004650/header.jpg?t=1548720687",
    "minimum_requirements": "OS: Windows 7/8/10 Processor: Intel® i5-4590, AMD FX 8350 equivalent or better Memory: 4 GB RAM Graphics: NVidia GeForce 960 Storage: 250 MB available space",
    "recommended_requirements": "OS: Windows 7/8/10 Processor: Intel® i5-4590, AMD FX 8350 equivalent or better Graphics: NVidia GeForce 970 Storage: 250 MB available space",
    "reviews": []
}