{
    "app_id": 1004320,
    "name": "Sick Love - An RPG Maker Novel",
    "release_date": "2019-01-17",
    "developer": [
        "Male Doll"
    ],
    "publisher": [
        "Male Doll"
    ],
    "platforms": [
        "windows"
    ],
    "required_age": 0,
    "categories": [
        "Single-player"
    ],
    "genres": [
        "Indie",
        "RPG"
    ],
    "tags": [
        "RPG",
        "Indie",
        "RPGMaker"
    ],
    "achievements": 0,
    "positive_ratings": 0,
    "negative_ratings": 3,
    "price": 0.9,
    "description": "A short and exciting visual novel about gaymers. Live the desire to be loved, learn how a relationship is capable of hurting you and how this can result in a tragedy. All your decisions have consequences.",
    "header_img": "https://steamcdn-a.akamaihd.net/steam/apps/1004320/header.jpg?t=1549672092",
    "minimum_requirements": "OS: Windows 7/8/8.1/10 Processor: Intel Core2 Duo or better Memory: 1 GB RAM Graphics: DirectX 9/OpenGL 4.1 capable GPU DirectX: Version 9.0 Storage: 260 MB available space Additional Notes: 1280x768 or better Display. Lag may occur from loading menus or maps. Turn off other programs before running the game.",
    "recommended_requirements": "OS: Windows 7/8/8.1/10 Processor: 2+ GHz Processor Memory: 2 GB RAM Graphics: OpenGL ES 2.0 hardware driver support required for WebGL acceleration. DirectX: Version 9.0 Additional Notes: 1280x768 or better Display. Lag may occur from loading menus or maps. Turn off other programs before running the game.",
    "reviews": []
}