{
    "app_id": 1004780,
    "name": "Noel's Hope",
    "release_date": "2019-01-28",
    "developer": [
        "Valsidalv N"
    ],
    "publisher": [
        "Valsidalv N"
    ],
    "platforms": [
        "windows"
    ],
    "required_age": 0,
    "categories": [
        "Single-player"
    ],
    "genres": [
        "Adventure",
        "Indie",
        "RPG",
        "Simulation",
        "Early Access"
    ],
    "tags": [
        "Early Access",
        "Adventure",
        "Indie"
    ],
    "achievements": 45,
    "positive_ratings": 3,
    "negative_ratings": 1,
    "price": 2.35,
    "description": "If you are interested in magic, dark and dangerous dungeons with traps and enemies, unusual islands, bright weather conditions, mysteries, stories, sea voyages on your own ship, hiding deep secrets through the ocean, then this adventure is for you!",
    "header_img": "https://steamcdn-a.akamaihd.net/steam/apps/1004780/header.jpg?t=1550414525",
    "minimum_requirements": "OS: Windows 7 SP1+ / 8 / 8.1 / 10 64-bit Processor: Intel Core i3 2.6GHz or similar Memory: 4 GB RAM Graphics: GeForce GTX 500 series or similar DirectX: Version 11 Storage: 2 GB available space Additional Notes: 64-bit operating system is required",
    "recommended_requirements": "OS: Windows 10 64-bit Processor: Intel Core i5 2.6GHz or similar Memory: 8 GB RAM Graphics: GeForce GTX 700 series or similar DirectX: Version 11 Storage: 3 GB available space Additional Notes: 64-bit operating system is required",
    "reviews": []
}