{
    "app_id": 1004270,
    "name": "My Island",
    "release_date": "2019-01-30",
    "developer": [
        "SnowBaby Games"
    ],
    "publisher": [
        "SnowBaby Games"
    ],
    "platforms": [
        "windows"
    ],
    "required_age": 0,
    "categories": [
        "Single-player"
    ],
    "genres": [
        "Adventure",
        "Casual",
        "Indie",
        "Simulation",
        "Early Access"
    ],
    "tags": [
        "Early Access",
        "Casual",
        "Adventure"
    ],
    "achievements": 0,
    "positive_ratings": 73,
    "negative_ratings": 28,
    "price": 11.0,
    "description": "MyIsland is a fresh and beautiful survival game,You will drift on the endless blue South Pacific and survive on the island, discover the New World in the magnificent open world, hunt and travel, build houses and farming, and create your own warm homeland, lost in the beautiful Eden.",
    "header_img": "https://steamcdn-a.akamaihd.net/steam/apps/1004270/header.jpg?t=1556080077",
    "minimum_requirements": "OS: Win7/win10 64-bit Processor: 3.2 GHz Dual Core Processor Memory: 4 GB RAM Graphics: GeForce GTX 660 or equivalent with 2 GB of video RAM DirectX: Version 11 Storage: 8 GB available space Sound Card: DirectX compatible",
    "recommended_requirements": "OS: Win7/win10 64-bit Processor: 3.2 GHz Dual Core Processor Memory: 8 GB RAM Graphics: GTX1070/Vega56 or equivalent with 4GB of video RAM DirectX: Version 11 Storage: 8 GB available space Sound Card: DirectX compatible",
    "reviews": []
}