{
    "app_id": 1004200,
    "name": "Biathlon Battle VR",
    "release_date": "2019-01-27",
    "developer": [
        "Academtech LLC"
    ],
    "publisher": [
        "Animar Games"
    ],
    "platforms": [
        "windows"
    ],
    "required_age": 0,
    "categories": [
        "Single-player"
    ],
    "genres": [
        "Indie",
        "Racing",
        "Simulation",
        "Sports",
        "Early Access"
    ],
    "tags": [
        "Early Access",
        "Indie",
        "Simulation"
    ],
    "achievements": 0,
    "positive_ratings": 2,
    "negative_ratings": 4,
    "price": 4.79,
    "description": "Biathlon Battle VR is a sports simulator game combining a ski race with rifle shooting. Rush on skis among snow-covered woods and mountains, participating in races and taking away gold medals.",
    "header_img": "https://steamcdn-a.akamaihd.net/steam/apps/1004200/header.jpg?t=1550811851",
    "minimum_requirements": "İşletim Sistemi: Windows 7 İşlemci: Intel i3 or similar Bellek: 8 GB RAM Ekran Kartı: GTX 1060 or equivalent Depolama: 3500 MB kullanılabilir alan İlave Notlar: HTC",
    "recommended_requirements": "Önerilen: İşletim Sistemi: Windows 10 İşlemci: Intel i5 Bellek: 16 GB RAM Ekran Kartı: GTX 1080 or similar Depolama: 3500 MB kullanılabilir alan İlave Notlar: HTC",
    "reviews": []
}