{
    "app_id": 1004230,
    "name": "The Revenge of Johnny Bonasera: Episode 3",
    "release_date": "2019-02-04",
    "developer": [
        "Rafael García"
    ],
    "publisher": [
        "Rafael García"
    ],
    "platforms": [
        "windows",
        "mac",
        "linux"
    ],
    "required_age": 0,
    "categories": [
        "Single-player",
        "Steam Achievements"
    ],
    "genres": [
        "Adventure",
        "Indie"
    ],
    "tags": [
        "Adventure",
        "Indie"
    ],
    "achievements": 7,
    "positive_ratings": 2,
    "negative_ratings": 0,
    "price": 3.99,
    "description": "Hilarious adventure game in cartoon style.",
    "header_img": "https://steamcdn-a.akamaihd.net/steam/apps/1004230/header.jpg?t=1549322089",
    "minimum_requirements": "OS: Windows 7/8/10 Processor: 1.7 GHz Dual Core Memory: 2 GB RAM Graphics: NVIDIA GeForce GTX 260, ATI Radeon 4870 HD, or equivalent card with at least 512 MB VRAM Storage: 200 MB available space Sound Card: DirectX Compatible Sound Card",
    "recommended_requirements": null,
    "reviews": []
}