{
    "app_id": 1004600,
    "name": "Find-Life EP1",
    "release_date": "2019-01-12",
    "developer": [
        "João Fílipe"
    ],
    "publisher": [
        "Find-Life"
    ],
    "platforms": [
        "windows"
    ],
    "required_age": 0,
    "categories": [
        "Single-player"
    ],
    "genres": [
        "Adventure",
        "Casual",
        "Indie"
    ],
    "tags": [
        "Indie",
        "Adventure",
        "Casual"
    ],
    "achievements": 0,
    "positive_ratings": 7,
    "negative_ratings": 4,
    "price": 0.79,
    "description": "FIND-LIFE. It is a ship that was launched in space in 2018 and had as mission to find life in another place. On board were three crew members in hibernation. Two died, leaving only the player. But there is one more crew on board. The computer &quot;PT-X&quot; with artificial intelligence.",
    "header_img": "https://steamcdn-a.akamaihd.net/steam/apps/1004600/header.jpg?t=1548001094",
    "minimum_requirements": "最低配置: 操作系统: Windows 7 SP1+ 处理器: Dual-Core 内存: 2 GB RAM 图形: GTS 450 DirectX 版本: 10 存储空间: 需要 100 MB 可用空间",
    "recommended_requirements": null,
    "reviews": []
}