{
    "app_id": 1004860,
    "name": "The Secret Order 7: Shadow Breach",
    "release_date": "2019-02-28",
    "developer": [
        "Sunward Games"
    ],
    "publisher": [
        "Artifex Mundi"
    ],
    "platforms": [
        "windows",
        "mac",
        "linux"
    ],
    "required_age": 0,
    "categories": [
        "Single-player",
        "Steam Achievements",
        "Steam Cloud"
    ],
    "genres": [
        "Adventure",
        "Casual"
    ],
    "tags": [
        "Adventure",
        "Casual",
        "Hidden Object"
    ],
    "achievements": 32,
    "positive_ratings": 10,
    "negative_ratings": 1,
    "price": 11.39,
    "description": "There are dark secrets that have an annoying tendency to crawl back into the light, escaping oblivion. But there is also Sarah Pennington, the most skilled agent of the ever-watching Secret Order, who is there to face them.",
    "header_img": "https://steamcdn-a.akamaihd.net/steam/apps/1004860/header.jpg?t=1551373219",
    "minimum_requirements": "OS: Windows XP, Windows Vista, Windows 7, Windows 8, Windows 10 Processor: 2.0 GHz Memory: 1 GB RAM Graphics: 256 MB VRAM Storage: 2 GB available space",
    "recommended_requirements": "OS: Windows XP, Windows Vista, Windows 7, Windows 8, Windows 10 Processor: 2.5 GHz Memory: 1 GB RAM Graphics: 512 MB VRAM Storage: 2 GB available space",
    "reviews": []
}