{
    "app_id": 1004550,
    "name": "Stickman Racer Road Draw 2",
    "release_date": "2019-02-18",
    "developer": [
        "Hype ProductionZ"
    ],
    "publisher": [
        "Hype ProductionZ"
    ],
    "platforms": [
        "windows"
    ],
    "required_age": 0,
    "categories": [
        "Single-player",
        "Steam Achievements",
        "Partial Controller Support"
    ],
    "genres": [
        "Action",
        "Casual",
        "Racing",
        "Simulation"
    ],
    "tags": [
        "Casual",
        "Action",
        "Simulation"
    ],
    "achievements": 24,
    "positive_ratings": 2,
    "negative_ratings": 2,
    "price": 0.79,
    "description": "Stickman Racer Road Draw 2 is a legendary survival game where you have to do cool stunts on different vehicles.",
    "header_img": "https://steamcdn-a.akamaihd.net/steam/apps/1004550/header.jpg?t=1550481497",
    "minimum_requirements": "OS: Windows 7 or newer: 32bit / 64bit Processor: Core 2 Duo or higher Memory: 2 GB RAM Graphics: DirectX11 Compatible GPU with 512 MB Video RAM Storage: 50 MB available space Sound Card: DirectX compatible sound card",
    "recommended_requirements": null,
    "reviews": []
}