{
    "app_id": 1004560,
    "name": "Everpath: A pixel art roguelite",
    "release_date": "2019-02-01",
    "developer": [
        "Pixel Accountant"
    ],
    "publisher": [
        "Pixel Accountant"
    ],
    "platforms": [
        "windows"
    ],
    "required_age": 0,
    "categories": [
        "Single-player",
        "Steam Achievements"
    ],
    "genres": [
        "Indie",
        "RPG",
        "Early Access"
    ],
    "tags": [
        "Early Access",
        "Indie",
        "RPG"
    ],
    "achievements": 9,
    "positive_ratings": 24,
    "negative_ratings": 1,
    "price": 3.15,
    "description": "Everpath is a roguelite RPG with hand-crafted pixel art, explore a procedural generated world with the combat and item system of the classics action RPGs. Embark yourself as a member of the Northbarrow army, choose and personalize your class to find what is lurking in the wilderness of...",
    "header_img": "https://steamcdn-a.akamaihd.net/steam/apps/1004560/header.jpg?t=1554603336",
    "minimum_requirements": "OS: Windows XP minimum Processor: 1Ghz or faster Memory: 256 MB RAM Graphics: 128MB graphics Storage: 50 MB available space",
    "recommended_requirements": "OS: Windows 7 minimum Processor: 1Ghz Memory: 256 MB RAM Graphics: 128MB graphics Storage: 50 MB available space",
    "reviews": []
}