{
    "app_id": 1004150,
    "name": "Madorica Real Estate",
    "release_date": "2019-02-26",
    "developer": [
        "GIFT TEN INDUSTRY.K.K"
    ],
    "publisher": [
        "GIFT TEN INDUSTRY.K.K"
    ],
    "platforms": [
        "windows",
        "mac"
    ],
    "required_age": 0,
    "categories": [
        "Single-player",
        "Steam Achievements"
    ],
    "genres": [
        "Adventure",
        "Casual",
        "Indie"
    ],
    "tags": [
        "Adventure",
        "Indie",
        "Casual"
    ],
    "achievements": 55,
    "positive_ratings": 15,
    "negative_ratings": 2,
    "price": 13.49,
    "description": "Unique escape room game that uses pen &amp; paper. Search for hints, jot down notes on the maps, and seek out magic to exorcise all the ghosts to escape!",
    "header_img": "https://steamcdn-a.akamaihd.net/steam/apps/1004150/header.jpg?t=1551790052",
    "minimum_requirements": "OS: Windows 10, 8.1 Processor: Intel core i3 Memory: 2 GB RAM Graphics: NVIDIA GeForce GTX 460 1GB ,AMD HD 6850 1GB Storage: 149 MB available space",
    "recommended_requirements": null,
    "reviews": []
}