{
    "app_id": 1005250,
    "name": "Arkane Rush Multiverse Mayhem",
    "release_date": "2019-01-22",
    "developer": [
        "Mafu Games"
    ],
    "publisher": [
        "Mafu Games"
    ],
    "platforms": [
        "windows"
    ],
    "required_age": 0,
    "categories": [
        "Single-player",
        "Steam Achievements",
        "Partial Controller Support",
        "Stats",
        "Steam Leaderboards"
    ],
    "genres": [
        "Action",
        "Adventure",
        "Indie"
    ],
    "tags": [
        "Action",
        "Indie",
        "Adventure"
    ],
    "achievements": 40,
    "positive_ratings": 3,
    "negative_ratings": 0,
    "price": 2.09,
    "description": "This is the second volume of the Arkane Rush series. The Multiverse Mayhem is a survival hardcore game in which the player will have many frenetic battles by using the Elemental Staffs and the Runes.",
    "header_img": "https://steamcdn-a.akamaihd.net/steam/apps/1005250/header.jpg?t=1548243167",
    "minimum_requirements": "OS: Windows 7 Processor: 2nd generation Core i3, AMD A6, or higher Memory: 4 GB RAM Graphics: Nvidia 8800 GT, AMD 5670, Intel HD 3000 Storage: 1 GB available space",
    "recommended_requirements": "OS: Windows 10 Processor: Core i5 Memory: 8 MB RAM Storage: 1 MB available space",
    "reviews": []
}