{
    "app_id": 1005050,
    "name": "Fabulous - Angela's True Colors",
    "release_date": "2019-01-24",
    "developer": [
        "GameHouse"
    ],
    "publisher": [
        "GameHouse"
    ],
    "platforms": [
        "windows",
        "mac"
    ],
    "required_age": 0,
    "categories": [
        "Single-player",
        "Steam Achievements"
    ],
    "genres": [
        "Adventure",
        "Casual",
        "Strategy"
    ],
    "tags": [
        "Strategy",
        "Casual",
        "Adventure"
    ],
    "achievements": 17,
    "positive_ratings": 8,
    "negative_ratings": 2,
    "price": 10.29,
    "description": "Take on the New York fashion world and show them what you're made of!",
    "header_img": "https://steamcdn-a.akamaihd.net/steam/apps/1005050/header.jpg?t=1548367533",
    "minimum_requirements": "OS: Windows 7, 8, 10 Processor: 1.6 GHZ Memory: 1 GB RAM Storage: 512 MB available space",
    "recommended_requirements": null,
    "reviews": []
}