{
    "app_id": 1005910,
    "name": "TAKANARIA",
    "release_date": "2019-01-14",
    "developer": [
        "Crownbird"
    ],
    "publisher": [
        "Crownbird"
    ],
    "platforms": [
        "windows"
    ],
    "required_age": 0,
    "categories": [
        "Single-player"
    ],
    "genres": [
        "Casual",
        "Free to Play",
        "Indie",
        "RPG"
    ],
    "tags": [
        "Free to Play",
        "RPG",
        "Indie"
    ],
    "achievements": 0,
    "positive_ratings": 125,
    "negative_ratings": 17,
    "price": 0.0,
    "description": "TAKANARIA is a very simple game created with Pixel art.",
    "header_img": "https://steamcdn-a.akamaihd.net/steam/apps/1005910/header.jpg?t=1547513198",
    "minimum_requirements": "OS: WIN7 SP1/WIN8/WIN10/XP Processor: 1.0 GHz Memory: 2 GB RAM Graphics: DirectX 9 compatible graphics card DirectX: Version 9.0 Storage: 1 GB available space",
    "recommended_requirements": "OS: WIN7 SP1/WIN8/WIN10/XP Processor: 2.0 GHz Memory: 4 GB RAM Graphics: DirectX 9 compatible graphics card DirectX: Version 9.0 Storage: 1 GB available space",
    "reviews": []
}