{
    "app_id": 1005900,
    "name": "Christmas Time 2019",
    "release_date": "2019-01-09",
    "developer": [
        "Pickle Drugs"
    ],
    "publisher": [
        "Pickle Drugs"
    ],
    "platforms": [
        "windows"
    ],
    "required_age": 0,
    "categories": [
        "Single-player",
        "Steam Achievements",
        "Steam Leaderboards"
    ],
    "genres": [
        "Action",
        "Adventure",
        "Casual",
        "Indie",
        "Simulation"
    ],
    "tags": [
        "Action",
        "Indie",
        "Casual"
    ],
    "achievements": 12,
    "positive_ratings": 7,
    "negative_ratings": 0,
    "price": 0.99,
    "description": "This is an FPS action game, in which you will become Santa on Christmas Eve!",
    "header_img": "https://steamcdn-a.akamaihd.net/steam/apps/1005900/header.jpg?t=1547032798",
    "minimum_requirements": "OS: Windows 7 / Windows 8 / Windows 10 Processor: Intel Core2Quad Q6600 2,40 GHz Memory: 4 GB RAM Graphics: GTX 460 Storage: 980 MB available space",
    "recommended_requirements": null,
    "reviews": []
}