{
    "app_id": 1005730,
    "name": "The First Track",
    "release_date": "2019-01-31",
    "developer": [
        "CSF"
    ],
    "publisher": [
        "CSF"
    ],
    "platforms": [
        "windows"
    ],
    "required_age": 0,
    "categories": [
        "Single-player"
    ],
    "genres": [
        "Casual",
        "Simulation",
        "Early Access"
    ],
    "tags": [
        "Early Access",
        "Simulation",
        "Casual"
    ],
    "achievements": 0,
    "positive_ratings": 12,
    "negative_ratings": 0,
    "price": 2.09,
    "description": "Realistic physics simulation tank track's vehicle game",
    "header_img": "https://steamcdn-a.akamaihd.net/steam/apps/1005730/header.jpg?t=1551675791",
    "minimum_requirements": "OS: Windows 7 Processor: Interl I7 Memory: 6 GB RAM Graphics: Nvidia GeForce GTX 760 DirectX: Version 11 Storage: 1000 MB available space Sound Card: Any",
    "recommended_requirements": null,
    "reviews": []
}