{
    "app_id": 1005630,
    "name": "Hope For Village",
    "release_date": "2019-04-04",
    "developer": [
        "Cloaz Studio"
    ],
    "publisher": [
        "Cloaz Studio"
    ],
    "platforms": [
        "windows"
    ],
    "required_age": 0,
    "categories": [
        "Single-player"
    ],
    "genres": [
        "Casual",
        "Indie",
        "RPG",
        "Strategy"
    ],
    "tags": [
        "Casual",
        "RPG",
        "Strategy"
    ],
    "achievements": 0,
    "positive_ratings": 13,
    "negative_ratings": 5,
    "price": 1.69,
    "description": "Hope For Village is an Old-School RPG game. Farming, crafting, combat, fishing and more, just explore it! Monsters, wild animals, enemies of kingdom... Who do you think will win?",
    "header_img": "https://steamcdn-a.akamaihd.net/steam/apps/1005630/header.jpg?t=1554372135",
    "minimum_requirements": "OS: Windows 7/8/8.1/10 Memory: 512 MB RAM DirectX: Version 9.0 Storage: 800 MB available space",
    "recommended_requirements": "OS: Windows 7/8/8.1/10 Memory: 1 GB RAM DirectX: Version 10 Storage: 800 MB available space",
    "reviews": []
}