{
    "app_id": 1005390,
    "name": "Anti-Grav Bamboo-copter",
    "release_date": "2019-01-25",
    "developer": [
        "Jw"
    ],
    "publisher": [
        "Jw"
    ],
    "platforms": [
        "windows"
    ],
    "required_age": 0,
    "categories": [
        "Single-player"
    ],
    "genres": [
        "Action",
        "Casual",
        "Indie"
    ],
    "tags": [
        "Action",
        "Indie",
        "Casual"
    ],
    "achievements": 0,
    "positive_ratings": 1,
    "negative_ratings": 0,
    "price": 1.69,
    "description": "Anti-gravity + Bamboo-copter + jet backpack",
    "header_img": "https://steamcdn-a.akamaihd.net/steam/apps/1005390/header.jpg?t=1548470076",
    "minimum_requirements": "Memory: 1 GB RAM Storage: 1 GB available space",
    "recommended_requirements": "Memory: 1 GB RAM Storage: 1 GB available space",
    "reviews": []
}