{
    "app_id": 1005870,
    "name": "HYPERFIGHT Max Battle",
    "release_date": "2019-03-07",
    "developer": [
        "Hypersnow Games"
    ],
    "publisher": [
        "Hypersnow Games"
    ],
    "platforms": [
        "windows",
        "mac",
        "linux"
    ],
    "required_age": 0,
    "categories": [
        "Single-player",
        "Multi-player",
        "Local Multi-Player",
        "Shared/Split Screen",
        "Full controller support"
    ],
    "genres": [
        "Action",
        "Free to Play",
        "Indie"
    ],
    "tags": [
        "Free to Play",
        "Action",
        "Indie"
    ],
    "achievements": 0,
    "positive_ratings": 102,
    "negative_ratings": 18,
    "price": 0.0,
    "description": "HYPERFIGHT is a fighting game where every hit is lethal, and every win counts. New characters and modes for maximized battle!",
    "header_img": "https://steamcdn-a.akamaihd.net/steam/apps/1005870/header.jpg?t=1551990050",
    "minimum_requirements": "OS: Windows 7 Memory: 2 GB RAM Storage: 100 MB available space",
    "recommended_requirements": null,
    "reviews": []
}