{
    "app_id": 1005000,
    "name": "Argonauts Agency: Golden Fleece",
    "release_date": "2019-02-22",
    "developer": [
        "Workroom7"
    ],
    "publisher": [
        "Workroom7"
    ],
    "platforms": [
        "windows",
        "mac"
    ],
    "required_age": 0,
    "categories": [
        "Single-player",
        "Steam Achievements",
        "Steam Cloud"
    ],
    "genres": [
        "Casual",
        "Simulation",
        "Strategy"
    ],
    "tags": [
        "Casual",
        "Strategy",
        "Simulation"
    ],
    "achievements": 29,
    "positive_ratings": 13,
    "negative_ratings": 0,
    "price": 4.79,
    "description": "Argonauts Agency: go on an adventure and solve the case of the missing Golden Fleece!",
    "header_img": "https://steamcdn-a.akamaihd.net/steam/apps/1005000/header.jpg?t=1553432871",
    "minimum_requirements": "OS: Windows XP Processor: 1.6 GHz Memory: 1 GB RAM Storage: 300 MB available space",
    "recommended_requirements": null,
    "reviews": []
}