{
    "app_id": 1005780,
    "name": "Card Adventures",
    "release_date": "2019-01-31",
    "developer": [
        "ChillFun"
    ],
    "publisher": [
        "ChillFun"
    ],
    "platforms": [
        "windows"
    ],
    "required_age": 0,
    "categories": [
        "Single-player",
        "Steam Achievements",
        "Steam Cloud",
        "Steam Leaderboards"
    ],
    "genres": [
        "Adventure",
        "Casual",
        "Indie",
        "RPG",
        "Strategy",
        "Early Access"
    ],
    "tags": [
        "Early Access",
        "Casual",
        "Strategy"
    ],
    "achievements": 43,
    "positive_ratings": 0,
    "negative_ratings": 1,
    "price": 7.19,
    "description": "What will happen if you combine card game with RPG? Heroes, allied characters, enemies with loot, different quest, interesting places and even bosses? Meet the Card adventures!",
    "header_img": "https://steamcdn-a.akamaihd.net/steam/apps/1005780/header.jpg?t=1549129395",
    "minimum_requirements": "OS: Windows XP SP2+ Processor: Dual-Core 1.60 GHz with SSE2 Memory: 1000 MB RAM Graphics: NVIDIA or AMD GPU with 256MB DirectX: Version 9.0 Storage: 400 MB available space Sound Card: DirectX 9 Compatible Additional Notes: Leaderboards requires internet connection",
    "recommended_requirements": "OS: Windows 7 Processor: Dual-Core 2.5 GHz or any Quad-Core Memory: 2000 MB RAM Graphics: NVIDIA or AMD GPU with 512MB DirectX: Version 9.0 Storage: 400 MB available space Sound Card: DirectX 9 Compatible Additional Notes: Leaderboards requires internet connection",
    "reviews": []
}