{
    "app_id": 1005310,
    "name": "Snake vs Snake",
    "release_date": "2019-03-29",
    "developer": [
        "CasualGames.nu"
    ],
    "publisher": [
        "CasualGames.nu"
    ],
    "platforms": [
        "windows",
        "mac",
        "linux"
    ],
    "required_age": 0,
    "categories": [
        "Single-player",
        "Local Multi-Player",
        "Shared/Split Screen",
        "Steam Achievements",
        "Full controller support"
    ],
    "genres": [
        "Action",
        "Casual",
        "Indie"
    ],
    "tags": [
        "Action",
        "Casual",
        "Indie"
    ],
    "achievements": 2,
    "positive_ratings": 7,
    "negative_ratings": 0,
    "price": 2.89,
    "description": "Snake vs Snake is a fast paced snake game with an insane battle mode with power-ups and much more. Inspired by old classical Snake but with a much faster arcade pace and local multiplayer support.",
    "header_img": "https://steamcdn-a.akamaihd.net/steam/apps/1005310/header.jpg?t=1556108284",
    "minimum_requirements": "OS: Windows 7 SP1+ Processor: Any 1.00 GHz or better Graphics: Graphics card with DX10 (shader model 4.0) capabilities Sound Card: Any",
    "recommended_requirements": "OS: Windows 10 Processor: Intel Core i3-3110M 2.40 GHz or better Graphics: Graphics card with DX10 (shader model 4.0) capabilities Sound Card: Any",
    "reviews": []
}