{
    "app_id": 1005450,
    "name": "Vision Soft Reset",
    "release_date": "2019-01-16",
    "developer": [
        "Mark Radocy"
    ],
    "publisher": [
        "Mark Radocy"
    ],
    "platforms": [
        "windows"
    ],
    "required_age": 0,
    "categories": [
        "Single-player",
        "Full controller support"
    ],
    "genres": [
        "Action",
        "Adventure",
        "Indie"
    ],
    "tags": [
        "Adventure",
        "Indie",
        "Action"
    ],
    "achievements": 0,
    "positive_ratings": 8,
    "negative_ratings": 1,
    "price": 7.19,
    "description": "Perceive the future in this time-travelling metroidvania.",
    "header_img": "https://steamcdn-a.akamaihd.net/steam/apps/1005450/header.jpg?t=1547636152",
    "minimum_requirements": "OS: Windows 7 Processor: SSE2 instruction set support Memory: 2 GB RAM Graphics: Graphics card with DX10 (shader model 4.0) capabilities Storage: 400 MB available space",
    "recommended_requirements": null,
    "reviews": []
}