{
    "app_id": 1005930,
    "name": "Timeflow – Time and Money Simulator",
    "release_date": "2019-01-18",
    "developer": [
        "Roman Makhmutov"
    ],
    "publisher": [
        "Roman Makhmutov"
    ],
    "platforms": [
        "windows",
        "mac",
        "linux"
    ],
    "required_age": 0,
    "categories": [
        "Single-player",
        "Multi-player",
        "Shared/Split Screen"
    ],
    "genres": [
        "Simulation",
        "Strategy",
        "Early Access"
    ],
    "tags": [
        "Early Access",
        "Strategy",
        "Simulation"
    ],
    "achievements": 0,
    "positive_ratings": 221,
    "negative_ratings": 26,
    "price": 7.19,
    "description": "Learn how to turn your time into money. Investment basics meet time management. Your goal is to make your life time dream come true. You can make a career, buy real estate, run business, play on a stock market, even become a blogger or make a fortune on an art market.",
    "header_img": "https://steamcdn-a.akamaihd.net/steam/apps/1005930/header.jpg?t=1553016821",
    "minimum_requirements": "OS: Windows 7 or higher Memory: 4 GB RAM Storage: 200 MB available space",
    "recommended_requirements": null,
    "reviews": []
}