{
    "app_id": 1006470,
    "name": "The Legacy of Music",
    "release_date": "2019-01-18",
    "developer": [
        "NEZOS GAMES"
    ],
    "publisher": [
        "NEZOS GAMES"
    ],
    "platforms": [
        "windows"
    ],
    "required_age": 0,
    "categories": [
        "Single-player",
        "Online Multi-Player",
        "Partial Controller Support",
        "Steam Cloud"
    ],
    "genres": [
        "Action",
        "Casual",
        "Indie"
    ],
    "tags": [
        "Action",
        "Indie",
        "Casual"
    ],
    "achievements": 0,
    "positive_ratings": 0,
    "negative_ratings": 2,
    "price": 3.99,
    "description": "Recover the lost music, advance through the tower with your friends, solving puzzles that require teamwork before the lava reaches them.",
    "header_img": "https://steamcdn-a.akamaihd.net/steam/apps/1006470/header.jpg?t=1553981413",
    "minimum_requirements": "Requires a 64-bit processor and operating system OS: Windows 7 64-bits Processor: Intel Core i3 2100 / AMD FX-4100 equivalent or greater Memory: 4 GB RAM Graphics: Nvidia Geforce GTX 760 /  AMD Radeon R9 280 equivalent or greater DirectX: Version 10 Network: Broadband Internet connection Storage: 2 GB available space Sound Card: DirectX compatible sound card",
    "recommended_requirements": "Requires a 64-bit processor and operating system OS: Windows 7 64-bits Processor: Intel Core i5 2500k / AMD FX-6300 equivalent or greater Memory: 8 GB RAM Graphics: Nvidia Geforce GTX 1050 /  AMD Radeon RX 560 equivalent or greater DirectX: Version 11 Network: Broadband Internet connection Storage: 2 GB available space Sound Card: DirectX compatible sound card",
    "reviews": []
}