{
    "app_id": 1006700,
    "name": "3Gun Nation VR",
    "release_date": "2019-02-27",
    "developer": [
        "Team Bravo Limited"
    ],
    "publisher": [
        "Team Bravo Limited"
    ],
    "platforms": [
        "windows"
    ],
    "required_age": 0,
    "categories": [
        "Single-player"
    ],
    "genres": [
        "Indie",
        "Racing",
        "Simulation",
        "Sports"
    ],
    "tags": [
        "Simulation",
        "Indie",
        "Sports"
    ],
    "achievements": 0,
    "positive_ratings": 12,
    "negative_ratings": 7,
    "price": 2.89,
    "description": "A VR shooting Game with different MAPS and Firearms. You will learn to aim and shoot firearms in both the Real and the VR world. It is all done in the comfort and safety of your home.",
    "header_img": "https://steamcdn-a.akamaihd.net/steam/apps/1006700/header.jpg?t=1552220829",
    "minimum_requirements": "OS: Windows 10 Processor: i5-4590 Memory: 8 GB RAM Graphics: Nvidia GTX 1050 Storage: 5 GB available space",
    "recommended_requirements": "OS: Windows 10 Processor: i7 Memory: 16 GB RAM Graphics: Nvidia GTX 1060 Storage: 5 GB available space",
    "reviews": []
}