{
    "app_id": 1006600,
    "name": "Hentai Octoq Puzzle",
    "release_date": "2019-01-25",
    "developer": [
        "Octoq Games"
    ],
    "publisher": [
        "Tower Up Studios"
    ],
    "platforms": [
        "windows"
    ],
    "required_age": 0,
    "categories": [
        "Single-player",
        "Steam Achievements",
        "Steam Cloud",
        "Stats"
    ],
    "genres": [
        "Casual",
        "Indie"
    ],
    "tags": [
        "Nudity",
        "Indie",
        "Casual"
    ],
    "achievements": 11,
    "positive_ratings": 1,
    "negative_ratings": 2,
    "price": 0.79,
    "description": "Be a “Sommelier” of beautiful girls in a puzzle game and achieve pleasures that will make you very happy. A game of high class and very refinement.",
    "header_img": "https://steamcdn-a.akamaihd.net/steam/apps/1006600/header.jpg?t=1553896818",
    "minimum_requirements": "OS: Windows XP SP2+ Processor: Intel Core Duo or faster Memory: 1 GB RAM Graphics: optional DirectX: Version 9.0c Storage: 50 MB available space",
    "recommended_requirements": "OS: Windows 10, 8, 7, Vista Processor: Intel Core 2 Duo or faster Memory: 2 GB RAM Graphics: Geforce 6100, Intel X3000 or Radeon X1300 DirectX: Version 11 Storage: 50 MB available space",
    "reviews": []
}