{
    "app_id": 1006390,
    "name": "プランZ PlanZ",
    "release_date": "2019-02-04",
    "developer": [
        "Yomu"
    ],
    "publisher": [
        "Yomu"
    ],
    "platforms": [
        "windows"
    ],
    "required_age": 0,
    "categories": [
        "Online Multi-Player"
    ],
    "genres": [
        "Casual",
        "Free to Play",
        "Strategy",
        "Early Access"
    ],
    "tags": [
        "Early Access",
        "Free to Play",
        "Casual"
    ],
    "achievements": 14,
    "positive_ratings": 7,
    "negative_ratings": 2,
    "price": 0.0,
    "description": "This game is a simple fighting game based on the board game plus the elements of the card game. Because it can not interfere with the king of the opponent in the effect of the card etc, it is rare that it will not get knocked out without any premonition.",
    "header_img": "https://steamcdn-a.akamaihd.net/steam/apps/1006390/header.jpg?t=1549762112",
    "minimum_requirements": "OS: windows 10 Processor: Intel(R) Core(TM) i5-6600K CPU @ 3.50GHz(4CPUs) Memory: 8 GB RAM Graphics: NVIDIA GTX 960 Storage: 300 MB available space",
    "recommended_requirements": null,
    "reviews": []
}