{
    "app_id": 1006190,
    "name": "Colorvore",
    "release_date": "2019-02-22",
    "developer": [
        "Dreamverse Entertainment"
    ],
    "publisher": [
        "Dreamverse Entertainment"
    ],
    "platforms": [
        "windows"
    ],
    "required_age": 0,
    "categories": [
        "Single-player",
        "Steam Achievements"
    ],
    "genres": [
        "Casual"
    ],
    "tags": [
        "Casual"
    ],
    "achievements": 23,
    "positive_ratings": 1,
    "negative_ratings": 0,
    "price": 0.79,
    "description": "Nom the colors!",
    "header_img": "https://steamcdn-a.akamaihd.net/steam/apps/1006190/header.jpg?t=1554103249",
    "minimum_requirements": "OS: Windows 7 or Later Processor: i7 or greater Memory: 1 MB RAM Graphics: AMD 5700 or greater Storage: 230 MB available space",
    "recommended_requirements": null,
    "reviews": []
}