{
    "app_id": 1006270,
    "name": "oldbI tyt ?",
    "release_date": "2019-01-11",
    "developer": [
        "Easy game"
    ],
    "publisher": [
        "Game for people"
    ],
    "platforms": [
        "windows"
    ],
    "required_age": 0,
    "categories": [
        "Single-player",
        "Steam Achievements"
    ],
    "genres": [
        "Action",
        "Indie",
        "Strategy"
    ],
    "tags": [
        "Indie",
        "Action",
        "Strategy"
    ],
    "achievements": 100,
    "positive_ratings": 20,
    "negative_ratings": 3,
    "price": 0.79,
    "description": "oldbI tyt- clone popular game called 2048. Try to get this number.",
    "header_img": "https://steamcdn-a.akamaihd.net/steam/apps/1006270/header.jpg?t=1550517927",
    "minimum_requirements": "OS: Windows xp sp2 Processor: Pentium® 4 1.5 GHz / Athlon® XP Memory: 512 MB RAM Graphics: GeForce 210 590Mhz Storage: 100 MB available space",
    "recommended_requirements": "OS: Windows 7 Processor: Pentium® 4 1.5 GHz / Athlon® XP Memory: 512 MB RAM Graphics: GeForce 210 590Mhz Storage: 150 MB available space",
    "reviews": []
}