{
    "app_id": 1006150,
    "name": "Urban Justice",
    "release_date": "2019-01-17",
    "developer": [
        "Evil Bunneh"
    ],
    "publisher": [
        "Evil Bunneh"
    ],
    "platforms": [
        "windows"
    ],
    "required_age": 0,
    "categories": [
        "Single-player",
        "Multi-player",
        "Co-op",
        "Shared/Split Screen",
        "Partial Controller Support",
        "Steam Cloud"
    ],
    "genres": [
        "Action",
        "Adventure",
        "Casual",
        "Indie"
    ],
    "tags": [
        "Action",
        "Indie",
        "Casual"
    ],
    "achievements": 0,
    "positive_ratings": 9,
    "negative_ratings": 3,
    "price": 5.79,
    "description": "Urban Justice is a side scroller fighting game inspired by the genre's classics like Final Fight and Streets of Rage. The game offers a fast paced, casual gameplay that puts players in Riverden, a city being torn apart by gangs, hooligans and corrupted government.",
    "header_img": "https://steamcdn-a.akamaihd.net/steam/apps/1006150/header.jpg?t=1551550382",
    "minimum_requirements": "OS: Windows 7 Processor: Intel 1.2 Ghz or equivalent Memory: 2 GB RAM Graphics: Intel (R) HD Graphics or equivalent DirectX: Version 9.0 Storage: 1 GB available space",
    "recommended_requirements": "OS: Windows 7 / 10 Processor: Intel 1.6 Ghz or equivalent Memory: 2 GB RAM Graphics: GeForce or ATI Graphic Accelerator DirectX: Version 9.0 Storage: 1 GB available space",
    "reviews": []
}