{
    "app_id": 1006170,
    "name": "消灭魔王军 Destroy the demon army",
    "release_date": "2019-01-11",
    "developer": [
        "幻想工房"
    ],
    "publisher": [
        "幻想工房"
    ],
    "platforms": [
        "windows"
    ],
    "required_age": 0,
    "categories": [
        "Single-player"
    ],
    "genres": [
        "Casual",
        "Indie",
        "Simulation",
        "Strategy"
    ],
    "tags": [
        "Strategy",
        "Indie",
        "Casual"
    ],
    "achievements": 0,
    "positive_ratings": 1,
    "negative_ratings": 6,
    "price": 0.79,
    "description": "This game is a purely placed game. The player can run the game automatically without any or little operation. The goal is to destroy all the Devils and Devils.",
    "header_img": "https://steamcdn-a.akamaihd.net/steam/apps/1006170/header.jpg?t=1547305819",
    "minimum_requirements": "OS: WindowsR 7/8/8.1/10 (32bit/64bit) Processor: Windows 7/8/10 (32bit/64bit) Memory: 256 MB RAM Graphics: DirectX 9/OpenGL 4.1 capable GPU Storage: 5 MB available space",
    "recommended_requirements": "OS: WindowsR 7/8/8.1/10 (32bit/64bit) Processor: Windows 7/8/10 (32bit/64bit) Memory: 1 GB RAM Graphics: GPU 2GB Storage: 10 MB available space",
    "reviews": []
}