{
    "app_id": 1006440,
    "name": "The Dame Was Loaded",
    "release_date": "2019-01-28",
    "developer": [
        "Beam Software"
    ],
    "publisher": [
        "Piko Interactive LLC"
    ],
    "platforms": [
        "windows"
    ],
    "required_age": 0,
    "categories": [
        "Single-player"
    ],
    "genres": [
        "Adventure",
        "Strategy"
    ],
    "tags": [
        "Adventure",
        "Strategy",
        "FMV"
    ],
    "achievements": 0,
    "positive_ratings": 1,
    "negative_ratings": 0,
    "price": 4.79,
    "description": "An adventure set in the world of a 1940's private eye Dames are trouble, but trouble is your business. For a dame, and maybe a hundred bucks in advance, you'd lose a few teeth and a few friends. For sweet Carol Klein, you might even stand in front of a gun or two.",
    "header_img": "https://steamcdn-a.akamaihd.net/steam/apps/1006440/header.jpg?t=1548686979",
    "minimum_requirements": "OS: Windows 7, Windows 8, Windows 10 Processor: Pentium 4, Athlon 64 or later Memory: 256 MB RAM Graphics: Athlon 64 or later Storage: 1 GB available space",
    "recommended_requirements": null,
    "reviews": []
}