{
    "app_id": 1006430,
    "name": "Hectic Highways",
    "release_date": "2019-02-01",
    "developer": [
        "Whiteshadow Games"
    ],
    "publisher": [
        "Whiteshadow Games"
    ],
    "platforms": [
        "windows"
    ],
    "required_age": 0,
    "categories": [
        "Single-player"
    ],
    "genres": [
        "Action",
        "Casual",
        "Indie"
    ],
    "tags": [
        "Action",
        "Indie",
        "Casual"
    ],
    "achievements": 0,
    "positive_ratings": 3,
    "negative_ratings": 0,
    "price": 2.99,
    "description": "Jump into action and make your way down the Hectic Highways! With 4 different environments and 15 unique levels, only YOU can make it down the Hectic Highways alive!",
    "header_img": "https://steamcdn-a.akamaihd.net/steam/apps/1006430/header.jpg?t=1550140282",
    "minimum_requirements": "Requires a 64-bit processor and operating system OS: Windows 7 Processor: Intel Core i3 Memory: 4 GB RAM Graphics: Nvidia GTX 760 4GB DirectX: Version 11 Storage: 3 GB available space Additional Notes: This is a rough estimate and requirements have not been fully tested.",
    "recommended_requirements": "Requires a 64-bit processor and operating system OS: Windows 10 Processor: Intel Core i7-4790 CPU @ 3.60 GHz Memory: 8 GB RAM Graphics: Nvidia GTX 980 4GB DirectX: Version 11 Storage: 3 GB available space",
    "reviews": []
}