{
    "app_id": 1006760,
    "name": "Cyborg Ninja vs. The Third Reich",
    "release_date": "2019-03-11",
    "developer": [
        "Anarchy Softworks LLC"
    ],
    "publisher": [
        "Anarchy Softworks LLC"
    ],
    "platforms": [
        "windows"
    ],
    "required_age": 0,
    "categories": [
        "Single-player",
        "Steam Achievements",
        "Full controller support"
    ],
    "genres": [
        "Action",
        "Indie"
    ],
    "tags": [
        "Action",
        "Indie",
        "Violent"
    ],
    "achievements": 5,
    "positive_ratings": 3,
    "negative_ratings": 1,
    "price": 1.69,
    "description": "Cyborg Ninja vs. The Third Reich is a 2D action platforming game! Become a Cyborg Ninja and destroy the Nazi menace in this throwback to the 16 bit side scrolling glory days!",
    "header_img": "https://steamcdn-a.akamaihd.net/steam/apps/1006760/header.jpg?t=1552304206",
    "minimum_requirements": "OS: Windows 7 or Later Processor: 2 GHz Dual Core Memory: 2 GB RAM Storage: 75 MB available space Additional Notes: *Xbox 360/One Controller Recommended",
    "recommended_requirements": "OS: Windows 10 64bit Processor: 2 GHz Quad Core Memory: 4 GB RAM Graphics: 1280x720 Resolution Support Required for Fullscreen Additional Notes: *60hz monitor setting recommended",
    "reviews": []
}