{
    "app_id": 1006850,
    "name": "XDeskClock",
    "release_date": "2019-01-18",
    "developer": [
        "XWidgetSoft"
    ],
    "publisher": [
        "XWidgetSoft"
    ],
    "platforms": [
        "windows"
    ],
    "required_age": 0,
    "categories": [
        "Steam Cloud"
    ],
    "genres": [
        "Animation & Modeling",
        "Utilities",
        "Early Access"
    ],
    "tags": [
        "Early Access",
        "Utilities",
        "Animation & Modeling"
    ],
    "achievements": 0,
    "positive_ratings": 6,
    "negative_ratings": 1,
    "price": 2.09,
    "description": "XDeskClock is a lightweight personalized clock program for your desktop.You can download more than 400+ beautiful clocks from the built-in online workshop gallery with just one-click.",
    "header_img": "https://steamcdn-a.akamaihd.net/steam/apps/1006850/header.jpg?t=1548423185",
    "minimum_requirements": "OS: Windows 7 / 8 / 8.1 / 10 Memory: 128 MB RAM Storage: 50 MB available space",
    "recommended_requirements": null,
    "reviews": []
}