{
    "app_id": 1006730,
    "name": "Cantrip Cafe",
    "release_date": "2019-02-14",
    "developer": [
        "Jaden Davis",
        "Eva Wierzbicki"
    ],
    "publisher": [
        "Chubby Puppy Games"
    ],
    "platforms": [
        "windows",
        "mac"
    ],
    "required_age": 0,
    "categories": [
        "Single-player",
        "Multi-player",
        "Local Multi-Player",
        "Co-op",
        "Local Co-op",
        "Shared/Split Screen",
        "Steam Achievements",
        "Full controller support"
    ],
    "genres": [
        "Casual"
    ],
    "tags": [
        "Casual",
        "Co-op",
        "Magic"
    ],
    "achievements": 13,
    "positive_ratings": 5,
    "negative_ratings": 0,
    "price": 0.0,
    "description": "Cantrip Cafe is a zany, zesty restaurant game where you and your friends play as spell-casting witches to not only serve your customers, but protect them from a horde of hungry monsters.",
    "header_img": "https://steamcdn-a.akamaihd.net/steam/apps/1006730/header.jpg?t=1553555522",
    "minimum_requirements": "Additional Notes: Controller Recommended",
    "recommended_requirements": "Additional Notes: Controller Recommended",
    "reviews": []
}