{
    "app_id": 1006770,
    "name": "the LAST LETTER",
    "release_date": "2019-02-09",
    "developer": [
        "Donuts Co. Ltd."
    ],
    "publisher": [
        "Donuts Co. Ltd."
    ],
    "platforms": [
        "windows"
    ],
    "required_age": 0,
    "categories": [
        "Single-player"
    ],
    "genres": [
        "Action",
        "Adventure",
        "Indie"
    ],
    "tags": [
        "Adventure",
        "Indie",
        "Action"
    ],
    "achievements": 0,
    "positive_ratings": 1,
    "negative_ratings": 1,
    "price": 18.9,
    "description": "The Last Letter is a VR Narrative Puzzle Game. An enigmatic letter of girlfriend’s Grandma accompanying an antique board game will lead you to the discovery of a mysterious and fantastic world.",
    "header_img": "https://steamcdn-a.akamaihd.net/steam/apps/1006770/header.jpg?t=1554979759",
    "minimum_requirements": "OS: 7 Processor: Core i5 Memory: 8 GB RAM Graphics: Geforce 970 Storage: ５ GB available space",
    "recommended_requirements": "OS: 10 Processor: Core i7 Memory: 16 GB RAM Graphics: Geforce 1070 Storage: ５ GB available space",
    "reviews": []
}