{
    "app_id": 1006920,
    "name": "Pull Ball",
    "release_date": "2019-01-18",
    "developer": [
        "Nichengun"
    ],
    "publisher": [
        "Nichengun"
    ],
    "platforms": [
        "windows",
        "mac"
    ],
    "required_age": 0,
    "categories": [
        "Single-player",
        "Steam Achievements",
        "Steam Leaderboards"
    ],
    "genres": [
        "Casual",
        "Indie"
    ],
    "tags": [
        "Indie",
        "Casual",
        "Puzzle"
    ],
    "achievements": 100,
    "positive_ratings": 3,
    "negative_ratings": 1,
    "price": 0.79,
    "description": "Minimalist ball game with original gameplay, including 90 levels with puzzle elements and endless survival mode. You can also compete with other players live.",
    "header_img": "https://steamcdn-a.akamaihd.net/steam/apps/1006920/header.jpg?t=1547880424",
    "minimum_requirements": "OS: Windows XP or later Processor: 1.5 GHz Core2Duo Graphics: OpenGL 2 or higher Storage: 35 MB available space",
    "recommended_requirements": null,
    "reviews": []
}