{
    "app_id": 1006720,
    "name": "PUZZLE: BIRDS",
    "release_date": "2019-01-10",
    "developer": [
        "AFBIK Studio"
    ],
    "publisher": [
        "AFBIK Studio"
    ],
    "platforms": [
        "windows"
    ],
    "required_age": 0,
    "categories": [
        "Single-player",
        "Steam Achievements",
        "Steam Cloud"
    ],
    "genres": [
        "Adventure",
        "Casual",
        "Indie"
    ],
    "tags": [
        "Casual",
        "Adventure",
        "Indie"
    ],
    "achievements": 20,
    "positive_ratings": 3,
    "negative_ratings": 1,
    "price": 0.79,
    "description": "PUZZLE: BIRDS - a logical game in which your task is to collect puzzles and get a picture of different birds",
    "header_img": "https://steamcdn-a.akamaihd.net/steam/apps/1006720/header.jpg?t=1547109793",
    "minimum_requirements": "OS: Windows XP, Vista, 7,8,10 Processor: 2.0 GHz CPU Dual Core Memory: 1024 MB RAM Graphics: 512 MB Storage: 100 MB available space Sound Card: Any Additional Notes: Use headphones for better experience!",
    "recommended_requirements": "OS: Windows XP, Vista, 7,8,10 Processor: Core i3 or higher Memory: 1024 MB RAM Graphics: 1 GB Storage: 100 MB available space Sound Card: Any Additional Notes: Use headphones for better experience!",
    "reviews": []
}