{
    "app_id": 1006880,
    "name": "Chocolate makes you happy: Valentine's Day",
    "release_date": "2019-01-15",
    "developer": [
        "Blender Games"
    ],
    "publisher": [
        "Blender Games"
    ],
    "platforms": [
        "windows"
    ],
    "required_age": 0,
    "categories": [
        "Single-player",
        "Steam Achievements"
    ],
    "genres": [
        "Casual",
        "Indie"
    ],
    "tags": [
        "Casual",
        "Indie",
        "Puzzle"
    ],
    "achievements": 100,
    "positive_ratings": 4,
    "negative_ratings": 6,
    "price": 0.79,
    "description": "Casual colorful physical puzzle with sweets, jumpers, teleports, accelerators, reverse gravity, traps, treadmills, Cupids, hearts, Valentines art and explosions.",
    "header_img": "https://steamcdn-a.akamaihd.net/steam/apps/1006880/header.jpg?t=1553272348",
    "minimum_requirements": "OS: Windows 7, 8.1, 10 Processor: Intel or AMD 2 GHz Memory: 2 GB RAM Graphics: Any",
    "recommended_requirements": null,
    "reviews": []
}