{
    "app_id": 1006450,
    "name": "Eric The Unready",
    "release_date": "2019-01-28",
    "developer": [
        "Legend Entertainment"
    ],
    "publisher": [
        "Piko Interactive LLC"
    ],
    "platforms": [
        "windows"
    ],
    "required_age": 0,
    "categories": [
        "Single-player"
    ],
    "genres": [
        "Adventure"
    ],
    "tags": [
        "Adventure"
    ],
    "achievements": 0,
    "positive_ratings": 2,
    "negative_ratings": 0,
    "price": 4.79,
    "description": "Eric the Unready established his reputation by impaling his instructor during jousting class. Then, when Princess Lorealle the Worthy is kidnapped, Eric begins a madcap quest through his hilarious fantasy world packed with horrible beasts!",
    "header_img": "https://steamcdn-a.akamaihd.net/steam/apps/1006450/header.jpg?t=1548686963",
    "minimum_requirements": "OS: Windows 7, Windows 8, Windows 10 Processor: Pentium 4, Athlon 64 or later Memory: 256 MB RAM Graphics: Athlon 64 or later Storage: 400 MB available space",
    "recommended_requirements": null,
    "reviews": []
}