{
    "app_id": 1007350,
    "name": "Mirror Maker",
    "release_date": "2019-01-17",
    "developer": [
        "KAGAMI WORKs"
    ],
    "publisher": [
        "Paradise Project"
    ],
    "platforms": [
        "windows"
    ],
    "required_age": 0,
    "categories": [
        "Single-player",
        "Steam Trading Cards"
    ],
    "genres": [
        "Indie",
        "RPG",
        "Simulation"
    ],
    "tags": [
        "Nudity",
        "Sexual Content",
        "RPG"
    ],
    "achievements": 0,
    "positive_ratings": 122,
    "negative_ratings": 29,
    "price": 1.69,
    "description": "The reason we made Mirror Maker is to give the players the freedom to create. Make your own version of Mirror and share it with the world.",
    "header_img": "https://steamcdn-a.akamaihd.net/steam/apps/1007350/header.jpg?t=1548149896",
    "minimum_requirements": "OS: WIN7 SP1/WIN8/WIN10/XP Processor: 2 GHz Memory: 2 GB RAM Graphics: DirectX 9 compatible graphics card DirectX: Version 9.0 Storage: 2 GB available space",
    "recommended_requirements": null,
    "reviews": []
}