{
    "app_id": 1007630,
    "name": "Wraithslayer",
    "release_date": "2019-02-22",
    "developer": [
        "Devin Cole",
        "Sean Young"
    ],
    "publisher": [
        "SmashGames"
    ],
    "platforms": [
        "windows",
        "mac",
        "linux"
    ],
    "required_age": 0,
    "categories": [
        "Single-player",
        "Partial Controller Support"
    ],
    "genres": [
        "Action",
        "Adventure",
        "Indie",
        "Early Access"
    ],
    "tags": [
        "Early Access",
        "Action",
        "Indie"
    ],
    "achievements": 29,
    "positive_ratings": 35,
    "negative_ratings": 0,
    "price": 3.99,
    "description": "An intense and challenging boss battle in an abstract horror world.",
    "header_img": "https://steamcdn-a.akamaihd.net/steam/apps/1007630/header.jpg?t=1550943097",
    "minimum_requirements": "OS: Windows XP, Vista, 7, 8/8.1, 10 Processor: 2.0 Ghz Memory: 1 GB RAM Graphics: 256mb Video Memory, capable of OpenGL 2.0+ support Storage: 100 MB available space Sound Card: Any",
    "recommended_requirements": null,
    "reviews": []
}