{
    "app_id": 1007980,
    "name": "Santa in search of toys",
    "release_date": "2019-01-19",
    "developer": [
        "Laush Dmitriy Sergeevich"
    ],
    "publisher": [
        "Laush Studio"
    ],
    "platforms": [
        "windows"
    ],
    "required_age": 0,
    "categories": [
        "Single-player",
        "Steam Achievements"
    ],
    "genres": [
        "Casual",
        "Indie"
    ],
    "tags": [
        "Casual",
        "Indie",
        "Adventure"
    ],
    "achievements": 45,
    "positive_ratings": 9,
    "negative_ratings": 1,
    "price": 2.89,
    "description": "It's a nice 3D platformer with a side view. In it you have to play for Santa and collect a variety of toys to then put them under the Christmas tree in the house!",
    "header_img": "https://steamcdn-a.akamaihd.net/steam/apps/1007980/header.jpg?t=1547897330",
    "minimum_requirements": "OS: Windows XP and newer Processor: Intel core 2 quad q6600 Memory: 2048 MB RAM Graphics: GeForce EN9600 GT Storage: 300 MB available space",
    "recommended_requirements": null,
    "reviews": []
}