{
    "app_id": 1007480,
    "name": "Manipulator of Figure",
    "release_date": "2019-01-19",
    "developer": [
        "Ravio Karo"
    ],
    "publisher": [
        "Ravio Karo"
    ],
    "platforms": [
        "windows"
    ],
    "required_age": 0,
    "categories": [
        "Single-player",
        "Steam Achievements"
    ],
    "genres": [
        "Adventure",
        "Casual",
        "Indie",
        "Simulation"
    ],
    "tags": [
        "Casual",
        "Indie",
        "Adventure"
    ],
    "achievements": 6,
    "positive_ratings": 25,
    "negative_ratings": 2,
    "price": 0.79,
    "description": "Manipulator of Figure - this is an interesting puzzle game using physics, where you have to deliver the green circle to the purple platform. To do this, rearrange, swap, drop physical shapes to complete the task. Can you become a master of figures?",
    "header_img": "https://steamcdn-a.akamaihd.net/steam/apps/1007480/header.jpg?t=1549349725",
    "minimum_requirements": "OS: Windows XP/7/8/8.1/10 Processor: 1.2 Ghz or faster processor Memory: 512 MB RAM Graphics: 200 MB DirectX: Version 9.0 Storage: 200 MB available space Additional Notes: Keyboard and Mouse",
    "recommended_requirements": "OS: Windows XP/7/8/8.1/10 Processor: 2 Ghz Memory: 1024 MB RAM Graphics: 512 MB DirectX: Version 9.0 Storage: 200 MB available space Additional Notes: Keyboard and Mouse",
    "reviews": []
}