{
    "app_id": 1007900,
    "name": "Manipulator of Figure 2",
    "release_date": "2019-01-26",
    "developer": [
        "Ravio Karo"
    ],
    "publisher": [
        "Ravio Karo"
    ],
    "platforms": [
        "windows"
    ],
    "required_age": 0,
    "categories": [
        "Single-player",
        "Steam Achievements"
    ],
    "genres": [
        "Adventure",
        "Casual",
        "Indie",
        "Simulation"
    ],
    "tags": [
        "Casual",
        "Indie",
        "Adventure"
    ],
    "achievements": 6,
    "positive_ratings": 24,
    "negative_ratings": 1,
    "price": 0.79,
    "description": "Manipulator of Figure 2 - this is the second part of an interesting logic puzzle, where you need to play with physics figures to deliver the green circle to the purple platform. Throw away, remove, build from figures what you need to complete the task, use physics to the fullest! Do you have enough wits to complete all the levels?",
    "header_img": "https://steamcdn-a.akamaihd.net/steam/apps/1007900/header.jpg?t=1549349767",
    "minimum_requirements": "OS: Windows XP/7/8/8.1/10 Processor: 1.2 Ghz or faster processor Memory: 512 MB RAM Graphics: 200 MB DirectX: Version 9.0 Storage: 200 MB available space Additional Notes: Keyboard and Mouse",
    "recommended_requirements": "OS: Windows XP/7/8/8.1/10 Processor: 2 Ghz Memory: 1024 MB RAM Graphics: 512 MB DirectX: Version 9.0 Storage: 200 MB available space Additional Notes: Keyboard and Mouse",
    "reviews": []
}