{
    "app_id": 1007200,
    "name": "Mutagen Extinction",
    "release_date": "2019-02-21",
    "developer": [
        "CyOEntertainment"
    ],
    "publisher": [
        "CyO Entertainment"
    ],
    "platforms": [
        "windows"
    ],
    "required_age": 0,
    "categories": [
        "Single-player",
        "Online Multi-Player"
    ],
    "genres": [
        "Action",
        "Adventure",
        "Indie",
        "RPG"
    ],
    "tags": [
        "Action",
        "Violent",
        "Adventure"
    ],
    "achievements": 0,
    "positive_ratings": 2,
    "negative_ratings": 2,
    "price": 19.49,
    "description": "Live unlimited adventures with your friends in an incredibly beautiful and extensive world, build your future and unravel the ancient arcane arts of the elderly, defend your home from mutated creatures and other survivors.",
    "header_img": "https://steamcdn-a.akamaihd.net/steam/apps/1007200/header.jpg?t=1550748954",
    "minimum_requirements": "Requires a 64-bit processor and operating system OS: Windows 7/8/10 64-bit Processor: Intel Core i5-2400, AMD FX-8320 Memory: 8 GB RAM Graphics: GeForce 1050, Radeon RX 480 DirectX: Version 11 Network: Broadband Internet connection Storage: 5 GB available space Sound Card: Compatible con DX11",
    "recommended_requirements": "Requires a 64-bit processor and operating system OS: Windows 7/8/10 64-bit Processor: Intel Core i7-4770, AMD FX-9590 Memory: 16 GB RAM Graphics: GeForce 1060, Radeon RX 580 DirectX: Version 11 Network: Broadband Internet connection Storage: 5 GB available space Sound Card: Compatible con DX11",
    "reviews": []
}