{
    "app_id": 1007780,
    "name": "The Jekoos",
    "release_date": "2019-01-14",
    "developer": [
        "Bmc Studio"
    ],
    "publisher": [
        "Bmc Studio"
    ],
    "platforms": [
        "windows"
    ],
    "required_age": 0,
    "categories": [
        "Single-player"
    ],
    "genres": [
        "Action",
        "Adventure",
        "Casual",
        "Indie",
        "RPG",
        "Strategy"
    ],
    "tags": [
        "Adventure",
        "Indie",
        "Casual"
    ],
    "achievements": 0,
    "positive_ratings": 9,
    "negative_ratings": 3,
    "price": 2.09,
    "description": "Have you ever drawn little comics when you were bored in High School? Have you ever wondered what it would look like if they took life? Well, that's basicaly The Jekoos in a nutshell.",
    "header_img": "https://steamcdn-a.akamaihd.net/steam/apps/1007780/header.jpg?t=1548280189",
    "minimum_requirements": "OS: Microsoft Windows Xp / Vista / 7 / 8 / 10 Processor: 1.5Ghz Processor or better Memory: 1 GB RAM Graphics: Integrated Graphics Chip Storage: 1321 MB available space Additional Notes: *It can work on almost any pc*",
    "recommended_requirements": null,
    "reviews": []
}