{
    "app_id": 1007490,
    "name": "Gladiator: Blades of Fury",
    "release_date": "2019-03-07",
    "developer": [
        "Yash Future Tech Solutions Pvt Ltd"
    ],
    "publisher": [
        "Yash Future Tech Solutions Pvt Ltd"
    ],
    "platforms": [
        "windows"
    ],
    "required_age": 0,
    "categories": [
        "Single-player",
        "Multi-player",
        "Shared/Split Screen",
        "Steam Achievements",
        "Partial Controller Support"
    ],
    "genres": [
        "Action",
        "Adventure",
        "Indie"
    ],
    "tags": [
        "Action",
        "Adventure",
        "Indie"
    ],
    "achievements": 6,
    "positive_ratings": 1,
    "negative_ratings": 1,
    "price": 7.19,
    "description": "Gladiator: Blades of Fury is a melee combat action fighting game set during the medieval period. Players can play as a gladiator from four different clans, namely the Barbarians, the Assassins, the Knights, and the Dwarves. All heroes are unique and have their own weapons, skills, and fighting styles.",
    "header_img": "https://steamcdn-a.akamaihd.net/steam/apps/1007490/header.jpg?t=1551984386",
    "minimum_requirements": "OS: Windows 7 or later required Processor: Intel Core i3 515 7U Memory: 4 GB RAM Graphics: 1 GB AMD or NVIDIA Graphic Card DirectX: Version 9.0 Storage: 2 GB available space",
    "recommended_requirements": "OS: Windows 10 or Later Processor: Intel Core i5 6600K Memory: 8 GB RAM Graphics: 2 GB Nvidia GTX 970 Graphic Card DirectX: Version 10 Storage: 4 GB available space",
    "reviews": []
}