{
    "app_id": 1007730,
    "name": "Greed 2: Forbidden Experiments",
    "release_date": "2019-01-21",
    "developer": [
        "Urchin Games"
    ],
    "publisher": [
        "HH-Games"
    ],
    "platforms": [
        "windows"
    ],
    "required_age": 0,
    "categories": [
        "Single-player"
    ],
    "genres": [
        "Casual"
    ],
    "tags": [
        "Casual",
        "Hidden Object"
    ],
    "achievements": 0,
    "positive_ratings": 10,
    "negative_ratings": 3,
    "price": 4.99,
    "description": "Play the second part of the thrilling hidden object adventure &quot;Greed&quot;! Help Julia save her sister Sophia, who was abducted many years ago. Find out the sinister plans of the secret cult of the Oracles and stop their forbidden experiments.",
    "header_img": "https://steamcdn-a.akamaihd.net/steam/apps/1007730/header.jpg?t=1548144787",
    "minimum_requirements": "OS: Windows XP/ME/Vista/7/8/10 Processor: 1.0GHz CPU Memory: 128 MB RAM Graphics: 128MB DirectX: Version 9.0 Storage: 4 GB available space Sound Card: DirectX compatible sound card",
    "recommended_requirements": "OS: Windows XP/ME/Vista/7/8/10 Processor: 1.2GHz CPU Memory: 128 MB RAM Graphics: 256 MB DirectX: Version 9.0 Storage: 4 GB available space Sound Card: DirectX compatible sound card",
    "reviews": []
}