{
    "app_id": 1007210,
    "name": "Trouble Travel TT",
    "release_date": "2019-02-14",
    "developer": [
        "PPC"
    ],
    "publisher": [
        "PPC"
    ],
    "platforms": [
        "windows"
    ],
    "required_age": 0,
    "categories": [
        "Single-player"
    ],
    "genres": [
        "Action",
        "Adventure",
        "Casual"
    ],
    "tags": [
        "Action",
        "Casual",
        "Adventure"
    ],
    "achievements": 0,
    "positive_ratings": 16,
    "negative_ratings": 2,
    "price": 0.79,
    "description": "An easy-to-play platformer-quest, invites the player to go through the hard way of a person who got lost in a nonexistent city. In which strange things happen. Solve riddles, keep up on time, run while you can. Perhaps you can get out.",
    "header_img": "https://steamcdn-a.akamaihd.net/steam/apps/1007210/header.jpg?t=1550132355",
    "minimum_requirements": "OS: Windows Vista, Windows 7, Windows 8 Processor: Intel Core Duo, 2.4 GHz / AMD Athlon X2, 2.8 GHz Memory: 1 GB RAM Graphics: NVIDIA GeForce 8800 GTS / AMD Radeon 3850 DirectX: Version 10 Storage: 910 MB available space",
    "recommended_requirements": "OS: Windows Vista, Windows 7, Windows 8 Processor: Intel Core i3 or AMD, 2.5 GHz Memory: 2 GB RAM Graphics: NVIDIA GeForce 470 GTX или AMD Radeon 6870 HD или лучше DirectX: Version 11 Storage: 910 MB available space",
    "reviews": []
}