{
    "app_id": 1007430,
    "name": "SixCubes",
    "release_date": "2019-02-19",
    "developer": [
        "Dnovel"
    ],
    "publisher": [
        "Dnovel"
    ],
    "platforms": [
        "windows"
    ],
    "required_age": 0,
    "categories": [
        "Single-player",
        "Local Multi-Player",
        "Co-op",
        "Local Co-op",
        "Partial Controller Support"
    ],
    "genres": [
        "Action",
        "Adventure",
        "Casual",
        "Indie",
        "Massively Multiplayer"
    ],
    "tags": [
        "Action",
        "Indie",
        "Casual"
    ],
    "achievements": 6,
    "positive_ratings": 12,
    "negative_ratings": 0,
    "price": 7.19,
    "description": "Six dice is an adventure adventure game. Help the dice to solve puzzles and fight with opponents.",
    "header_img": "https://steamcdn-a.akamaihd.net/steam/apps/1007430/header.jpg?t=1550567454",
    "minimum_requirements": "OS: Windows 7 or later Processor: intel x86 family, 2Ghz Memory: 2 GB RAM Graphics: opengl 2.0 supported graphics card Storage: 180 MB available space",
    "recommended_requirements": null,
    "reviews": []
}