{
    "app_id": 1007260,
    "name": "BubbleGum-Push",
    "release_date": "2019-03-11",
    "developer": [
        "GoshFather"
    ],
    "publisher": [
        "GoshFather"
    ],
    "platforms": [
        "windows"
    ],
    "required_age": 0,
    "categories": [
        "Single-player"
    ],
    "genres": [
        "Casual",
        "Free to Play",
        "Indie"
    ],
    "tags": [
        "Free to Play",
        "Indie",
        "Casual"
    ],
    "achievements": 0,
    "positive_ratings": 4,
    "negative_ratings": 3,
    "price": 0.0,
    "description": "Simple, Challenging, Fun, and Free! Fight your way to the top of a cute little gum-ball-machine! A simple and cozy game that will have you hooked in an effort to win prize after prize! Ladies....Gentlemen: BubbleGum-Push!",
    "header_img": "https://steamcdn-a.akamaihd.net/steam/apps/1007260/header.jpg?t=1552330810",
    "minimum_requirements": "Requires a 64-bit processor and operating system OS: Windows 7 Processor: Intel Core 2 Duo Memory: 2 GB RAM Graphics: Intel 620 DirectX: Version 9.0 Storage: 40 MB available space",
    "recommended_requirements": "Requires a 64-bit processor and operating system",
    "reviews": []
}