{
    "app_id": 1007820,
    "name": "Brawl",
    "release_date": "2019-01-20",
    "developer": [
        "Milan Toth"
    ],
    "publisher": [
        "Milan Toth"
    ],
    "platforms": [
        "windows",
        "mac"
    ],
    "required_age": 0,
    "categories": [
        "Single-player",
        "In-App Purchases"
    ],
    "genres": [
        "Action"
    ],
    "tags": [
        "Action"
    ],
    "achievements": 0,
    "positive_ratings": 6,
    "negative_ratings": 0,
    "price": 0.0,
    "description": "Mass Brawl!",
    "header_img": "https://steamcdn-a.akamaihd.net/steam/apps/1007820/header.jpg?t=1547971717",
    "minimum_requirements": "Requires a 64-bit processor and operating system OS: Windows 10 Processor: Any Memory: 512 MB RAM Graphics: OpenGL Storage: 100 MB available space Sound Card: Any",
    "recommended_requirements": "Requires a 64-bit processor and operating system OS: Windows 10 Processor: Any Memory: 512 MB RAM Graphics: OpenGL Storage: 100 MB available space Sound Card: Any",
    "reviews": []
}