{
    "app_id": 1007360,
    "name": "SZEN",
    "release_date": "2019-01-30",
    "developer": [
        "Theory Studios LLC"
    ],
    "publisher": [
        "Theory Studios LLC"
    ],
    "platforms": [
        "windows"
    ],
    "required_age": 0,
    "categories": [
        "Single-player"
    ],
    "genres": [
        "Casual",
        "Indie",
        "Simulation"
    ],
    "tags": [
        "Indie",
        "Casual",
        "Simulation"
    ],
    "achievements": 0,
    "positive_ratings": 3,
    "negative_ratings": 0,
    "price": 0.0,
    "description": "&quot;The Symphony of Mysteries!&quot; SZEN is a musical Virtual Reality safe-space, where we can leave our hectic, busy lives for a moment and enter a world where you experience a place of melodic tranquility and wonder. Sit back, relax, let SZEN take you away!",
    "header_img": "https://steamcdn-a.akamaihd.net/steam/apps/1007360/header.jpg?t=1549052353",
    "minimum_requirements": "OS: Windows 7 SP1, Windows 8.1 or later, Windows 10 Processor: Intel Core i5-4590/AMD FX 8350 equivalent or better Memory: 4 GB RAM Graphics: NVIDIA GeForce GTX 970, AMD Radeon R9 290 equivalent or better Storage: 2 GB available space",
    "recommended_requirements": "OS: Windows 7 SP1, Windows 8.1 or later, Windows 10 Processor: Intel Core i5-4590/AMD FX 8350 equivalent or better Memory: 8 GB RAM Graphics: NVIDIA GeForce GTX 1060, AMD Radeon RX 480 equivalent or better Storage: 2 GB available space",
    "reviews": []
}