{
    "app_id": 1007050,
    "name": "Dark Hill Museum of Death",
    "release_date": "2019-01-21",
    "developer": [
        "Dan Ruscoe"
    ],
    "publisher": [
        "Dan Ruscoe"
    ],
    "platforms": [
        "windows",
        "linux"
    ],
    "required_age": 0,
    "categories": [
        "Single-player",
        "Steam Achievements"
    ],
    "genres": [
        "Adventure",
        "Casual",
        "Indie"
    ],
    "tags": [
        "Adventure",
        "Indie",
        "Casual"
    ],
    "achievements": 14,
    "positive_ratings": 10,
    "negative_ratings": 1,
    "price": 2.09,
    "description": "Dark Hill Museum of Death is a journey through a virtual museum where uniquely themed exhibits are unlocked by solving puzzles.",
    "header_img": "https://steamcdn-a.akamaihd.net/steam/apps/1007050/header.jpg?t=1553293177",
    "minimum_requirements": "OS: Windows 7 or later Processor: 2.4Ghz Memory: 4 GB RAM Graphics: Any card that supports DirectX 9 and above DirectX: Version 9.0 Storage: 1 GB available space Sound Card: Any modern sound card, including on-board.",
    "recommended_requirements": null,
    "reviews": []
}