{
    "app_id": 1007140,
    "name": "Future Aero Racing S Ultra",
    "release_date": "2019-02-21",
    "developer": [
        "NURENDSOFT: Jordi Ramon Games"
    ],
    "publisher": [
        "Jorge Ramon Puig "
    ],
    "platforms": [
        "windows"
    ],
    "required_age": 0,
    "categories": [
        "Single-player",
        "Local Multi-Player",
        "Shared/Split Screen",
        "Steam Achievements",
        "Full controller support",
        "Steam Cloud",
        "Stats",
        "Steam Leaderboards"
    ],
    "genres": [
        "Indie",
        "Racing",
        "Simulation",
        "Sports"
    ],
    "tags": [
        "Racing",
        "Indie",
        "Simulation"
    ],
    "achievements": 12,
    "positive_ratings": 3,
    "negative_ratings": 0,
    "price": 4.79,
    "description": "Enjoy of fast and futuristic arcade races in FAR S ULTRA. Show who is the best driver along 15 exciting circuits and face off the most adverse weather conditions such as rain, snowstorms and sand tornadoes.",
    "header_img": "https://steamcdn-a.akamaihd.net/steam/apps/1007140/header.jpg?t=1550792582",
    "minimum_requirements": "Requires a 64-bit processor and operating system OS: Version 10240.0 de Windows 10 or later Processor: Intel Core i5-3317U Memory: 2 GB RAM Graphics: Intel HD Graphics 4000 DirectX: Version 10 Storage: 200 MB available space",
    "recommended_requirements": "Requires a 64-bit processor and operating system OS: Versión 10240.0 de Windows 10 or later Processor: Intel Core i5-7400 Memory: 4 GB RAM Graphics: Intel HD Graphics 630 DirectX: Version 10 Storage: 200 MB available space",
    "reviews": []
}