{
    "app_id": 1007560,
    "name": "Fun VR Farm",
    "release_date": "2019-01-23",
    "developer": [
        "VR-EXODUS"
    ],
    "publisher": [
        "VR-EXODUS"
    ],
    "platforms": [
        "windows"
    ],
    "required_age": 0,
    "categories": [
        "Single-player"
    ],
    "genres": [
        "Adventure",
        "Indie",
        "Simulation"
    ],
    "tags": [
        "Indie",
        "Simulation",
        "Adventure"
    ],
    "achievements": 0,
    "positive_ratings": 3,
    "negative_ratings": 1,
    "price": 2.89,
    "description": "Welcome to your Fun VR Farm ! Discover VR in a nice and peaceful environment with simple mechanics : Take care of the farm give the animal's favorite food &amp; water, make quest for the farmers, sell food you collect to the town in order to Unlock over 15 cute animals !",
    "header_img": "https://steamcdn-a.akamaihd.net/steam/apps/1007560/header.jpg?t=1551001357",
    "minimum_requirements": "OS: Windows 7/8.1/10 (64bit) Processor: Intel Core i5 Sandy Bridge or equivalent Memory: 4 GB RAM Graphics: Nvidia GTX 960 or equivalent DirectX: Version 11 Storage: 500 MB available space",
    "recommended_requirements": "OS: Windows 7/8.1/10 (64bit) Processor: Intel Core i7 Skylake or equivalent Memory: 8 GB RAM Graphics: Nvidia GTX 1060 or equivalent DirectX: Version 12 Storage: 600 MB available space",
    "reviews": []
}