{
    "app_id": 1008820,
    "name": "LOTUS Minigames: United Nations",
    "release_date": "2019-01-21",
    "developer": [
        "Oriolus Software GmbH"
    ],
    "publisher": [
        "Oriolus Software GmbH"
    ],
    "platforms": [
        "windows"
    ],
    "required_age": 0,
    "categories": [
        "Online Multi-Player",
        "Steam Achievements"
    ],
    "genres": [
        "Casual",
        "Indie"
    ],
    "tags": [
        "Indie",
        "Casual"
    ],
    "achievements": 5,
    "positive_ratings": 4,
    "negative_ratings": 0,
    "price": 4.79,
    "description": "A very basic implementation of a shedding-type card game. Play with your friends and be the best of you!",
    "header_img": "https://steamcdn-a.akamaihd.net/steam/apps/1008820/header.jpg?t=1548324976",
    "minimum_requirements": "OS: Windows XP, Vista, 7, 8, 10 Processor: Whatever fits your system Memory: 10 MB RAM Graphics: Whatever fits your system Storage: 20 MB available space Sound Card: At least onboard Additional Notes: Internet connection: ~3kB/s downstream, ~1kB/s upstream",
    "recommended_requirements": null,
    "reviews": []
}