{
    "app_id": 1008910,
    "name": "心塞男孩 Sadboy",
    "release_date": "2019-01-23",
    "developer": [
        "热泉 RedSpring"
    ],
    "publisher": [
        "热泉 RedSpring"
    ],
    "platforms": [
        "windows"
    ],
    "required_age": 0,
    "categories": [
        "Single-player"
    ],
    "genres": [
        "Casual",
        "Indie"
    ],
    "tags": [
        "Indie",
        "Casual",
        "Interactive Fiction"
    ],
    "achievements": 0,
    "positive_ratings": 61,
    "negative_ratings": 16,
    "price": 0.79,
    "description": "Sadboy is a narrative video game...Telling a story about the sadboy's thoughts and challenges after his graduation. This is a game that could make you think about your life...",
    "header_img": "https://steamcdn-a.akamaihd.net/steam/apps/1008910/header.jpg?t=1548256651",
    "minimum_requirements": "OS: Win10 Processor: 2 GHz Memory: 1 GB RAM Graphics: 256MB Storage: 512 MB available space",
    "recommended_requirements": null,
    "reviews": []
}