{
    "app_id": 1008410,
    "name": "Fear Simulator",
    "release_date": "2019-02-13",
    "developer": [
        "lblsoft Studio"
    ],
    "publisher": [
        "lblsoft Studio"
    ],
    "platforms": [
        "windows"
    ],
    "required_age": 0,
    "categories": [
        "Single-player"
    ],
    "genres": [
        "Adventure",
        "Casual",
        "Indie",
        "Simulation"
    ],
    "tags": [
        "Indie",
        "Casual",
        "Simulation"
    ],
    "achievements": 0,
    "positive_ratings": 8,
    "negative_ratings": 5,
    "price": 6.19,
    "description": "Fear Simulator is a unique psychological Fear game built for VR, in which there are no ghosts or blood, but only Fear scenes (including common phobias) from deep inside people's hearts, allowing players to immerse themselves and feel the Fear!",
    "header_img": "https://steamcdn-a.akamaihd.net/steam/apps/1008410/header.jpg?t=1550059222",
    "minimum_requirements": "OS: Win 7 or higher Processor: Intel i5 Memory: 8 GB RAM Graphics: GTX 970 DirectX: Version 10 Storage: 2 GB available space",
    "recommended_requirements": "OS: Win 10 or higher Processor: Intel i7 Memory: 16 GB RAM Graphics: GTX 980 or better DirectX: Version 11 Storage: 4 GB available space",
    "reviews": []
}