{
    "app_id": 1008320,
    "name": "Epic Adventures: La Jangada",
    "release_date": "2019-01-20",
    "developer": [
        "Urchin Games"
    ],
    "publisher": [
        "HH-Games"
    ],
    "platforms": [
        "windows"
    ],
    "required_age": 0,
    "categories": [
        "Single-player"
    ],
    "genres": [
        "Casual"
    ],
    "tags": [
        "Casual",
        "Indie",
        "Hidden Object"
    ],
    "achievements": 0,
    "positive_ratings": 4,
    "negative_ratings": 1,
    "price": 2.89,
    "description": "Help Minha in the hidden object adventure to save her father from the gallows in this 19th century. The epic story is based on Jules Verne’s novel La Jangada. Find evidence and solve intriuging puzzles as you travel through the great Amazon.",
    "header_img": "https://steamcdn-a.akamaihd.net/steam/apps/1008320/header.jpg?t=1547991215",
    "minimum_requirements": "OS: Windows XP/ME/Vista/7/8/10 Processor: 1.0GHz CPU Memory: 128 MB RAM Graphics: 128MB Storage: 1 GB available space Sound Card: DirectX compatible sound card",
    "recommended_requirements": "OS: Windows XP/ME/Vista/7/8/10 Processor: 1.2GHz CPU Memory: 256 MB RAM Graphics: 256 MB Storage: 1 GB available space Sound Card: DirectX compatible sound card",
    "reviews": []
}