{
    "app_id": 1008610,
    "name": "The Trials of Olympus II: Wrath of the Gods",
    "release_date": "2019-01-28",
    "developer": [
        "e-FunSoft Games"
    ],
    "publisher": [
        "HH-Games"
    ],
    "platforms": [
        "windows"
    ],
    "required_age": 0,
    "categories": [
        "Single-player"
    ],
    "genres": [
        "Casual"
    ],
    "tags": [
        "Casual",
        "Match 3"
    ],
    "achievements": 0,
    "positive_ratings": 3,
    "negative_ratings": 1,
    "price": 5.19,
    "description": "Play the epic match3 saga, that tells the tale of Angelo and help the outcast god from Olympus continue his quest and save his true love, princess Amara...",
    "header_img": "https://steamcdn-a.akamaihd.net/steam/apps/1008610/header.jpg?t=1548919988",
    "minimum_requirements": "OS: Windows XP/ME/Vista/7/8/10 Processor: 1.0GHz CPU Memory: 256 MB RAM Graphics: 128MB DirectX: Version 9.0 Storage: 1 GB available space Sound Card: DirectX compatible sound card",
    "recommended_requirements": "OS: Windows XP/ME/Vista/7/8/10 Processor: 1.2GHz CPU Memory: 512 MB RAM Graphics: 256 MB DirectX: Version 9.0 Storage: 1 GB available space Sound Card: DirectX compatible sound card",
    "reviews": []
}