{
    "app_id": 1008850,
    "name": "Bounty Hunter",
    "release_date": "2019-01-21",
    "developer": [
        "SHIXIXI"
    ],
    "publisher": [
        "SHIXIXI"
    ],
    "platforms": [
        "windows"
    ],
    "required_age": 0,
    "categories": [
        "Single-player",
        "Steam Achievements",
        "Partial Controller Support"
    ],
    "genres": [
        "Adventure",
        "Casual",
        "Indie",
        "RPG"
    ],
    "tags": [
        "Indie",
        "Casual",
        "Adventure"
    ],
    "achievements": 16,
    "positive_ratings": 1,
    "negative_ratings": 2,
    "price": 4.79,
    "description": "In the game, you are a bounty hunter, and your daily job is to take on all kinds of monster hunting tasks to earn commissions. Now the northern town of SnowField has been attacked by wolves. Many bounty hunters have been there and no return, and you have also received an invitation from the mayor.",
    "header_img": "https://steamcdn-a.akamaihd.net/steam/apps/1008850/header.jpg?t=1548743835",
    "minimum_requirements": "OS: Windows 8 or greater Memory: 4 GB RAM Storage: 4 GB available space",
    "recommended_requirements": "OS: Windows 8 or greater Memory: 8 GB RAM Storage: 4 GB available space",
    "reviews": []
}