{
    "app_id": 1008140,
    "name": "The Chills",
    "release_date": "2019-02-22",
    "developer": [
        "Anamik Majumdar"
    ],
    "publisher": [
        "Anamik Majumdar"
    ],
    "platforms": [
        "windows",
        "linux"
    ],
    "required_age": 0,
    "categories": [
        "Single-player",
        "Steam Achievements",
        "Full controller support"
    ],
    "genres": [
        "Adventure",
        "Casual",
        "Indie"
    ],
    "tags": [
        "Indie",
        "Casual",
        "Adventure"
    ],
    "achievements": 8,
    "positive_ratings": 4,
    "negative_ratings": 2,
    "price": 0.79,
    "description": "The Chills is a 2D Top-Down Survival Horror game based on the paranormal activities experienced by Jim, who lived in a room in one of the most Haunted hotels in America.",
    "header_img": "https://steamcdn-a.akamaihd.net/steam/apps/1008140/header.jpg?t=1551178856",
    "minimum_requirements": "OS: Windows XP, Vista, 7, 8/8.1, 10 Processor: Dual Core 1 Ghz or higher Memory: 2 GB RAM Graphics: 128 MB of Video Memory, Capable of Shader Model 2.0+ DirectX: Version 9.0c Storage: 30 MB available space Sound Card: Any Compatible Sound Card",
    "recommended_requirements": "OS: Windows 7, 8/8.1, 10 Processor: Dual Core 2Ghz+ Memory: 4 GB RAM Graphics: 256 MB of Video Memory, Capable of Shader Model 2.0+ DirectX: Version 9.0c Storage: 30 MB available space Sound Card: Any Compatible Sound Card",
    "reviews": []
}