{
    "app_id": 1008010,
    "name": "Spykebots",
    "release_date": "2019-01-31",
    "developer": [
        "Retroscope Games"
    ],
    "publisher": [
        "Retroscope Games"
    ],
    "platforms": [
        "windows"
    ],
    "required_age": 0,
    "categories": [
        "Single-player",
        "Multi-player",
        "Local Multi-Player",
        "Co-op",
        "Local Co-op",
        "Shared/Split Screen",
        "Full controller support"
    ],
    "genres": [
        "Action",
        "Indie",
        "Sports"
    ],
    "tags": [
        "Sports",
        "Action",
        "Indie"
    ],
    "achievements": 10,
    "positive_ratings": 7,
    "negative_ratings": 1,
    "price": 8.29,
    "description": "Volleyball meets full contact football, grab your friends and choose your bot for a highly addictive and competitive smash fest. A futuristic Sports-Action game, Spykebots immerses the players into a high octane match-up where they must smash, pass, and spike if they’re to come out on top.",
    "header_img": "https://steamcdn-a.akamaihd.net/steam/apps/1008010/header.jpg?t=1550063663",
    "minimum_requirements": "OS: Windows 7, 10 Processor: 2 -  2.5 GHz or faster processor Memory: 512 MB RAM Graphics: gtx 780 or R9 390 Storage: 2 GB available space Additional Notes: game pad highly recommended",
    "recommended_requirements": "OS: Windows 10 Processor: 2.6 GHz Memory: 512 MB RAM Graphics: gtx 970 or R9 290 and up Storage: 3 GB available space Additional Notes: game pad highly recommended",
    "reviews": []
}