{
    "app_id": 1008000,
    "name": "Aetheria Online",
    "release_date": "2019-02-01",
    "developer": [
        "Zachary Hodges"
    ],
    "publisher": [
        "Zachary Hodges"
    ],
    "platforms": [
        "windows"
    ],
    "required_age": 0,
    "categories": [
        "Multi-player",
        "Online Multi-Player",
        "MMO",
        "Co-op",
        "Online Co-op"
    ],
    "genres": [
        "Adventure",
        "Free to Play",
        "Indie",
        "Massively Multiplayer",
        "RPG"
    ],
    "tags": [
        "Free to Play",
        "RPG",
        "Adventure"
    ],
    "achievements": 0,
    "positive_ratings": 42,
    "negative_ratings": 20,
    "price": 0.0,
    "description": "Aetheria is a 2D Action Combat MMORPG which focuses on challenging dungeons, cooperative group play, fast paced PvP, and important crafting elements.",
    "header_img": "https://steamcdn-a.akamaihd.net/steam/apps/1008000/header.jpg?t=1551055315",
    "minimum_requirements": "OS: 32-bit Windows Processor: Intel Celeron G3950 Memory: 2 GB RAM Graphics: Integrated Graphics Network: Broadband Internet connection Storage: 500 MB available space",
    "recommended_requirements": "OS: 64-bit Windows Processor: Intel Core i3-3210 Memory: 4 GB RAM Graphics: Dedicated Graphics Network: Broadband Internet connection Storage: 500 MB available space",
    "reviews": []
}