{
    "app_id": 1008920,
    "name": "Photographs",
    "release_date": "2019-04-03",
    "developer": [
        "EightyEight Games"
    ],
    "publisher": [
        "EightyEight Games"
    ],
    "platforms": [
        "windows"
    ],
    "required_age": 0,
    "categories": [
        "Single-player"
    ],
    "genres": [
        "Adventure",
        "Casual",
        "Indie"
    ],
    "tags": [
        "Indie",
        "Adventure",
        "Casual"
    ],
    "achievements": 0,
    "positive_ratings": 22,
    "negative_ratings": 7,
    "price": 9.29,
    "description": "Photographs is a Narrative Tragedy Puzzle Game?",
    "header_img": "https://steamcdn-a.akamaihd.net/steam/apps/1008920/header.jpg?t=1555588519",
    "minimum_requirements": "OS: Windows 7 Processor: Core2Duo Memory: 2 GB RAM Graphics: OpenGL 2.0 compatible video card with 256 MB shared or dedicated RAM (ATI or NVIDIA) DirectX: Version 10 Storage: 500 MB available space",
    "recommended_requirements": "OS: Windows 10 Processor: i3/i5/i7 or AMD equivalent Memory: 6 GB RAM Graphics: OpenGL 2.0 compatible video card with 256 MB shared or dedicated RAM (ATI or NVIDIA) DirectX: Version 10 Storage: 1 GB available space",
    "reviews": []
}