{
    "app_id": 1008290,
    "name": "Lucky Of Love",
    "release_date": "2019-01-23",
    "developer": [
        "Tintin Game"
    ],
    "publisher": [
        "Tintin Game"
    ],
    "platforms": [
        "windows"
    ],
    "required_age": 0,
    "categories": [
        "Single-player",
        "Steam Achievements"
    ],
    "genres": [
        "Casual",
        "Indie",
        "Simulation"
    ],
    "tags": [
        "Nudity",
        "Sexual Content",
        "Casual"
    ],
    "achievements": 30,
    "positive_ratings": 32,
    "negative_ratings": 25,
    "price": 0.79,
    "description": "Relax puzzle games, see pictures and listen to music, happy every day!",
    "header_img": "https://steamcdn-a.akamaihd.net/steam/apps/1008290/header.jpg?t=1548323741",
    "minimum_requirements": "OS: WIN 7/8/10/XP(64bir required) Processor: 2 Ghz Dual Core Memory: 1 GB RAM Graphics: Graphics card supporting DirectX: Version 9.0c Storage: 500 MB available space Sound Card: any",
    "recommended_requirements": null,
    "reviews": []
}