{
    "app_id": 1008870,
    "name": "Excive A-1000",
    "release_date": "2019-04-18",
    "developer": [
        "Droid Riot",
        "Mahich"
    ],
    "publisher": [
        "Droid Riot"
    ],
    "platforms": [
        "windows"
    ],
    "required_age": 0,
    "categories": [
        "Single-player"
    ],
    "genres": [
        "Action"
    ],
    "tags": [
        "Action",
        "FPS",
        "Shooter"
    ],
    "achievements": 0,
    "positive_ratings": 9,
    "negative_ratings": 1,
    "price": 4.79,
    "description": "Sometimes the robots set on a riot. Then you start turning them into the ground metal. That is just your job.",
    "header_img": "https://steamcdn-a.akamaihd.net/steam/apps/1008870/header.jpg?t=1555607112",
    "minimum_requirements": "OS: Windows 98 Processor: CPU 1 GHz Memory: 1 GB RAM Graphics: DirectX compatible DirectX: Version 8.1a Storage: 200 MB available space Sound Card: DirectX compatible",
    "recommended_requirements": null,
    "reviews": []
}