{
    "app_id": 1008710,
    "name": "Wet Girl",
    "release_date": "2019-01-30",
    "developer": [
        "Wet Girl"
    ],
    "publisher": [
        "Shoot Girl"
    ],
    "platforms": [
        "windows"
    ],
    "required_age": 0,
    "categories": [
        "Single-player",
        "Steam Achievements",
        "Steam Cloud",
        "Commentary available"
    ],
    "genres": [
        "Adventure",
        "Casual",
        "Indie",
        "RPG"
    ],
    "tags": [
        "Sexual Content",
        "Nudity",
        "Casual"
    ],
    "achievements": 17,
    "positive_ratings": 1720,
    "negative_ratings": 76,
    "price": 0.79,
    "description": "This is a unique first-person spraying game. Take a water gun and spray the hot dancing girls, and when you wet their clothes completely, you win. When you see their angry expressions or hear them panting, don't stop spraying just for the sake of your pity on them.",
    "header_img": "https://steamcdn-a.akamaihd.net/steam/apps/1008710/header.jpg?t=1555921940",
    "minimum_requirements": "OS: windows 7 64-bit or higher Processor: Intel i3 4160T or better Memory: 1 GB RAM Graphics: Nvidia GeForce GT720 or better DirectX: Version 11 Storage: 400 MB available space",
    "recommended_requirements": "OS: windows 7 64-bit or higher Processor: Intel i5 4460 or better Memory: 1 GB RAM Graphics: GeForce GTX 950 or better DirectX: Version 11 Storage: 400 MB available space",
    "reviews": []
}