{
    "app_id": 1008740,
    "name": "Cube Mission",
    "release_date": "2019-01-17",
    "developer": [
        "Tuwi Michael Nannings"
    ],
    "publisher": [
        "NanningsGames"
    ],
    "platforms": [
        "windows"
    ],
    "required_age": 0,
    "categories": [
        "Single-player",
        "Steam Achievements",
        "Full controller support",
        "Steam Cloud"
    ],
    "genres": [
        "Adventure",
        "Casual",
        "Indie"
    ],
    "tags": [
        "Adventure",
        "Indie",
        "Casual"
    ],
    "achievements": 36,
    "positive_ratings": 9,
    "negative_ratings": 1,
    "price": 1.69,
    "description": "Cube mission is a fun isometric action platforming puzzler. Travel through a floating world with all kinds of different obstacles and precarious puzzles. This journey can be enjoyed by anyone looking for an amusing, challenging and rewarding adventure.",
    "header_img": "https://steamcdn-a.akamaihd.net/steam/apps/1008740/header.jpg?t=1551038332",
    "minimum_requirements": "OS: Windows 7 Processor: 1 Ghz Memory: 2 GB RAM Graphics: 256MB Graphics Storage: 125 MB available space",
    "recommended_requirements": null,
    "reviews": []
}