{
    "app_id": 1008510,
    "name": "Who Is This Man",
    "release_date": "2019-01-17",
    "developer": [
        "Cocopo"
    ],
    "publisher": [
        "Cheesecake"
    ],
    "platforms": [
        "windows"
    ],
    "required_age": 0,
    "categories": [
        "Single-player",
        "Steam Achievements"
    ],
    "genres": [
        "Action",
        "Adventure",
        "Indie",
        "Simulation",
        "Strategy",
        "Early Access"
    ],
    "tags": [
        "Early Access",
        "Indie",
        "Strategy"
    ],
    "achievements": 10,
    "positive_ratings": 34,
    "negative_ratings": 10,
    "price": 7.19,
    "description": "Who is This Man is an spy game with privacy and hiding. Secretly infiltrate his target's house and miss his stuff. Report them later.",
    "header_img": "https://steamcdn-a.akamaihd.net/steam/apps/1008510/header.jpg?t=1548086530",
    "minimum_requirements": "OS: Windows Vista Processor: 2 GHz Dual Core CPU Memory: 2 GB RAM Graphics: Intel HD Graphics 4000 or better Storage: 2200 MB available space",
    "recommended_requirements": "OS: Windows 10 Processor: 2.5 GHz Dual Core CPU Memory: 4 GB RAM Graphics: Geforce GTX 970/Radeon RX470 or better Storage: 3 GB available space",
    "reviews": []
}