{
    "app_id": 1008800,
    "name": "Shards of Infinity",
    "release_date": "2019-04-09",
    "developer": [
        "Temple Gates Games"
    ],
    "publisher": [
        "Temple Gates Games"
    ],
    "platforms": [
        "windows"
    ],
    "required_age": 0,
    "categories": [
        "Single-player",
        "Multi-player",
        "Online Multi-Player",
        "Local Multi-Player",
        "Shared/Split Screen",
        "Cross-Platform Multiplayer"
    ],
    "genres": [
        "Strategy",
        "Early Access"
    ],
    "tags": [
        "Early Access",
        "Strategy",
        "Card Game"
    ],
    "achievements": 0,
    "positive_ratings": 10,
    "negative_ratings": 1,
    "price": 5.79,
    "description": "Shards of Infinity is the follow-up to the award winning deckbuilding game, Ascension. Build your armies by recruiting allies and champions from four unique factions. Launch surprise attacks on your foes by instantly deploying mercenaries. Unlock limitless power by mastering the Shard of Infinity.",
    "header_img": "https://steamcdn-a.akamaihd.net/steam/apps/1008800/header.jpg?t=1554825600",
    "minimum_requirements": "OS: Windows 7 or higher Processor: Intel Core i3 2.00 GHz or AMD equivalent Memory: 256 MB RAM DirectX: Version 11 Storage: 200 MB available space",
    "recommended_requirements": null,
    "reviews": []
}