{
    "app_id": 1008060,
    "name": "The HARDEST BrickBreaker",
    "release_date": "2019-01-17",
    "developer": [
        "Pixcapi"
    ],
    "publisher": [
        "Pixcapi"
    ],
    "platforms": [
        "windows"
    ],
    "required_age": 0,
    "categories": [
        "Single-player"
    ],
    "genres": [
        "Casual",
        "Indie"
    ],
    "tags": [
        "Casual",
        "Indie"
    ],
    "achievements": 0,
    "positive_ratings": 6,
    "negative_ratings": 0,
    "price": 1.69,
    "description": "This is a very special brick-breaking game! You can rotate the paddle or hit balls to make the balls resist gravity to break the annoying bricks. The bricks will also move around and try them best to annoy you! This game will definitely bring you the most crazy brick-breaking experience!",
    "header_img": "https://steamcdn-a.akamaihd.net/steam/apps/1008060/header.jpg?t=1553175466",
    "minimum_requirements": "OS: Windows 7 Processor: Dual Core 1.6 GHz or better Memory: 1 GB RAM Graphics: Intel 3000+ Storage: 80 MB available space",
    "recommended_requirements": null,
    "reviews": []
}