{
    "app_id": 1008260,
    "name": "Where Is The Beach?",
    "release_date": "2019-01-18",
    "developer": [
        "Red Panda Game Studio"
    ],
    "publisher": [
        "Red Panda Game Studio"
    ],
    "platforms": [
        "windows"
    ],
    "required_age": 0,
    "categories": [
        "Single-player"
    ],
    "genres": [
        "Adventure",
        "Casual",
        "Indie",
        "RPG"
    ],
    "tags": [
        "Casual",
        "Adventure",
        "Indie"
    ],
    "achievements": 0,
    "positive_ratings": 3,
    "negative_ratings": 1,
    "price": 1.69,
    "description": "You lost in frozen mountains.When you pick up all items on mountain you will arrive at little beautiful beach.",
    "header_img": "https://steamcdn-a.akamaihd.net/steam/apps/1008260/header.jpg?t=1549317917",
    "minimum_requirements": "Processor: 64 bit Memory: 4 GB RAM DirectX: Version 11 Storage: 187 MB available space",
    "recommended_requirements": null,
    "reviews": []
}