{
    "app_id": 1008280,
    "name": "Fairy Picturebook of Hero and Sorceress / 勇者と魔法使いとおとぎの絵本",
    "release_date": "2019-02-01",
    "developer": [
        "BouSoft"
    ],
    "publisher": [
        "BouSoft"
    ],
    "platforms": [
        "windows"
    ],
    "required_age": 0,
    "categories": [
        "Single-player",
        "Steam Achievements"
    ],
    "genres": [
        "Adventure",
        "Indie",
        "RPG",
        "Simulation"
    ],
    "tags": [
        "Sexual Content",
        "Nudity",
        "Adventure"
    ],
    "achievements": 100,
    "positive_ratings": 20,
    "negative_ratings": 0,
    "price": 10.29,
    "description": "RPG to adventures the vast world together with sorceress girl(s) More than 2000 kinds of items appear. Complete picture books, fight against monsters, travel with girl and dress up, and save the...",
    "header_img": "https://steamcdn-a.akamaihd.net/steam/apps/1008280/header.jpg?t=1549300343",
    "minimum_requirements": "OS: 7,8 Processor: Core i3 series Memory: 4 GB RAM Graphics: GeForce 900 series DirectX: Version 10 Storage: 3 GB available space",
    "recommended_requirements": "OS: 10 Processor: Core i5 series Memory: 8 MB RAM Graphics: GeForce 10 Series DirectX: Version 11 Storage: 6 MB available space",
    "reviews": []
}