{
    "app_id": 1008680,
    "name": "Crazy Archery",
    "release_date": "2019-02-21",
    "developer": [
        "RewindApp"
    ],
    "publisher": [
        "RewindApp"
    ],
    "platforms": [
        "windows"
    ],
    "required_age": 0,
    "categories": [
        "Single-player"
    ],
    "genres": [
        "Action",
        "Casual",
        "Indie",
        "Strategy"
    ],
    "tags": [
        "Action",
        "Casual",
        "Indie"
    ],
    "achievements": 0,
    "positive_ratings": 12,
    "negative_ratings": 4,
    "price": 0.79,
    "description": "Football players from teams around the world have been hijacked to cancel the next World Cup!",
    "header_img": "https://steamcdn-a.akamaihd.net/steam/apps/1008680/header.jpg?t=1554643099",
    "minimum_requirements": "Requires a 64-bit processor and operating system OS: Windows 7/8/10 - 64bits Processor: 2 GHz Intel Pentium 4 or AMD Athlon or equivalent Memory: 2 GB RAM Graphics: Intel HD Graphique Storage: 150 MB available space Sound Card: All",
    "recommended_requirements": "Requires a 64-bit processor and operating system",
    "reviews": []
}