{
    "app_id": 1009230,
    "name": "live Mince",
    "release_date": "2019-02-06",
    "developer": [
        "Alekseev"
    ],
    "publisher": [
        "Alekseev"
    ],
    "platforms": [
        "windows",
        "mac",
        "linux"
    ],
    "required_age": 0,
    "categories": [
        "Single-player",
        "Steam Achievements"
    ],
    "genres": [
        "Action",
        "Indie"
    ],
    "tags": [
        "Action",
        "Indie"
    ],
    "achievements": 10,
    "positive_ratings": 0,
    "negative_ratings": 4,
    "price": 3.99,
    "description": "Show who is in charge in this zombie saturated place! Destroy the crowds of the undead, constantly looking for a new victim. Destroy the source of infection to save humanity.",
    "header_img": "https://steamcdn-a.akamaihd.net/steam/apps/1009230/header.jpg?t=1553080258",
    "minimum_requirements": "OS: Windows 7 Processor: 2 ghz Memory: 4 GB RAM Graphics: nVidia GeForce 9600 gt DirectX: Version 9.0 Storage: 1300 MB available space",
    "recommended_requirements": null,
    "reviews": []
}