{
    "app_id": 1009070,
    "name": "没猫病制作人 / Psychosoft Ltd.",
    "release_date": "2019-01-31",
    "developer": [
        "橙光游戏"
    ],
    "publisher": [
        "橙光游戏"
    ],
    "platforms": [
        "windows"
    ],
    "required_age": 0,
    "categories": [
        "Single-player",
        "Steam Achievements"
    ],
    "genres": [
        "Adventure",
        "Casual",
        "Indie",
        "RPG",
        "Simulation",
        "Strategy"
    ],
    "tags": [
        "Casual",
        "Strategy",
        "Simulation"
    ],
    "achievements": 5,
    "positive_ratings": 7,
    "negative_ratings": 19,
    "price": 1.69,
    "description": "The dog who was betrayed by a friend and led to the bankruptcy of the company was entrusted by his uncle to manage another company. Who knows that it was a mental hospital in arrears of huge rent!!! The dog who had nowhere to live was forced to take over the hospital.",
    "header_img": "https://steamcdn-a.akamaihd.net/steam/apps/1009070/header.jpg?t=1548986279",
    "minimum_requirements": "OS: windowsXP,Vista,7,8,10 Processor: 1Ghz or faster processor Memory: 512 MB RAM Graphics: 512MB VRAM Storage: 1 GB available space",
    "recommended_requirements": "OS: windowsXP,Vista,7,8,10 Processor: 2Ghz or faster processor Memory: 2048 MB RAM Graphics: 1GB VRAM Storage: 1 GB available space",
    "reviews": []
}