{
    "app_id": 1009900,
    "name": "Date Write",
    "release_date": "2019-02-01",
    "developer": [
        "Mustafa Kosdak"
    ],
    "publisher": [
        "Mustafa Kosdak"
    ],
    "platforms": [
        "windows"
    ],
    "required_age": 0,
    "categories": [
        "Single-player"
    ],
    "genres": [
        "Action",
        "Adventure",
        "Indie",
        "Early Access"
    ],
    "tags": [
        "Early Access",
        "Action",
        "Indie"
    ],
    "achievements": 0,
    "positive_ratings": 2,
    "negative_ratings": 0,
    "price": 7.19,
    "description": "Date Write, Mehmetcik is a game of different missions and story-oriented FPS in order to clear the terrorist formations in the neighboring country.",
    "header_img": "https://steamcdn-a.akamaihd.net/steam/apps/1009900/header.jpg?t=1549326499",
    "minimum_requirements": "OS: Windows 7 / 8 / 10 Processor: Intel® Core™ 2 Duo 2.4 GHz, AMD Athlon™ X2 2.8 GHz Memory: 4 GB RAM Graphics: 1GB VRAM, NVIDIA Geforce GTX 260 / ATI Radeon HD 4870 DirectX: Version 9.0 Storage: 4 GB available space Sound Card: DirectX Compatible Additional Notes: While starting graphic quality selection: Low&lt;Medium&lt; High&lt;Ultra",
    "recommended_requirements": "OS: Windows 7 / 8 / 10 Processor: Intel Core i5 Memory: 8 GB RAM Graphics: 1GB VRAM, NVIDIA Geforce GTX 260 / ATI Radeon HD 4870 DirectX: Version 9.0 Storage: 4 GB available space Sound Card: DirectX Compatible Additional Notes: While starting graphic quality selection: Low&lt;Medium&lt; High&lt;Ultra",
    "reviews": []
}