{
    "app_id": 1009950,
    "name": "Once10",
    "release_date": "2019-01-23",
    "developer": [
        "净土制作室",
        "乌鸦大仙"
    ],
    "publisher": [
        "净土制作室",
        "乌鸦大仙"
    ],
    "platforms": [
        "windows"
    ],
    "required_age": 0,
    "categories": [
        "Single-player"
    ],
    "genres": [
        "Adventure",
        "Free to Play",
        "Indie"
    ],
    "tags": [
        "Free to Play",
        "Adventure",
        "Indie"
    ],
    "achievements": 7,
    "positive_ratings": 22,
    "negative_ratings": 6,
    "price": 0.0,
    "description": "This is a visual novel about 60 minutes in length, telling a story of memories.he visual novel &quot;Once10&quot; is a story which will recall the experience of many individuals.",
    "header_img": "https://steamcdn-a.akamaihd.net/steam/apps/1009950/header.jpg?t=1548290964",
    "minimum_requirements": "OS: Windows 7 Processor: i3 2GHz Memory: 4 GB RAM Graphics: GeForce GT 625M DirectX: Version 9.0 Storage: 500 MB available space",
    "recommended_requirements": "OS: Windows 10 Processor: i3 3GHz Memory: 8 MB RAM Graphics: GeForce GTX 650 Ti DirectX: Version 12 Storage: 500 MB available space",
    "reviews": []
}