{
    "app_id": 1009040,
    "name": "Last Days Motel",
    "release_date": "2019-02-03",
    "developer": [
        "陌上科技"
    ],
    "publisher": [
        "陌上科技"
    ],
    "platforms": [
        "windows"
    ],
    "required_age": 0,
    "categories": [
        "Single-player",
        "Online Multi-Player"
    ],
    "genres": [
        "Adventure",
        "Free to Play",
        "RPG",
        "Simulation",
        "Strategy",
        "Early Access"
    ],
    "tags": [
        "Early Access",
        "Free to Play",
        "Adventure"
    ],
    "achievements": 0,
    "positive_ratings": 24,
    "negative_ratings": 21,
    "price": 0.0,
    "description": "In the doomsday Hotel, you can experience the hard life in the waste Land World. Stick to hope in motel-based doomsday shelters and fight survival challenges such as hunger, thirst and lack of energy. Risking their lives to collect supplies, develop and build hotel shelters. Do everything possible to survive the cataclysmic world.",
    "header_img": "https://steamcdn-a.akamaihd.net/steam/apps/1009040/header.jpg?t=1554255185",
    "minimum_requirements": "OS: Windows 7, Windows 8, Windows 10 Processor: Intel® Core™ E8400 or better Memory: 2 GB RAM Graphics: Nvidia 260 GTS or Radeon HD 4850 - 512 MB of VRAM DirectX: Version 9.0c Network: Broadband Internet connection Storage: 2 GB available space Sound Card: DirectX compatible sound card",
    "recommended_requirements": "OS: Windows 7, Windows 8, Windows 10 Processor: Intel® Core™ i5 or better Memory: 2 GB RAM Graphics: Nvidia 460 GTX / Radeon 5770 - 1 GB of VRAM or better DirectX: Version 9.0c Network: Broadband Internet connection Storage: 2 GB available space Sound Card: DirectX compatible sound card",
    "reviews": []
}