{
    "app_id": 1009700,
    "name": "Jewel Match Solitaire L'Amour",
    "release_date": "2019-02-14",
    "developer": [
        "Suricate Software"
    ],
    "publisher": [
        "Grey Alien Games"
    ],
    "platforms": [
        "windows"
    ],
    "required_age": 0,
    "categories": [
        "Single-player",
        "Steam Achievements"
    ],
    "genres": [
        "Casual",
        "Indie"
    ],
    "tags": [
        "Indie",
        "Casual",
        "Card Game"
    ],
    "achievements": 24,
    "positive_ratings": 8,
    "negative_ratings": 0,
    "price": 7.19,
    "description": "Love is in the air. And so is Solitaire! Enter the enchanting world of Jewel Match as you fall head over heels for this charming new Solitaire adventure!",
    "header_img": "https://steamcdn-a.akamaihd.net/steam/apps/1009700/header.jpg?t=1550132359",
    "minimum_requirements": "OS: Windows 7 Processor: 1GHz Graphics: 64MB VRAM DirectX: Version 7.0 Storage: 140 MB available space Sound Card: Any",
    "recommended_requirements": null,
    "reviews": []
}