{
    "app_id": 1009990,
    "name": "SCP022",
    "release_date": "2019-02-02",
    "developer": [
        "KL GAMES"
    ],
    "publisher": [
        "KL GAMES"
    ],
    "platforms": [
        "windows"
    ],
    "required_age": 0,
    "categories": [
        "Single-player",
        "Steam Achievements"
    ],
    "genres": [
        "Indie"
    ],
    "tags": [
        "Horror",
        "Free to Play",
        "Indie"
    ],
    "achievements": 5,
    "positive_ratings": 144,
    "negative_ratings": 31,
    "price": 0.0,
    "description": "This is a short physics game about escaping from a closed chamber.",
    "header_img": "https://steamcdn-a.akamaihd.net/steam/apps/1009990/header.jpg?t=1549106674",
    "minimum_requirements": "Requires a 64-bit processor and operating system OS: Windows 7 64-bit Processor: Intel(R) Core(TM) i5-7200U CPU @ 2.50Ghz Memory: 4 GB RAM Graphics: NVIDIA GeForce 940MX DirectX: Version 10 Storage: 2 GB available space",
    "recommended_requirements": "Requires a 64-bit processor and operating system OS: Windows 10 64-bit Processor: Intel(R) Core(TM) i7-6700 CPU @ 3.40Ghz Memory: 8 GB RAM Graphics: NVIDIA GeForce GTX 970 DirectX: Version 11 Storage: 4 GB available space",
    "reviews": []
}