{
    "app_id": 10090,
    "name": "Call of Duty: World at War",
    "release_date": "2008-11-18",
    "developer": [
        "Treyarch"
    ],
    "publisher": [
        "Activision"
    ],
    "platforms": [
        "windows"
    ],
    "required_age": 16,
    "categories": [
        "Single-player",
        "Multi-player",
        "Co-op"
    ],
    "genres": [
        "Action"
    ],
    "tags": [
        "Zombies",
        "World War II",
        "FPS"
    ],
    "achievements": 0,
    "positive_ratings": 19595,
    "negative_ratings": 1483,
    "price": 19.99,
    "description": "Call of Duty is back, redefining war like you've never experienced before. Building on the Call of Duty 4®: Modern Warfare engine, Call of Duty: World at War immerses players into the most gritty and chaotic WWII combat ever experienced.",
    "header_img": "https://steamcdn-a.akamaihd.net/steam/apps/10090/header.jpg?t=1507299109",
    "minimum_requirements": "Supported OS:  Windows XP/Vista/7                     Processor: Pentium 4 @ 3 GHz/AMD 64 3200+                     Memory: 512 MB (1 GB for Vista)                     Hard Drive: 8 GB Free                     DirectX version: DirectX 9.0c                     Sound: on-board or better                       Graphics Card: 256 MB (nVidia GeForce 6600/ATI Radeon X1600)",
    "recommended_requirements": null,
    "reviews": [
        {
            "review_text": "Remember when Call of Duty wasn't a joke?  Pepperidge Farm remembers.",
            "review_score": "1"
        },
        {
            "review_text": "The best COD.  Pros: +the only COD campaign that's actually good +almost every mode can be played coop +zombies +custom zombies +WWII setting +banzai +Kiefer Sutherland is a voice actor in it  Cons: -that you didn't buy it yet",
            "review_score": "1"
        },
        {
            "review_text": "The campaign on Veteran was fun and challenging. Custom Zombies is great with friends as well.",
            "review_score": "1"
        },
        {
            "review_text": "In my honest opinion, this remains to be the last great game in the Call of Duty series. The campaign holds up very well and is incredibly challenging on the highest difficulty.  Problem is, very few people play the multiplayer for this game these days, as far as I've seen...  Well worth the money if you can pick it up on sale.",
            "review_score": "1"
        },
        {
            "review_text": "The second best Call of Duty ever made and one of the last good remaining ones. Call of Duty: World at War is not a masterpiece but it is a damn good game. The gameplay is simply COD4 with a different era. Its fun, fast, and arcadie. The single player is alright with a couple of interesting characters. Nothing worth praising here but a lot of enjoyment is to be had from the campaing.  Multiplayer is still alive and active. The servers are very fun to play in and have a lot of active players on them. WaW's multiplayer is very fun and solid. It may have a couple of cheap moments like any other COD has. But it is still very enjoyable and can keep you entertained for a couple of hours.  As always I leave the best for last. Zombies! Call of Duty: World at War's zombie mode is one of the best co-op experiences I have ever had. Its fun, gameplay is solid, theres a story, and it will give you and your friends hours upon hours of entertainment. The game comes with 4 solid maps to play on. Natch Der Untoten, Verruckt, Shi No Numa, and Der Riese. These maps offer great variety and are very fun to play in. Zombies is the biggest and most alive part of this game. With a community that has created thousands upon thousands of custom zombie maps that one can enjoy. Many map makers like ZCT and TMG provide high quality maps that can be compared to Treyarch's best.   You still reading eh? Go and buy this game NOW! Yeah thats right, NOW! This is a game everyone should have in their libraries as it offers many hours of entertainment. Like stated before this is the 2nd best Call of Duty to be made. I give this game a 9.5/10 as it truly deserves that score.",
            "review_score": "1"
        },
        {
            "review_text": "The last true COD experience for PC Gamers. Dedicated servers, custom maps, modding, all that you need!  ",
            "review_score": "1"
        },
        {
            "review_text": "This game is:  10% luck 20% skill  15% concentrated power of will 5% pleasure 50% pain and 100% reason to purchase this game",
            "review_score": "1"
        },
        {
            "review_text": "My Call of Duty: World at War Pros/Cons list  Pros: +Great Campaign +Fun Multiplayer +Modded Zombies +Not futuristic +Great Soundtrack +Drivable Tanks in Multiplayer +Well designed maps +One of the better CODs   Cons: -Killstreaks are annoying on some maps/gamemodes -Weapons aren't balanced very well, i'm looking at you MP40 -Perks like Martyrdom -Most people play TDM only -Some maps are too gloomy looking for my taste  Conclusion: even though it shows its age at times, it's a Great Buy!   Thanks for reading my review :D",
            "review_score": "1"
        },
        {
            "review_text": "DO YOU LIKE ZOMBIES? YES! DO YOU LIKE GUNS? YES! DO YOU LIKE COD? NO! WELL THIS COD IS FUN FOR ONCE!",
            "review_score": "1"
        },
        {
            "review_text": "In My books this is The best cod ever made. I LOVE the atmosphere the game has: music, the way the graphics were made, the ruthless feel this game brings about war. Brings back so many good memories from the years gone by. Pretty sad its dead. Nostalgia at its best.",
            "review_score": "1"
        },
        {
            "review_text": "Remember when Call of Duty was good?  Yeah this was it.",
            "review_score": "1"
        },
        {
            "review_text": "Custom zombies makes this one of the best games on the Steam Store",
            "review_score": "1"
        },
        {
            "review_text": "face it no one really gets this game for the multiplayer, it's all for the custom zombies truly powerful review",
            "review_score": "1"
        },
        {
            "review_text": "The campaign is a classic, The multiplayer is addicting and fun, and the Modded Zombies is priceless. 10/10 one of the best games i ever played",
            "review_score": "1"
        },
        {
            "review_text": "Buy this game. Thats it, it is amazing",
            "review_score": "1"
        },
        {
            "review_text": "The good old Nostalgia. However, unless you have mods or friends who also own WAW, it'll be hard to play Zombies with a LAN party. But again, it was realeased in 2008 so...............  Finally, it really is worth playing. In other words, when Cod was good. R.I.P. Cod, you'll be missed. (until Battlefield 1 comes out........)",
            "review_score": "1"
        },
        {
            "review_text": "Just great on PC...",
            "review_score": "1"
        },
        {
            "review_text": "You'll be saying WaW.",
            "review_score": "1"
        },
        {
            "review_text": "This game is amazing you can have mods, diffrent maps and there is still a good community on this game even knowing how old the game is.",
            "review_score": "1"
        },
        {
            "review_text": "Wanna kill Japanese people and set them on fire? Wanna kill zombies? Well this is the game for you.",
            "review_score": "1"
        },
        {
            "review_text": "Where do I start emmmm, So yeah there Custom Zombies ehmm , Some Custom Zombies , OH NO WAY GUESS WHAT ..... THERE'S CUSTOM ZOMBIES.   Really Its just worth it 100% Just for the Zombies athough £20 on Steam is alot I'd Suggest Checking things like ♥♥♥ To get a better deal or wait for a sale that will save you some cash like I did.  All Round great game , loads of fun solo but if you have freinds to play with it gets even better",
            "review_score": "1"
        },
        {
            "review_text": "One of my favorite games of all time. Singleplayer is fun, multiplayer is fun and killing zombies was never better",
            "review_score": "1"
        },
        {
            "review_text": "BONZAI! -Every enemy in the game  10/10 would reccomend the zombies",
            "review_score": "1"
        },
        {
            "review_text": "Best Call of Duty in my opinion, best campaign and multiplayer. They should bring back WW2 Games. 9/10",
            "review_score": "1"
        },
        {
            "review_text": "The only good call of duty, people say the older ones are awesome, but they were mediocre compared to this.    Pros:Barely any kids There's a lot of realism involved Actual recoil that's not fake engine trash. Snipers aren't offensive and snipers don't quickscope. Infact, it's impossible to quickscope since sniper in WaW actually takes skill on aiming because of breathing patterns and shuttering. Most alive CoD on PC Historically accurate on world war II.  Cons:WHAT ♥♥♥♥ING CONS? IT'S ONE OF THE BEST 'MODERN' FPSES EVER MADE.",
            "review_score": "1"
        },
        {
            "review_text": "A campaign that will give you tons of hours of fun. Even after replaying it for the 30th time, it's still great...  And then there are Zombies. 4 awesome maps that started the entire story.  Multiplayer is still great. Prestige mode, customization and OP weapons :3",
            "review_score": "1"
        },
        {
            "review_text": "One word: (Custom) Zombies",
            "review_score": "1"
        },
        {
            "review_text": "if a friend has this game YOU MUST GAME SHARE!! my dad did that it is amazing game for when it came out!!!!!!!! I say 1000/10",
            "review_score": "1"
        },
        {
            "review_text": "A really good fps shooter. One of the best in the COD series. The campaign is good, but I'm not too big of a fan of the multiplayer. The best part of the game is zombies! I just love zombies. In my eyes, this game could have been made just for zombies, but that's me. I wish the COD team can go back to these kind of games and expecially zombies, I will definetly buy it, if they do.",
            "review_score": "1"
        },
        {
            "review_text": "Call of Duty: World at War is a great game. The campaign is engaging and replayable, the multiplayer is fun and enjoyable, and the zombies mode that was introduced from this game that is still in the newer Treyarch titles is a fun game to play with friends.  Pros- [Campaign]- Good story and characters, engages you, challenges you, and is only the lead into the stories of BO1 and 2. [MP]- People still play this almost 9 year old game. [MP]- Guns are varying, meaning you aren't going to get killed by one gun and one only (but beware of PPsh users) [ZM]- Simple and easy to learn. [ZM]- Fun for co-op or online. [ZM]- Custom zombies. [Campaign]- This is a personal opinion, but this game is gorey-er than other COD campaigns, and I think it impoves immersion  Cons- [Campaign]- Although I said its challenging, sometimes it's too much so. [Campaign]- The Pacific Theatre gets boring towards the end, and you almost want it to end there. [MP]- Juggernaut. Enough said. [MP]- Anymore, most servers are not vanilla, meaning it will probably be modded in some way. [ZM]- It gets repetitive after a while, due to simplicity.  Final Verdict- Campaign- 8.75/10. It's good, but not amazing. Multiplayer- 9/10. Probably the best multiplayer in a COD game. Zombies- 9.5/10. The second best Zombies mode so far, only behind Black Ops 1. Overall [Average of all scores]- 9.11/10. My favorite COD, and to many others one of the best in the series.",
            "review_score": "1"
        },
        {
            "review_text": "This is pretty much the only COD game that is the best and does not suck apart from COD4. This supplies the best zombies and custom zombies. Much COD games do not provide this awesome zombies and supply remakes which are TERRIBLE.  This is the only zombies game that doesn't suck and guess what. All the hackers are excluded from this game unlike all the MW. Remember when COD was good? No? Well here it is.",
            "review_score": "1"
        },
        {
            "review_text": "Man, we need another Call of Duty game like World at War.  The campaign, the online multiplayer, Nazi Zombies. All done insanely well!  Also, Nazi Zombies in this game has a great modding community.",
            "review_score": "1"
        },
        {
            "review_text": "This game has the best zombie mode. Plus it has custom maps.",
            "review_score": "1"
        },
        {
            "review_text": "MOTHER F**CKEN BEST GAME EVER MADE! Just kiding... But siriusly, I find my self going back to this game OVER AND OVER AND OVER AND OVER AND OVER again, again, and again. I don't understand how the Mods of this game can be SOOOO addicting... BUT THEY SOOO ARE! I see this game turning into a classic in the not too distand future.",
            "review_score": "1"
        },
        {
            "review_text": "awesome if you have custom zombie maps :D",
            "review_score": "1"
        },
        {
            "review_text": "This game is insane. The story mode is sick, multiplayer is ok++ and the zombie mode is &lt;33. yes i have 0.7 hours on pc, but probably 500hours+ on ps3.   imo this is the best Call of Duty game ever made.",
            "review_score": "1"
        },
        {
            "review_text": "They just don't make 'em like they used to.",
            "review_score": "1"
        },
        {
            "review_text": "I just went back playing this game cause I watched Saving Private Ryan at my school. Dope",
            "review_score": "1"
        },
        {
            "review_text": "I love this game great zombies co-op",
            "review_score": "1"
        },
        {
            "review_text": "The ability to have Custom Maps and have fun with them using Console This Game is awesome  Zombies Mode FTW",
            "review_score": "1"
        },
        {
            "review_text": "Custom zombies ftw.",
            "review_score": "1"
        },
        {
            "review_text": "Definently worth the money. You can spend thousands of hours going through all of the custom zombie maps. Great game.",
            "review_score": "1"
        },
        {
            "review_text": "Easily one of if not my favorite CODs, this game is the one that changed it all. The great story, great characters and gameplay it offers a great variety of missions to play. I have always been into COD Zombies and because of the mod options of this one, you can make it almost an entirely different game. It really is hard to find something to complain about here, even though the graphics may not be Order 1866 level it still holds up and the dark grays and blood help set the mood. I got this game when it was on sale. but I think it is fully worth its base price and is a game I still play to this day.",
            "review_score": "1"
        },
        {
            "review_text": "its fun to play and thereare so many additions to it",
            "review_score": "1"
        },
        {
            "review_text": "Pros:   Great Port   Zombies is fun if you have friends.   Custom maps make zombies even more fun   Zombies   Campaign is fun Cons:   The multiplayer sucks ♥♥♥♥.   Finding a zombie server is nearly impossible unless you have every map known to man and have a MLG server password cracker.   Need to restart the game evertime you want to tab in from multiplayer to single player.  Overall Raiting:7/10 Buy this when its on sale for 10$ Not worth the full 19.99  ",
            "review_score": "1"
        },
        {
            "review_text": "Great game for the custom maps in zombies not many maches in multiplayer and campagin is ok and the game is overall good",
            "review_score": "1"
        },
        {
            "review_text": "This CoD is one of a kind game, no quickscoping or SMG campers. What's the best, no kids yelling at mic like 'YEAY TRIPLEEEEEE!' 'YEAAAAH MOAAB!' Or some teenager boy telling you how you suck, because you didn't ran around quickscoping everyone else.",
            "review_score": "1"
        },
        {
            "review_text": "My second favorite  Call of Duty  of all time. In my unpopular opinion, it achieved the greatness  Call of Duty 4  was going for but didn't fully conquer. It's an authentic World War II shooter with plenty of weapons of the era to choose from. The story (which can be played in co-op) and characters are for the most part very good despite being significantly short, and the gameplay is frantic and exciting. The multiplayer is amazing in pretty much every sense, with an unconventional design for  Call of Duty 's standards. This was the one in the series that started zombies as well, and while  Nacht Der Untoten  isn't a highlight of the game mode it is raw and hardcore, and  Der Riese  is outstanding especially with friends. Filled with mysteries. The mode also gave birth to the marvelous soundtrack provided by  Kevin Sherwood  &amp;  Elena Siegman.   Treyarch  did a fine job with this one.  8.1/10.0 ",
            "review_score": "1"
        },
        {
            "review_text": "The best Call of Duty Ever made And will ever be!! Campaign- The capaign is good Not the best campaign in cod but its good 6/10 Multiplayer- The multiplayer is very fun!! no hackers 9/10 Zombies-Very fun with custom maps too!-10/10",
            "review_score": "1"
        },
        {
            "review_text": "This is an amazing game, I'm so clad I got this is a sale it's very fun and has a lot to offer i would recomend getting this because its too good for the price. lots of people still play this and its popular with I'm serpriced about because it's old. I would really get this game if i was you :D",
            "review_score": "1"
        },
        {
            "review_text": "WW2 FPS + COD + a decent single player campaign + zombies = brilliant apart from the hiccup of zombies only being survivable in co-op unless your epic at this stuff its a great game, it represents the attitude of the nations involved, but it seems void of involvement by any nation other than the US and USSR for the allies and Nazi Germany and Imperial Japan for the Axis, I mean did the entire British empire, and their allies vanish? But putting aside my sense of Britishness, Excellent game, brilliant 10/10",
            "review_score": "1"
        },
        {
            "review_text": "If you don't like Call of Duty: Zombies then stop reading this post right now and stop considering buying this game. You won't like it. I can't say much for multiplayer or campaign aspects of this game, but the zombies and modded zombies are truly extensive and amazing. I think the greatest thing about a lot of the custom zombies maps is that they have an end other than the death of the player(s). All in all it's a game well worth the buy, but if you don't have much money just wait for a sale (Steam has a lot of those... LOL). If you are a Call of Duty gun nerd then this is certainly a good pick because the maps have guns from every Call of Duty ever. From the good ol' not-so-classics like MW3 to the new games like AW and BO3, you name them, they're there. Also the maps have a number of themes from holiday's to movies, even original ideas. Easter eggs are a large part of the good maps nowadays, you'd be unlucky to find a good map without a zombies gun game mode too! Definitley recommend this game to anyone and everyone above the age of 12.",
            "review_score": "1"
        },
        {
            "review_text": "it's such a good game",
            "review_score": "1"
        },
        {
            "review_text": "Who cares about Black Ops 3, Pick this gem up and Zombie Away. 9/10, Would be 10/10 is it wasn't Call Of Duty.",
            "review_score": "1"
        },
        {
            "review_text": "I memed. I creamed. I conquered.",
            "review_score": "1"
        },
        {
            "review_text": "There are no words to describe the beautiful, original game. I love it to death. Easily one of, if not the best Call of Duty's.",
            "review_score": "1"
        },
        {
            "review_text": "just hit 100 hours, and let me tell you, they were AWESOME. if your computer can run this, get it. the campaign was amazing, the multiplayer... well it has a lot of screaming 12 year olds and hackers, but the zombies was my favorite, especially custom zombies. 8/10 would get ears bleached again",
            "review_score": "1"
        },
        {
            "review_text": "Co-op doesnt work properly, bought this to play with my friend and... it didn't work though its a good game i'm still mad at the fact that coop doesn't seem to work.",
            "review_score": "1"
        },
        {
            "review_text": "Great Game For The Zombies Alone. all DLC is free only on PC and more on  Zommods.com   and in multiplayer, their is no ten year olds that did your mom. I would give it a try. I would say, buy it on Gee2Ay or whenever.",
            "review_score": "1"
        },
        {
            "review_text": "This game is great with the custon zombie maps you can get.",
            "review_score": "1"
        },
        {
            "review_text": "This is by far the best Call of Duty game for PC. The variety of Custom Zombie Maps to choose from, they are amazing! Custom Zombies was the main reason I bought this game and I have played about 100+ hours and have a blast playing this game! Their is map being created everyday and you'll never get bored of played the zombies! Call of Duty: World at War has the best Original Zombies experience and the only Custom Zombie experience! If you love Call of Duty Zombies and Call of Duty in general, you should totally buy this game, I recommend it 100%. This is a game you must have. -AaronModzz",
            "review_score": "1"
        },
        {
            "review_text": "One of the few good CoD's.",
            "review_score": "1"
        },
        {
            "review_text": "It is really fun with servers and is awesome",
            "review_score": "1"
        },
        {
            "review_text": "Best Call of Duty game in my opinion, zombies are awesome, the campaign is immersive and kinda saddening at times but it makes you feel like you are actually in a war zone if you put it on the hardest difficulty.",
            "review_score": "1"
        },
        {
            "review_text": "A great game. The multiplayer is dead. but that is normal for a popular franchise who has their players move to their newest game. this game may be 6 years old, but it is just great. juat absolutely ♥♥♥♥ing brilliant.",
            "review_score": "1"
        },
        {
            "review_text": "not as good as the movie",
            "review_score": "1"
        },
        {
            "review_text": "24v24 Team Deathmatch matches. Need I say more? (I'm going to anyway) This is my all-time favourite Call of Duty (Black Ops 2 is a close second). Anyway, the multiplayer is still alive and kicking, you'll have no problem finding a match. Oh! And NAZI ZOMBIES!!!!!1!!11ONE!!!!!1!! You'll find tons of mods for this game, and plenty of players willing to try them with you. 9/10 a classic",
            "review_score": "1"
        },
        {
            "review_text": "wheres the sharks",
            "review_score": "1"
        },
        {
            "review_text": "excellent game. much recommend. very good. 10/10 would bang",
            "review_score": "1"
        },
        {
            "review_text": "the game is good for custom zombies!",
            "review_score": "1"
        },
        {
            "review_text": "Great, game, SERVERS ARE STILL ALIVE!!!     Mostly tactical than the regular CoD games, but still really fun. It's honestly more like Counter-Strike and CoD combined.",
            "review_score": "1"
        },
        {
            "review_text": "Fantasic multiplayer game and great for any 'Twiching' or 'Youtubing' its pretty easy but i wish was easyer to download insane custum maps. Zombie mode is insane and so fun my 75 hours on this game was been 85% zombies, 10% on multiplayer and 5% on campaign.  Phinomimnal game COD PLEASE MAKE REMAKE WITH BETTER GRAPHICS BUT DO NOT CHANGE A THING WITH YOUR ANNOYING FUTURE ♥♥♥♥♥♥♥T.  9/10",
            "review_score": "1"
        },
        {
            "review_text": "The best zombie games with custom maps. Cod World At War game looks just like WW1 and WW2 like in real life. I recommend playing this game with a friend so you could have a fun time playing zombie games plus with that custom maps.",
            "review_score": "1"
        },
        {
            "review_text": "what i mainly liked about this game is zombies, how trayarch gave you all the DLCs insted of you having to buy them like on xbox and the fact that you can download moded maps.",
            "review_score": "1"
        },
        {
            "review_text": "Only get this game for zombies, but it's worth it!  The multiplayer is hacked to death, the coop has nobody, so get it with your friends.  Zombies should be the reason you get this game!",
            "review_score": "1"
        },
        {
            "review_text": "I got hit by a zombie two times and I did nazi that coming. 10/10",
            "review_score": "1"
        },
        {
            "review_text": "- CoD: Before the MLG. - Classic zambies. - Moddable. - WWII.  Buy now.",
            "review_score": "1"
        },
        {
            "review_text": "Classic good old cod. Both multiplayer and zombies are great to play with friends. GG- would recommend.",
            "review_score": "1"
        },
        {
            "review_text": "Fun game, Coop is even better, and of course classic Nazi zombies!",
            "review_score": "1"
        },
        {
            "review_text": "I only have it for the custom zombies :D",
            "review_score": "1"
        },
        {
            "review_text": "this is always my favorite cod",
            "review_score": "1"
        },
        {
            "review_text": "This game is amazing, i love it. I wish call of duty would have more world war 2.... But no, they still make call of duty games that take place in like 2058. The campaign was so fun to play, in one campaign level you get to drive around in a tank and blow up stuff. Who doesn't love blowing stuff up while driving around in a tank?? The best part about the campaign is that one of the characters, Viktor Reznov is played by Gary Oldman who he's a famous actor in many films such as the Dark Knight or Harry Potter.  I tried custom zombies, i see that most custom zombie maps are poorly made (don't ask me to play custom zombies with you.)  Overall I like this game, the only call of duty game that is the best, second being the modern warfare trilogy.",
            "review_score": "1"
        },
        {
            "review_text": "Downloaded a Five Nights At Freddy's zombie map.    11/10 Best indie horror game.",
            "review_score": "1"
        },
        {
            "review_text": "Awesome game! Excellent WWII action.",
            "review_score": "1"
        },
        {
            "review_text": "Custom zombies is fun",
            "review_score": "1"
        },
        {
            "review_text": "This Call of Duty may be dated, but it is much, much better than most of the garbage that comes out of the CoD franchise today. The 3 map packs are already included as well, which are $9.99 each on consoles. If you can find people to play Zombies with, then you'll have a blast with modded zombies maps.",
            "review_score": "1"
        },
        {
            "review_text": "Best COD period   Running on Windows 8.1 fine and have been for months....  Didn't even know it was a issue",
            "review_score": "1"
        },
        {
            "review_text": "Call of Duty World at War is my favorite Call of Duty, I have played all of the Call of Dutys and in my opinion World at War is overall the best one, at least it was when this review was written. Maybe some day there will be a call of duty that I find I like more than World at War but until then, well. If you where going to play a call of duty I would strongly recommend that you at least try World at War. I dont know what it is about the game that makes me feel its the best Call of Duty, but after playing it through you may feel the same.",
            "review_score": "1"
        },
        {
            "review_text": "Spank my ♥♥♥ and call me Harambe",
            "review_score": "1"
        },
        {
            "review_text": "its probably better than infinite warfare",
            "review_score": "1"
        },
        {
            "review_text": "I have enough hours of multiplayer gameplay to say this: It's the best FPS WWII multiplayer game i've ver played",
            "review_score": "1"
        },
        {
            "review_text": "great game",
            "review_score": "1"
        },
        {
            "review_text": "this is epic ",
            "review_score": "1"
        },
        {
            "review_text": "Great Game Reccomend for anyone!",
            "review_score": "1"
        },
        {
            "review_text": "Good for the mods",
            "review_score": "1"
        },
        {
            "review_text": "really cool to play zombies and multy is good too",
            "review_score": "1"
        },
        {
            "review_text": "Wow a game that actually is realistic not 20 bullets in cod bo2 but 4 just with a pistol now thats what i call realistic Best Cod Game Still. Cant believe you have not bought this game yet oh ya CUSTOM ZOMBIE MAPS",
            "review_score": "1"
        },
        {
            "review_text": "Very fun game loads of modding and custom maps to be played.",
            "review_score": "1"
        },
        {
            "review_text": "This Game Is Very Exciting To Buy,Buy It Now!!!! I Have 2 Custom Zombie Map From Internet",
            "review_score": "1"
        },
        {
            "review_text": "AWESOME. This game is really fun and you dont need an amazing computer to run it. I have a laptop and it runs fast. Also its cool that you can download mods and stuff and modded servers.",
            "review_score": "1"
        },
        {
            "review_text": "Game is amazing, the multiplayer is fun but the never ending custom zombies is way better than any dlc that could be released.",
            "review_score": "1"
        },
        {
            "review_text": "Those were the days...  WTF ACTIVISION???",
            "review_score": "1"
        },
        {
            "review_text": "HOLY COW! LUV IT!",
            "review_score": "1"
        },
        {
            "review_text": "Amazing game big fan of WAW",
            "review_score": "1"
        },
        {
            "review_text": "Its EpiC!",
            "review_score": "1"
        },
        {
            "review_text": "The zombie survival with friends is where I spent all of my time. I did finish the story but like most COD it was lacking. With that said this game is worth it for the Nazi zombie mode. It's been done now with a ton of other games but at the time it was one of the first.",
            "review_score": "1"
        },
        {
            "review_text": "ONE OF A KIND.  This game is one of the best CoDs, with no stupid jetpacks or laser guns. There are still servers up with 60 plus WWII battles. Although there are hackers galor (activision gives up in a year on there games) this game is still enjoyable and the multiplayer and zombies can be played over and over again.  Gr8 game i r8 8/8 m8 .",
            "review_score": "1"
        },
        {
            "review_text": "Two Words: Custom Zombies",
            "review_score": "1"
        },
        {
            "review_text": "I mostly enjoy the zombie games than the campain and get a bit worried about nobody playing...",
            "review_score": "1"
        },
        {
            "review_text": "It's a great game! I mainly purchased for custom zombies.",
            "review_score": "1"
        },
        {
            "review_text": "i love it it have custom you can make they so fuh\\",
            "review_score": "1"
        },
        {
            "review_text": "This is by far the best COD!!!",
            "review_score": "1"
        },
        {
            "review_text": "OOOOOH What's that? A limb? (._. )K",
            "review_score": "1"
        },
        {
            "review_text": "Great game if u like zombies better then black ops 3",
            "review_score": "1"
        },
        {
            "review_text": "WW2 Call of Duty which was released right after Modern Warfare 1. Includes a fairly entertaining 2-3 hr long campaign where you play as Americans in the Pacific and Russians on the western front. Lots of gibs, gore, and a somewhat active multiplayer can be expected.   (Lots of empty servers, but still a few with a good amount of people on them.)  Players can also control tanks in multiplayer on maps that are big enough to support them. T34 and a Panzer IV. Players may also choose from various tank related perks (increase turret rotation, reload, top speed, etc.) as well as various anti-tank measures such as equipping yourself with AT grenades, a bazooka, satchel charges, etc.  I'm not a huge Call of Duty fan but I have a lot of fun with this.",
            "review_score": "1"
        },
        {
            "review_text": "it is very fun ",
            "review_score": "1"
        },
        {
            "review_text": "Buy This Game cause If You Dont You might as Well be Dead Thats How Awesome it is.",
            "review_score": "1"
        },
        {
            "review_text": "  This game is fun! WAW is in that list of good COD games, and this is the first game to have zombies in it which is awesome. Play the game!! ",
            "review_score": "1"
        },
        {
            "review_text": "This is the greatest CoD game ever created. First off, the game is based off of things that have truly happened in this world that we live in. Its more realistic than all the other cod games (black ops) (ghosts). Also, you have the choice to mod things which is amazing. 10/10",
            "review_score": "1"
        },
        {
            "review_text": "The last version of the franchise I was able to enjoy. ",
            "review_score": "1"
        },
        {
            "review_text": "The game itself is worth 20$. The game with free mods is worth 40$. Pick this game up on a sale for cheap   Pros -Multiplayer -Zombies -Custom zombies  Cons -You will never exit from this game",
            "review_score": "1"
        },
        {
            "review_text": "Singleplayer: decent  Multiplayer: can be tactical but can be hetic. BUT DOME OMG WHAT A GRENADE FESTIVAL!  Zombies: Good blast with your mates BUT MODS. MODS ARE WHAT KEEPS THIS GAME ALIVE!   11/10 Will try and survive for more than 2 seconds on Dome without being shot/blown up/ shelled/ killed by a zombie",
            "review_score": "1"
        },
        {
            "review_text": "awsome game i wouldnt play it without the zombies",
            "review_score": "1"
        },
        {
            "review_text": "Join game as Nazi Get shot Resurrect as Nazi zombie Zombifie campers Become zombie Führer Take over world for Fourth Reich Everyone is undead Peace aquired ✓",
            "review_score": "1"
        },
        {
            "review_text": "Me: All right! I'm gonna play some multiplayer! Game: You need PunkBuster, d*** Me: ... 2 hours later Me: All right! I got PunkBuster! Let's play! Me: ... Why is there someone flying in the sky? Game: You were killed by a hacker. Me: ... Me: ಠ_ಠ Well f*ck you then.",
            "review_score": "1"
        },
        {
            "review_text": "This game is AMAZING.  The campaign is fun, it takes place in a 1900's era with old fashioned guns like garands, and colts.  Multiplayer is quite fun, however i would recommend Zombies (Co-op)  Zombies, is amazing. With 4 maps to choose from you have lots of options, as well as thousands of maps which can be downloaded from sites like UDX or zombiemodding. It takes about 5 minutes to learn how to do and is WELL worth it. Modded maps often include custom perks, guns from other call of duty's (Black ops 2, Modern Warfare series), and unbeleiveable textures. I have several maps taking place at a plumbers castle (Mario Series) and some at a mexican themed resturaunt (Taco Bell).  I hope my review helped you decide whether or not to buy this amazing game.",
            "review_score": "1"
        },
        {
            "review_text": "Yes this game is still worth to buy! Its 2016 Yes and this game is old! BUT NOO ITS 10/10! Custom zombies and gameplays there no like none hackers here well i havent seen anyone!! AND ITS SOO FUN!!!!",
            "review_score": "1"
        },
        {
            "review_text": "I dont care about the campaign or the multiplayer.  I just like doing zombie mode and pretending to be a redneck.",
            "review_score": "1"
        },
        {
            "review_text": "The game is very old, but that has no effect on how amazing it is. The price is amazing because the game is getting new add-ons everyday. The custom Zombies maps are great and better than most/ almost all maps created by Treyarch themselves. Worth the money, great campaign, has a developer console, works on many computers except Macs, and is very enjoyable with friends.   WARNING: Beware of hackers/modders in public zombies/multiplayer servers. If you put a clip of your gun into a guy and a health sign pop ups. GET OUT. No one likes hackers.",
            "review_score": "1"
        },
        {
            "review_text": "WAW - The game you would play to rank up to the highest prestige in 1 day. Its a pretty goooood game!",
            "review_score": "1"
        },
        {
            "review_text": "Mods are ♥♥♥♥ing amazing.  10/10 Would play and download mods until I get a virus.",
            "review_score": "1"
        },
        {
            "review_text": "I think this is a great game because of the zombies and maby multiplayer is basicly broken with all the dam modders thinking mods are fun witch they arnt they ruin my game but the zombies are realy fun trying out new maps with my friends. so i reccomend this game for people whoi like zombies/shooter/poeple who love call of duty these are my reasons why this is a great game :D.",
            "review_score": "1"
        },
        {
            "review_text": "wh-where are the boost thrusts and supply drops",
            "review_score": "1"
        },
        {
            "review_text": "one last call for alcohol then its ma last drink",
            "review_score": "1"
        },
        {
            "review_text": "no kids who want sleep with my mom :D",
            "review_score": "1"
        },
        {
            "review_text": "Custom Zombies 10/10",
            "review_score": "1"
        },
        {
            "review_text": "Still good! After all this time, i still love this game 10/10",
            "review_score": "1"
        },
        {
            "review_text": "The four things that are most important in life are, eat, drink, sleep, and world at war zombies...",
            "review_score": "1"
        },
        {
            "review_text": "My waifu left me cause i burned japs in the jungle       10/10 Would upset Waifu again",
            "review_score": "1"
        },
        {
            "review_text": "My brother played this game, he liked it. He's dead now, but you can still play it.",
            "review_score": "1"
        },
        {
            "review_text": "Fun with friends bought it for the custom zombies and has performed with no problems",
            "review_score": "1"
        },
        {
            "review_text": "Pros: -Requires relatively little in PC specs -Custom (fan-made) downloadable zombie maps -Outstanding classic zombies maps, must play -Gripping campaign that really makes you contemplate all sides taken in WWII, especially relentless loyalty to a country -Will love you for your personality, no matter how crappy your mouse is or how sticky and old your keyboard is -Won't leave you for some high-end Razer chroma keyboard or fancy Nvidia graphics card (Dying Light did this to me) -Kill Nazis -Kill Nazi zombies -No paid DLC -Kill crazy 'Bonzai' Jap soldiers who rush you with bayonetts, unaware of the trench gun you have carried (I did) the whole game for the sole purpose of completely anhilating these enemies  Cons: -Servers aren't reliable, crashes aren't uncommon -Can't increase MP rank by playing MP zombies (at least would have liked a seperate ranking category for Z and MP)  In conclusion: -Get the game -Get it -Its $19.99 for",
            "review_score": "1"
        },
        {
            "review_text": "vanilla MM servers, mod support for zombies.  shut up and take my money, again!",
            "review_score": "1"
        },
        {
            "review_text": "Just came for the zombies great campaign",
            "review_score": "1"
        },
        {
            "review_text": "It all started a long time back when lennie wanted to tend the rabbits, and george was like lennie sit the ♥♥♥♥ down before i pop a cap in your head. Lennie wanted beans and ketchup, but george had no ketchup so he told him to '♥♥♥♥ off you mug'. Lennie went to live in a cave, it was there that he met shrek the ogre lord who made him his prsion ♥♥♥♥♥. Shrek had a dankey, it was called thomas the dank engine. It #shrekt me and we all died on round 3, one of the most ♥♥♥♥ed up custom zombie maps ive ever played.  Overall great game, i r8 8/8 m8.                 Ignore for Gudjon Daniel.",
            "review_score": "1"
        },
        {
            "review_text": "I mostly play custom zombies on this, and if you are looking for a LOT of fun over a long period of time, i'd recommend you buy this game. Even if you don't like Call of Duty, the zombies mode has amazing custom maps and is extremely fun although, only pick it up on a sale as I don't believe it is worth the full price.",
            "review_score": "1"
        },
        {
            "review_text": "Dont mind how much time it says i have played this, i have played it much more on Xbox.  Show this game to a 7 year old, he'll say 'this game is for old people'  show this to a mature person, they will say '...'  that's right nothing, because they will be stomping on the 7 year olds who say this game sucks because it is old and doesnt have as good graphics as the lesser call of duty games that have a community of screaming kids.  Case closed",
            "review_score": "1"
        },
        {
            "review_text": "The best Call of Duty that was ever made. No quickscoping little kids (that call your mother a ♥♥♥♥♥) just a genuinely nice community! :D",
            "review_score": "1"
        },
        {
            "review_text": "Campaign is great, the multiplayer is OK considering how many people plays it, and Zombies is amazing as always with custom maps",
            "review_score": "1"
        },
        {
            "review_text": "This game is still holding on in 2016. Deserves to be experienced by every gamer or call of duty player. The multiplayer is a throwback from the exo suits and the humping... I mean thrusting and the zombie universe is GREAT!",
            "review_score": "1"
        }
    ]
}