{
    "app_id": 1009810,
    "name": "Blood Island",
    "release_date": "2019-01-23",
    "developer": [
        "stariy8419"
    ],
    "publisher": [
        "stariy8419"
    ],
    "platforms": [
        "windows"
    ],
    "required_age": 0,
    "categories": [
        "Single-player"
    ],
    "genres": [
        "Action",
        "Adventure",
        "Casual"
    ],
    "tags": [
        "Casual",
        "Action",
        "Adventure"
    ],
    "achievements": 0,
    "positive_ratings": 1,
    "negative_ratings": 1,
    "price": 0.79,
    "description": "The navigator Navi'Tan from the southern lands finds a mysterious fragment of a crystal resembling a ruby. He decides to solve the riddle and collect all the parts of the artifact together, especially since the stone began to control the mind of the young sailor.",
    "header_img": "https://steamcdn-a.akamaihd.net/steam/apps/1009810/header.jpg?t=1548263803",
    "minimum_requirements": "OS: Windows 7 or newer: 32bit / 64bit Processor: Core 2 Duo or higher Memory: 2 GB RAM Graphics: DirectX11 Compatible GPU with 512 MB Video RAM Storage: 50 MB available space Sound Card: DirectX compatible sound card",
    "recommended_requirements": null,
    "reviews": []
}