{
    "app_id": 1009370,
    "name": "Elephants Can't Jump",
    "release_date": "2019-03-04",
    "developer": [
        "Skwiggle Entertainment"
    ],
    "publisher": [
        "Skwiggle Entertainment  "
    ],
    "platforms": [
        "windows"
    ],
    "required_age": 0,
    "categories": [
        "Single-player",
        "Steam Achievements",
        "Partial Controller Support"
    ],
    "genres": [
        "Action",
        "Casual",
        "Indie"
    ],
    "tags": [
        "Action",
        "Indie",
        "Casual"
    ],
    "achievements": 7,
    "positive_ratings": 1,
    "negative_ratings": 0,
    "price": 7.19,
    "description": "Elephants Can’t Jump is a side-scrolling puzzle platformer with no jump mechanic (did the title give it away?). Join Akkoro, the salty octopus, and the rambunctious elephant Pengin, as they escape abduction on an alien spaceship.",
    "header_img": "https://steamcdn-a.akamaihd.net/steam/apps/1009370/header.jpg?t=1551753952",
    "minimum_requirements": "OS: Windows 7 Processor: Dual Core 2GHz Memory: 2 GB RAM Graphics: Hardware Accelerated Graphics with 1GB memory Storage: 200 MB available space",
    "recommended_requirements": null,
    "reviews": []
}