{
    "app_id": 1009780,
    "name": "Tales of Sorrow: Strawsbrough Town",
    "release_date": "2019-01-27",
    "developer": [
        "Urchin Games"
    ],
    "publisher": [
        "HH-Games"
    ],
    "platforms": [
        "windows"
    ],
    "required_age": 0,
    "categories": [
        "Single-player"
    ],
    "genres": [
        "Casual"
    ],
    "tags": [
        "Casual",
        "Hidden Object"
    ],
    "achievements": 0,
    "positive_ratings": 2,
    "negative_ratings": 0,
    "price": 2.89,
    "description": "Play the exciting hidden object adventure &quot;Tales of Sorrow: Strawsbrough Town&quot; and help Alfred save his fiancée Melissa from a curse.",
    "header_img": "https://steamcdn-a.akamaihd.net/steam/apps/1009780/header.jpg?t=1548588687",
    "minimum_requirements": "OS: Windows XP/ME/Vista/7/8/10 Processor: 1.0GHz CPU Memory: 128 MB RAM Graphics: 128MB Storage: 2 GB available space Sound Card: DirectX compatible sound card",
    "recommended_requirements": "OS: Windows XP/ME/Vista/7/8/10 Processor: 1.5GHz CPU Memory: 256 MB RAM Graphics: 256 MB Storage: 2 GB available space Sound Card: DirectX compatible sound card",
    "reviews": []
}