{
    "app_id": 1009100,
    "name": "Zombie Killer - Type to Shoot!",
    "release_date": "2019-02-17",
    "developer": [
        "MOERS INC"
    ],
    "publisher": [
        "MOERS INC"
    ],
    "platforms": [
        "windows"
    ],
    "required_age": 0,
    "categories": [
        "Single-player"
    ],
    "genres": [
        "Action"
    ],
    "tags": [
        "Action",
        "Violent"
    ],
    "achievements": 0,
    "positive_ratings": 0,
    "negative_ratings": 1,
    "price": 3.99,
    "description": "This game is a typing game, not a shooting game. Type in a word or sentence in the chest of a zombie and defeat it. Get a high score and show off your typing skills.",
    "header_img": "https://steamcdn-a.akamaihd.net/steam/apps/1009100/header.jpg?t=1550467213",
    "minimum_requirements": "OS: Windows 10 Processor: Intel Celeron Series Memory: 3072 MB RAM Graphics: Intel Graphics HD 4600 DirectX: Version 10 Storage: 2 GB available space",
    "recommended_requirements": null,
    "reviews": []
}