{
    "app_id": 1009590,
    "name": "Little Lost Robots",
    "release_date": "2019-04-03",
    "developer": [
        "Evil Art Bunny Studios"
    ],
    "publisher": [
        "Evil Art Bunny Studios"
    ],
    "platforms": [
        "windows"
    ],
    "required_age": 0,
    "categories": [
        "Single-player"
    ],
    "genres": [
        "Simulation"
    ],
    "tags": [
        "Simulation",
        "Puzzle",
        "Indie"
    ],
    "achievements": 9,
    "positive_ratings": 6,
    "negative_ratings": 1,
    "price": 10.99,
    "description": "Little Lost Robots is a challenging puzzle game designed for players who want a proper mental workout. Help the robots reach the rescue portal by placing a sequence of commands for them to follow, pressing play, and hoping nothing crashes!",
    "header_img": "https://steamcdn-a.akamaihd.net/steam/apps/1009590/header.jpg?t=1554644788",
    "minimum_requirements": "OS: Windows 7 Processor: intel 7 Memory: 8 MB RAM Graphics: NVIDIA GEFORCE 540M DirectX: Version 10 Storage: 50 MB available space",
    "recommended_requirements": null,
    "reviews": []
}