{
    "app_id": 1009460,
    "name": "Hello, Goodbye",
    "release_date": "2019-04-18",
    "developer": [
        "Lump of Sugar"
    ],
    "publisher": [
        "NekoNyan Ltd."
    ],
    "platforms": [
        "windows"
    ],
    "required_age": 0,
    "categories": [
        "Single-player",
        "Steam Achievements",
        "Steam Cloud"
    ],
    "genres": [
        "Casual",
        "Simulation"
    ],
    "tags": [
        "Simulation",
        "Nudity",
        "Casual"
    ],
    "achievements": 23,
    "positive_ratings": 5,
    "negative_ratings": 0,
    "price": 23.79,
    "description": "&quot;Toubu Kaito&quot; That is the fake name assumed by a young military officer from the United Provinces of Japan. He has been tasked with infiltrating Tenshudo Academy, located in Special District Morino, impersonating a transfer student. He is to cast aside his former identity, and 'become' Toubu Kaito.",
    "header_img": "https://steamcdn-a.akamaihd.net/steam/apps/1009460/header.jpg?t=1555606802",
    "minimum_requirements": "最低配置: 操作系统: Windows XP or newer 处理器: 1.3 GHz 内存: 512 MB RAM 存储空间: 需要 3 GB 可用空间",
    "recommended_requirements": null,
    "reviews": []
}