{
    "app_id": 1009910,
    "name": "Ninja?",
    "release_date": "2019-01-23",
    "developer": [
        "Griffin DesBles"
    ],
    "publisher": [
        "Griffin DesBles"
    ],
    "platforms": [
        "windows"
    ],
    "required_age": 0,
    "categories": [
        "Single-player"
    ],
    "genres": [
        "Casual",
        "Free to Play",
        "Indie"
    ],
    "tags": [
        "Free to Play",
        "Indie",
        "Casual"
    ],
    "achievements": 0,
    "positive_ratings": 3,
    "negative_ratings": 5,
    "price": 0.0,
    "description": "Ninja? features a variety of movement abilities to help you traverse a procedurally generated level for endless runner fun.",
    "header_img": "https://steamcdn-a.akamaihd.net/steam/apps/1009910/header.jpg?t=1549245611",
    "minimum_requirements": "Requires a 64-bit processor and operating system OS: Windows 8 or later Processor: 2.6 GHz Dual Core or similar Memory: 100 MB RAM Graphics: GeForce GTX 500 series or similar Storage: 90 MB available space",
    "recommended_requirements": "Requires a 64-bit processor and operating system",
    "reviews": []
}