{
    "app_id": 1009180,
    "name": "Block of Rum",
    "release_date": "2019-02-05",
    "developer": [
        "Obi-Wanya"
    ],
    "publisher": [
        "Obi-Wanya"
    ],
    "platforms": [
        "windows"
    ],
    "required_age": 0,
    "categories": [
        "Single-player"
    ],
    "genres": [
        "Action",
        "Adventure",
        "Indie",
        "Early Access"
    ],
    "tags": [
        "Early Access",
        "Indie",
        "Adventure"
    ],
    "achievements": 0,
    "positive_ratings": 6,
    "negative_ratings": 4,
    "price": 1.69,
    "description": "Block of Rum is a sandbox dedicated to building sailing ships and piracy.",
    "header_img": "https://steamcdn-a.akamaihd.net/steam/apps/1009180/header.jpg?t=1555326636",
    "minimum_requirements": "OS: Windows 7, 8, 10 Processor: Intel Pentium 4, 2GHz or higher Memory: 2 GB RAM Graphics: 512 MB DirectX: Version 9.0 Storage: 100 MB available space",
    "recommended_requirements": null,
    "reviews": []
}