{
    "app_id": 1009030,
    "name": "Hello Emoji: Drawing to Solve Puzzles",
    "release_date": "2019-01-20",
    "developer": [
        "Riovox"
    ],
    "publisher": [
        "Riovox"
    ],
    "platforms": [
        "windows"
    ],
    "required_age": 0,
    "categories": [
        "Single-player",
        "Steam Achievements",
        "Stats"
    ],
    "genres": [
        "Casual",
        "Indie",
        "Strategy"
    ],
    "tags": [
        "Casual",
        "Indie",
        "Strategy"
    ],
    "achievements": 6,
    "positive_ratings": 1,
    "negative_ratings": 0,
    "price": 0.79,
    "description": "“Hello Emoji: Drawing to Solve Puzzles” is an exciting mini game which will give you a smooth drawing experience.Draw a simple line to make the different balls scroll towards their own destinations. Levels with different difficulty challenge your logically and imagination.",
    "header_img": "https://steamcdn-a.akamaihd.net/steam/apps/1009030/header.jpg?t=1548033052",
    "minimum_requirements": "Requires a 64-bit processor and operating system OS: Windows XP and above Processor: 1.5 GHz Memory: 1 GB RAM Storage: 512 MB available space",
    "recommended_requirements": "Requires a 64-bit processor and operating system",
    "reviews": []
}