{
    "app_id": 1009350,
    "name": "Keepers Dungeon",
    "release_date": "2019-04-08",
    "developer": [
        "Joni Bäckström"
    ],
    "publisher": [
        "Joni Bäckström"
    ],
    "platforms": [
        "windows",
        "mac",
        "linux"
    ],
    "required_age": 0,
    "categories": [
        "Single-player",
        "Steam Achievements"
    ],
    "genres": [
        "Action",
        "Adventure",
        "Indie"
    ],
    "tags": [
        "Action",
        "Indie",
        "Adventure"
    ],
    "achievements": 18,
    "positive_ratings": 5,
    "negative_ratings": 0,
    "price": 2.89,
    "description": "Keepers Dungeon is a rogue-lite dungeon crawler where you must fight your way through several levels of the dungeon, facing up to 11 unique bosses and various monsters in order to best the dungeon. Spells are your weapons, you can combine different spell-tokens in order to create your own unique spells.",
    "header_img": "https://steamcdn-a.akamaihd.net/steam/apps/1009350/header.jpg?t=1554729909",
    "minimum_requirements": "OS: Windows 7 Processor: Dual Core 2.6GHz Processor Memory: 4 GB RAM Graphics: GeForce GTX 650 Ti or ATI Radeon HD 7850 or better Storage: 1 GB available space",
    "recommended_requirements": null,
    "reviews": []
}