{
    "app_id": 1009390,
    "name": "Insanus Express",
    "release_date": "2019-02-08",
    "developer": [
        "Cienart Studios"
    ],
    "publisher": [
        "Cienart Studios"
    ],
    "platforms": [
        "windows",
        "mac"
    ],
    "required_age": 0,
    "categories": [
        "Single-player"
    ],
    "genres": [
        "Casual",
        "Indie",
        "Simulation",
        "Strategy"
    ],
    "tags": [
        "Casual",
        "Simulation",
        "Indie"
    ],
    "achievements": 22,
    "positive_ratings": 9,
    "negative_ratings": 0,
    "price": 7.19,
    "description": "In Insanus express you will manage an express psychiatric clinic with a crazy staff! The game consists of overcoming different scenarios while trying to keep it all under control. But watch out! You can always screw up and get everyone CRAZY!",
    "header_img": "https://steamcdn-a.akamaihd.net/steam/apps/1009390/header.jpg?t=1550675269",
    "minimum_requirements": "OS: Windows 7 SP1+ Processor: Intel Core i3 6100 or AMD FX-4350 Memory: 2 GB RAM Graphics: NVIDIA Geforce GT 1030, 2GB (Legacy: NVIDIA GeForce GTX 460), AMD RX550, 2GB (Legacy: AMD Radeon HD 6850), Integrated: Intel HD Graphics 630 DirectX: Version 8.2 Storage: 100 MB available space",
    "recommended_requirements": "OS: windows 8.1 SP3 Processor: Intel Core i5 6600 or AMD Ryzen 1600x Graphics: NVIDIA Geforce GTX 1060, 3 GB (Legacy: NVIDIA Geforce GTX 780, 4GB) or AMD RX 580, 4 GB (Legacy: AMD R9 290X, 4GB) DirectX: Version 10 Storage: 100 MB available space",
    "reviews": []
}