{
    "app_id": 1009690,
    "name": "Saving Simon",
    "release_date": "2019-02-21",
    "developer": [
        "Lotus GamesTr"
    ],
    "publisher": [
        "Lotus GamesTr"
    ],
    "platforms": [
        "windows"
    ],
    "required_age": 0,
    "categories": [
        "Single-player"
    ],
    "genres": [
        "Casual",
        "Indie",
        "RPG"
    ],
    "tags": [
        "RPG",
        "Indie",
        "Casual"
    ],
    "achievements": 0,
    "positive_ratings": 1,
    "negative_ratings": 1,
    "price": 0.79,
    "description": "Simon has some family and puberty problems.Talk, listen and try to help him.",
    "header_img": "https://steamcdn-a.akamaihd.net/steam/apps/1009690/header.jpg?t=1555247993",
    "minimum_requirements": "OS: Microsoft® Windows® 7/8/8.1/10 (32bit/64bit) Processor: Intel Core2 Duo or better Memory: 2 GB RAM Graphics: DirectX 9/OpenGL 4.1 capable GPU Storage: 300 MB available space",
    "recommended_requirements": null,
    "reviews": []
}