{
    "app_id": 1010930,
    "name": "Aztec Tower",
    "release_date": "2019-01-22",
    "developer": [
        "Paul Schwörer"
    ],
    "publisher": [
        "Paul Schwörer"
    ],
    "platforms": [
        "windows"
    ],
    "required_age": 0,
    "categories": [
        "Single-player"
    ],
    "genres": [
        "Action"
    ],
    "tags": [
        "Action"
    ],
    "achievements": 0,
    "positive_ratings": 1,
    "negative_ratings": 1,
    "price": 3.99,
    "description": "Aztec Tower is a VR bow &amp; arrow game about defending the temple of your people against the spanish conquistadors.",
    "header_img": "https://steamcdn-a.akamaihd.net/steam/apps/1010930/header.jpg?t=1556123360",
    "minimum_requirements": "OS: Windows 7 SP1 Processor: Intel i5-4590 / AMD FX 8350 Memory: 4 GB RAM Graphics: Nvidia GeForce GTX 970 / AMD Radeon R9 290 DirectX: Version 12 Storage: 200 MB available space Additional Notes: HTC Vive or other VR Headset supporting SteamVR needed",
    "recommended_requirements": null,
    "reviews": []
}