{
    "app_id": 1010180,
    "name": "Space Rabbits in Space",
    "release_date": "2019-02-19",
    "developer": [
        "Ventilator Shark"
    ],
    "publisher": [
        "European Games Group AG"
    ],
    "platforms": [
        "windows",
        "mac"
    ],
    "required_age": 0,
    "categories": [
        "Single-player",
        "Steam Achievements",
        "Steam Cloud",
        "Steam Leaderboards"
    ],
    "genres": [
        "Action",
        "Indie"
    ],
    "tags": [
        "Indie",
        "Action",
        "Platformer"
    ],
    "achievements": 15,
    "positive_ratings": 7,
    "negative_ratings": 0,
    "price": 7.19,
    "description": "2d parkour skill-based platformer adventure about betrayal, speed, hard love and fun facts. The game can be played with one hand only (on a mouse). That leaves the other hand free for petting your pocket rabbit (if you have one) or defending yourself from wild bat attacks (if you have one).",
    "header_img": "https://steamcdn-a.akamaihd.net/steam/apps/1010180/header.jpg?t=1551234596",
    "minimum_requirements": "OS: Windows 7 Processor: Intel Core 2 Duo E5200 Memory: 4 GB RAM Graphics: GeForce 9800GTX+ (1GB) DirectX: Version 10 Network: Broadband Internet connection Storage: 500 MB available space Additional Notes: 1080p, 16:9 recommended",
    "recommended_requirements": "OS: Windows 10 Processor: Intel Core i5 Memory: 8 GB RAM Graphics: GeForce GTX 560 Network: Broadband Internet connection Additional Notes: 2k, 21:9 recommended",
    "reviews": []
}