{
    "app_id": 1010660,
    "name": "GACHIMUCHI REBIRTH",
    "release_date": "2019-01-31",
    "developer": [
        "Volha"
    ],
    "publisher": [
        "Volha"
    ],
    "platforms": [
        "windows"
    ],
    "required_age": 0,
    "categories": [
        "Single-player",
        "Partial Controller Support"
    ],
    "genres": [
        "Action",
        "Adventure",
        "Casual",
        "Indie",
        "RPG",
        "Simulation"
    ],
    "tags": [
        "Sexual Content",
        "Nudity",
        "Casual"
    ],
    "achievements": 0,
    "positive_ratings": 15,
    "negative_ratings": 3,
    "price": 0.99,
    "description": "Lost memory &quot;You got me mad now.&quot;, got into another world &quot;That's not good, man.&quot;, doesn't understand what the fuck is going on &quot;Like embarrassing me, huh?!&quot;, Doesn't remember his past. What could be better &quot;Woo!&quot;?!",
    "header_img": "https://steamcdn-a.akamaihd.net/steam/apps/1010660/header.jpg?t=1548957423",
    "minimum_requirements": "OS: Windows® XP/Vista/7/8/8.1/10 Processor: 1.2 GHz Pentium 4 Memory: 512 MB RAM Graphics: DirectX® 9.0c compatible Storage: 600 MB available space Sound Card: DirectSound",
    "recommended_requirements": null,
    "reviews": []
}