{
    "app_id": 1010000,
    "name": "Super Alpaca Bros.",
    "release_date": "2019-01-29",
    "developer": [
        "Cheolwan Park"
    ],
    "publisher": [
        "Softwing Entertainment"
    ],
    "platforms": [
        "windows"
    ],
    "required_age": 0,
    "categories": [
        "Local Multi-Player"
    ],
    "genres": [
        "Action",
        "Casual",
        "Indie"
    ],
    "tags": [
        "Action",
        "Casual",
        "Indie"
    ],
    "achievements": 0,
    "positive_ratings": 1,
    "negative_ratings": 0,
    "price": 0.79,
    "description": "Super Alpaca Bros. is the world's first alpaca fighting game. Expand your Alpacaist's view by purchasing Super Alpaca Bros. and join this great journey of Alpacaism.",
    "header_img": "https://steamcdn-a.akamaihd.net/steam/apps/1010000/header.jpg?t=1554373264",
    "minimum_requirements": "Requires a 64-bit processor and operating system OS: Windows XP Processor: 1.0GHz Memory: 128 MB RAM Storage: 64 MB available space Additional Notes: 64bit only",
    "recommended_requirements": "Requires a 64-bit processor and operating system OS: Windows 10 Processor: 1.0GHz Memory: 256 MB RAM Network: Broadband Internet connection Storage: 100 MB available space Additional Notes: 64bit only",
    "reviews": []
}