{
    "app_id": 1010410,
    "name": "Dragon Roller Coaster VR",
    "release_date": "2019-01-25",
    "developer": [
        "Pixel Edge Games"
    ],
    "publisher": [
        "Pixel Edge Games"
    ],
    "platforms": [
        "windows"
    ],
    "required_age": 0,
    "categories": [
        "Single-player"
    ],
    "genres": [
        "Action",
        "Adventure",
        "Racing"
    ],
    "tags": [
        "Action",
        "Adventure",
        "Racing"
    ],
    "achievements": 0,
    "positive_ratings": 6,
    "negative_ratings": 3,
    "price": 2.89,
    "description": "Experience the thrill and real adventure in one of the most polished, immersive and action-packed VR coasters you’ve ever seen! Transport yourself to the land of dragons and admire diverse environments while going up and down at breathtaking speed!",
    "header_img": "https://steamcdn-a.akamaihd.net/steam/apps/1010410/header.jpg?t=1548440579",
    "minimum_requirements": "OS: Windows 7 SP1, Windows 8.1 or later, Windows 10 Processor: Intel i5-4590, AMD FX 8350 equivalent or better Memory: 2 GB RAM Graphics: Nvidia GeForce GTX 970, AMD Radeon R9 290 equivalent or better Storage: 1 GB available space",
    "recommended_requirements": "OS: Windows 7 SP1, Windows 8.1 or later, Windows 10 Processor: Intel i7-3770 equivalent or greater Memory: 2 GB RAM Graphics: NVIDIA® GeForce® GTX 980 equivalent or greater Storage: 1 GB available space",
    "reviews": []
}