{
    "app_id": 1010650,
    "name": "T.A.P.",
    "release_date": "2019-01-31",
    "developer": [
        "Anti-Ded GameDev"
    ],
    "publisher": [
        "Anti-Ded GameDev"
    ],
    "platforms": [
        "windows"
    ],
    "required_age": 0,
    "categories": [
        "Single-player"
    ],
    "genres": [
        "Action",
        "Casual",
        "Strategy"
    ],
    "tags": [
        "Action",
        "Casual",
        "Strategy"
    ],
    "achievements": 0,
    "positive_ratings": 15,
    "negative_ratings": 0,
    "price": 5.79,
    "description": "Tower defense is not! Tower Attack! Turret Attacking Platform. Build towers on a rolling ship, improve them, strengthen, build factories, extract resources, Swing skills, earn reputation. You will have 70 types of turrets, 70 skills, 8 active abilities, 5 types of ships. Try a more advanced version of tower defense.",
    "header_img": "https://steamcdn-a.akamaihd.net/steam/apps/1010650/header.jpg?t=1549291007",
    "minimum_requirements": "OS: Windows 7, 8, 10 64x Processor: Intel or AMD Dual Core 2.0 Ghz+ Memory: 3072 MB RAM Graphics: Radeon 4650 or NVidiia 210 DirectX: Version 9.0 Storage: 4 GB available space Sound Card: Integrated",
    "recommended_requirements": "OS: Windows 7, 8, 10 64x Processor: Intel or AMD Quad Core 2.0 Ghz+ Memory: 3072 MB RAM Graphics: Radeon 9850 or NVidia 970 DirectX: Version 9.0 Storage: 4 GB available space Sound Card: Integrated",
    "reviews": []
}