{
    "app_id": 1010780,
    "name": "Wings of Glass 玻璃の羽",
    "release_date": "2019-02-11",
    "developer": [
        "Artsy Sayuri"
    ],
    "publisher": [
        "Eager Passion LLC"
    ],
    "platforms": [
        "windows",
        "mac"
    ],
    "required_age": 0,
    "categories": [
        "Single-player",
        "Full controller support"
    ],
    "genres": [
        "Action",
        "Adventure",
        "Indie"
    ],
    "tags": [
        "Action",
        "Indie",
        "Adventure"
    ],
    "achievements": 0,
    "positive_ratings": 12,
    "negative_ratings": 0,
    "price": 4.79,
    "description": "Mayfly, a girl with glass wings, is kidnapped by Ferace, a giant demon. Ferace rips off the wings that define her, but loses Mayfly to a cave. She is weak and scared. Dangers lie before and ahead of her. Be careful, stealthy, and smart to survive. She'll need to find her wings to get home.",
    "header_img": "https://steamcdn-a.akamaihd.net/steam/apps/1010780/header.jpg?t=1550013260",
    "minimum_requirements": "OS: Windows 7 Home 64-bit Processor: Intel(R) Pentium(R) CPU 4415U @ 2.3GHz (4 CPUs), 2.3GHz Memory: 4096 MB RAM Graphics: Intel(R) HD Graphics 610 DirectX: Version 10 Storage: 400 MB available space Sound Card: N/A Additional Notes: Flexible Quality Settings Available",
    "recommended_requirements": "OS: Windows 10 Home 64-bit Processor: Intel(R) Core (TM) i7-6700HQ CPU @ 2.61GHz (8 CPU), ~2.6GHz Memory: 8192 MB RAM Graphics: Intel(R) HD Graphics 530 DirectX: Version 12 Storage: 400 MB available space Sound Card: N/A Additional Notes: Flexible Quality Settings Available",
    "reviews": []
}