{
    "app_id": 1010970,
    "name": "Dead Wishes",
    "release_date": "2019-01-31",
    "developer": [
        "VIOLET"
    ],
    "publisher": [
        "VIOLET"
    ],
    "platforms": [
        "windows",
        "mac"
    ],
    "required_age": 0,
    "categories": [
        "Single-player"
    ],
    "genres": [
        "Indie",
        "Simulation"
    ],
    "tags": [
        "Sexual Content",
        "Gore",
        "Violent"
    ],
    "achievements": 0,
    "positive_ratings": 18,
    "negative_ratings": 1,
    "price": 7.19,
    "description": "In this chaotic world, you must adapt - either to forgive or survive. A thriller-romance indie visual novel/dating simulator.",
    "header_img": "https://steamcdn-a.akamaihd.net/steam/apps/1010970/header.jpg?t=1549239288",
    "minimum_requirements": "OS: Windows XP/Vista/7/8/10 Processor: Intel® Core 2 Duo Storage: 800 MB available space",
    "recommended_requirements": null,
    "reviews": []
}