{
    "app_id": 1010870,
    "name": "最后的47小时 - The Last 47 Hours",
    "release_date": "2019-02-28",
    "developer": [
        "Lingtan Studio"
    ],
    "publisher": [
        "Lingtan Studio"
    ],
    "platforms": [
        "windows"
    ],
    "required_age": 0,
    "categories": [
        "Single-player",
        "Steam Achievements",
        "Steam Cloud"
    ],
    "genres": [
        "Adventure"
    ],
    "tags": [
        "Adventure",
        "Visual Novel",
        "Anime"
    ],
    "achievements": 9,
    "positive_ratings": 552,
    "negative_ratings": 28,
    "price": 1.69,
    "description": "&quot;Let's break up in 47 hours!&quot; The girl who has been in love with me for six years and  will become my sweet bride next month, now declares. Are we really going to say goodbye after forty-seven hours?",
    "header_img": "https://steamcdn-a.akamaihd.net/steam/apps/1010870/header.jpg?t=1551427062",
    "minimum_requirements": "最低配置: 操作系统: WIN7(Recommended)/WIN8/Vista 处理器: 1000MHz 内存: 2 GB RAM 图形: Memory 1GB DirectX 版本: 9.0 存储空间: 需要 4 GB 可用空间",
    "recommended_requirements": "推荐配置: 操作系统: WIN7(Recommended)/WIN8/Vista 处理器: 1000MHz 内存: 2 GB RAM 图形: Memory 1GB DirectX 版本: 9.0 存储空间: 需要 4 GB 可用空间",
    "reviews": []
}