{
    "app_id": 1010540,
    "name": "Ancient Anathema",
    "release_date": "2019-01-28",
    "developer": [
        "Yars"
    ],
    "publisher": [
        "Yars"
    ],
    "platforms": [
        "windows"
    ],
    "required_age": 0,
    "categories": [
        "Single-player",
        "Steam Achievements"
    ],
    "genres": [
        "Adventure",
        "Indie"
    ],
    "tags": [
        "Adventure",
        "Indie",
        "Atmospheric"
    ],
    "achievements": 5,
    "positive_ratings": 8,
    "negative_ratings": 5,
    "price": 3.99,
    "description": "Solve the mystery of the disappearance of the owner of the cemetery. And do not forget where you have to live a long night.",
    "header_img": "https://steamcdn-a.akamaihd.net/steam/apps/1010540/header.jpg?t=1548773735",
    "minimum_requirements": "Requires a 64-bit processor and operating system OS: Windows 7. 8. 8.1. 10 Processor: Intel i3 3GHz Memory: 4 GB RAM Graphics: NVIDIA GeForce 400 series / AMD Radeon HD 4000 series 1 GB VRAM DirectX: Version 11 Storage: 3 GB available space Sound Card: DirectX Compatible",
    "recommended_requirements": "Requires a 64-bit processor and operating system Processor: Intel i5 3 GHz Memory: 6 GB RAM Graphics: NVIDIA GeForce 500 series / AMD Radeon HD 6000 series 1 GB VRAM. DirectX: Version 11 Storage: 3 GB available space Sound Card: DirectX Compatible",
    "reviews": []
}