{
    "app_id": 1010120,
    "name": "UNDERWATER: STAY ALIVE",
    "release_date": "2019-02-08",
    "developer": [
        "FOREVER GAME STUDIO LTD"
    ],
    "publisher": [
        "FOREVER GAME STUDIO LTD"
    ],
    "platforms": [
        "windows",
        "mac"
    ],
    "required_age": 0,
    "categories": [
        "Single-player"
    ],
    "genres": [
        "Action",
        "Adventure",
        "Indie",
        "RPG",
        "Simulation"
    ],
    "tags": [
        "Action",
        "Simulation",
        "RPG"
    ],
    "achievements": 0,
    "positive_ratings": 0,
    "negative_ratings": 1,
    "price": 5.79,
    "description": "An amazing alien world is revealed in from of your eyes. Your task is to survive and find out the cause of your ship's tragic events. But BEWARE !!!  You are not the only survivor in the ocean’s depth.",
    "header_img": "https://steamcdn-a.akamaihd.net/steam/apps/1010120/header.jpg?t=1549695920",
    "minimum_requirements": "OS: Windows 7 Processor: 2+ GHZ Dual Core or better Memory: 2 GB RAM Graphics: Intel HD 4000 or better Storage: 2 GB available space",
    "recommended_requirements": null,
    "reviews": []
}