{
    "app_id": 1010490,
    "name": "Spot Girls Difference",
    "release_date": "2019-01-25",
    "developer": [
        "Puzzle Game"
    ],
    "publisher": [
        "Puzzle Game"
    ],
    "platforms": [
        "windows"
    ],
    "required_age": 0,
    "categories": [
        "Single-player",
        "Steam Cloud"
    ],
    "genres": [
        "Adventure",
        "Casual",
        "Indie",
        "RPG",
        "Simulation"
    ],
    "tags": [
        "Casual",
        "Indie",
        "Nudity"
    ],
    "achievements": 0,
    "positive_ratings": 6,
    "negative_ratings": 6,
    "price": 0.79,
    "description": "Spot Girls Difference is a game to find different things. Come on, find different things among all kinds of beautiful women. Every level will have a new beauty, and different places may be in any location of the beauty.",
    "header_img": "https://steamcdn-a.akamaihd.net/steam/apps/1010490/header.jpg?t=1548466510",
    "minimum_requirements": "OS: Windows 7 or later Processor: Intel Core 2 Due E6300 or AMD althon X2 5000+ Memory: 1024 MB RAM Graphics: NVIDIA 7300GT or ATI X1600 Storage: 500 MB available space",
    "recommended_requirements": "OS: Windows 10 Processor: Intel I3 6100 or AMD FX6300 Memory: 2048 MB RAM Graphics: NVIDIA 9600GT or ATI HD4750 Storage: 1000 MB available space",
    "reviews": []
}