{
    "app_id": 1010860,
    "name": "Hide and Seek",
    "release_date": "2019-02-01",
    "developer": [
        "Funny Games"
    ],
    "publisher": [
        "Funny Games"
    ],
    "platforms": [
        "windows"
    ],
    "required_age": 0,
    "categories": [
        "Single-player",
        "Multi-player",
        "Online Multi-Player",
        "Partial Controller Support"
    ],
    "genres": [
        "Action",
        "Massively Multiplayer",
        "RPG",
        "Early Access"
    ],
    "tags": [
        "Early Access",
        "Action",
        "Massively Multiplayer"
    ],
    "achievements": 0,
    "positive_ratings": 55,
    "negative_ratings": 38,
    "price": 2.09,
    "description": "It is a very fanny, fast and easy game which can be played by adults as well as children. This game has two teams that try to prevent each othe from winning.",
    "header_img": "https://steamcdn-a.akamaihd.net/steam/apps/1010860/header.jpg?t=1549736037",
    "minimum_requirements": "OS: 64-bit Windows 7, Windows 8.1, Windows 10 Processor: Intel Core i5-4430 / AMD FX-6300 Memory: 4 GB RAM Graphics: NVIDIA GeForce GTX 660 1GB / AMD Radeon HD 6790 1GB Storage: 500 MB available space",
    "recommended_requirements": "OS: 64-bit Windows 7, Windows 8.1, Windows 10 Processor: Intel Core i5-6600K / AMD Ryzen 5 Memory: 8 GB RAM Graphics: NVIDIA GeForce GTX 960 2GB / AMD Radeon R7 370 2GB Storage: 500 MB available space",
    "reviews": []
}