{
    "app_id": 1010230,
    "name": "Bleep Bloop",
    "release_date": "2019-01-31",
    "developer": [
        "Ludipe & Friends"
    ],
    "publisher": [
        "Zerouno Games"
    ],
    "platforms": [
        "windows"
    ],
    "required_age": 0,
    "categories": [
        "Single-player",
        "Local Multi-Player",
        "Local Co-op"
    ],
    "genres": [
        "Casual",
        "Indie"
    ],
    "tags": [
        "Indie",
        "Casual"
    ],
    "achievements": 0,
    "positive_ratings": 4,
    "negative_ratings": 1,
    "price": 2.99,
    "description": "Meet Bleep and Bloop as they help each other overcome all the challenges that stand in their way. A light-hearted and playful puzzle game about working together.",
    "header_img": "https://steamcdn-a.akamaihd.net/steam/apps/1010230/header.jpg?t=1548948418",
    "minimum_requirements": "OS: Windows 7 and above Processor: 1.5 GHz Core2Duo Memory: 2 MB RAM Graphics: NVIDIA GTX 470 de 1 GB/AMD HD 7870 de 2 GB Storage: 200 MB available space",
    "recommended_requirements": "OS: Microsoft Windows 8, 10 Processor: Intel Core i3 Memory: 4 MB RAM Graphics: NVIDIA GTX 780 de 3 GB/AMD R9 290 de 4 GB Storage: 200 MB available space",
    "reviews": []
}