{
    "app_id": 1010850,
    "name": "東方翠神廻廊 〜 Faith in the Goddess of Suwa.",
    "release_date": "2019-02-11",
    "developer": [
        "T.D"
    ],
    "publisher": [
        "T.D"
    ],
    "platforms": [
        "windows"
    ],
    "required_age": 0,
    "categories": [
        "Single-player"
    ],
    "genres": [
        "Free to Play",
        "RPG",
        "Early Access"
    ],
    "tags": [
        "Early Access",
        "Sexual Content",
        "Free to Play"
    ],
    "achievements": 0,
    "positive_ratings": 64,
    "negative_ratings": 13,
    "price": 0.0,
    "description": "It is a secondary creation game of the Touhou Project. All the characters of the original appear, more than 130 characters will appear. Let's organize a party at them and solve the incident!",
    "header_img": "https://steamcdn-a.akamaihd.net/steam/apps/1010850/header.jpg?t=1550067481",
    "minimum_requirements": "Requires a 64-bit processor and operating system OS: Windows 7(64bit) Processor: Intel Core i7-5500U Memory: 8 GB RAM Graphics: Intel(R) HD Graphics 3000 DirectX: Version 11 Storage: 650 MB available space",
    "recommended_requirements": "Requires a 64-bit processor and operating system OS: Windows 8.1(64bit) Processor: Intel Core i7-5500U Memory: 8 GB RAM Graphics: Intel(R) HD Graphics 5500 DirectX: Version 11 Network: Broadband Internet connection Storage: 650 MB available space",
    "reviews": []
}