{
    "app_id": 1010380,
    "name": "Tales of Ancient Nights",
    "release_date": "2019-01-29",
    "developer": [
        "Demir Leylek"
    ],
    "publisher": [
        "Demir Leylek"
    ],
    "platforms": [
        "windows"
    ],
    "required_age": 0,
    "categories": [
        "Single-player"
    ],
    "genres": [
        "Casual",
        "Indie"
    ],
    "tags": [
        "Casual",
        "Indie",
        "Mythology"
    ],
    "achievements": 0,
    "positive_ratings": 3,
    "negative_ratings": 3,
    "price": 1.69,
    "description": "A short journey to the tragic stories of ancient greek gods and goddesses. It is time to learn about Greek Mythology with a beautiful storyline in this visual novel.",
    "header_img": "https://steamcdn-a.akamaihd.net/steam/apps/1010380/header.jpg?t=1548804431",
    "minimum_requirements": "OS: Windows® Vista / 7 / 8/ 8.1/ 10 Processor: Intel® Pentium® 4 2.0 GHz equivalent or faster processor Memory: 512 MB RAM Graphics: Integrated Graphics Chip DirectX: Version 9.0 Storage: 250 MB available space",
    "recommended_requirements": null,
    "reviews": []
}