{
    "app_id": 1010240,
    "name": "Changeling",
    "release_date": "2019-01-30",
    "developer": [
        "Steamberry Studio"
    ],
    "publisher": [
        "Steamberry Studio"
    ],
    "platforms": [
        "windows",
        "mac"
    ],
    "required_age": 0,
    "categories": [
        "Single-player"
    ],
    "genres": [
        "Casual",
        "Indie",
        "Simulation"
    ],
    "tags": [
        "Casual",
        "Indie",
        "Simulation"
    ],
    "achievements": 0,
    "positive_ratings": 50,
    "negative_ratings": 2,
    "price": 15.49,
    "description": "A dark, fantastical romantic comedy that focuses not just on falling in love, but rediscovering your past and the dangers of a supernatural world - where what's at stake is not just your heart, but also your life.",
    "header_img": "https://steamcdn-a.akamaihd.net/steam/apps/1010240/header.jpg?t=1553470643",
    "minimum_requirements": "OS: Windows XP or better Processor: 1.2 GHz Pentium 4 or better Memory: 512 MB RAM Graphics: Integrated Graphics (onboard sufficient) Storage: 650 MB available space Sound Card: Any",
    "recommended_requirements": null,
    "reviews": []
}