{
    "app_id": 1010590,
    "name": "Train Manager",
    "release_date": "2019-02-11",
    "developer": [
        "Cuddle Tree"
    ],
    "publisher": [
        "Cuddle Tree"
    ],
    "platforms": [
        "windows"
    ],
    "required_age": 0,
    "categories": [
        "Single-player"
    ],
    "genres": [
        "Casual",
        "Indie",
        "Strategy"
    ],
    "tags": [
        "Casual",
        "Indie",
        "Strategy"
    ],
    "achievements": 8,
    "positive_ratings": 1,
    "negative_ratings": 2,
    "price": 3.99,
    "description": "Ever thought why Trains don't just drive as they want? Well, there is a good reason for that. You will need to overview the Stations and prevent accidents. Navigate the Trains to success. Next thing you know they go extinct because all of them crashed into each other. You are here to save Trainmanity.",
    "header_img": "https://steamcdn-a.akamaihd.net/steam/apps/1010590/header.jpg?t=1549895235",
    "minimum_requirements": "Requires a 64-bit processor and operating system OS: Windows 7 SP1+ Processor: i3 or greater Memory: 250 MB RAM Graphics: Graphics card with DX10 (shader model 4.0) capabilities. DirectX: Version 10 Storage: 1700 MB available space Sound Card: NA Additional Notes: On Intel HD we achieved at low settings / 720p about 25fps.",
    "recommended_requirements": "Requires a 64-bit processor and operating system OS: Windows 7 SP1+ Processor: i3 or greater Memory: 400 MB RAM Graphics: GeForce GT 740 DirectX: Version 10 Storage: 1700 MB available space Sound Card: NA",
    "reviews": []
}