{
    "app_id": 1010950,
    "name": "SmartyTale 2D",
    "release_date": "2019-02-05",
    "developer": [
        "Nifedow Games"
    ],
    "publisher": [
        "Nifedow Games"
    ],
    "platforms": [
        "windows"
    ],
    "required_age": 0,
    "categories": [
        "Single-player",
        "Steam Achievements"
    ],
    "genres": [
        "Action",
        "Adventure",
        "Indie"
    ],
    "tags": [
        "Action",
        "Indie",
        "Adventure"
    ],
    "achievements": 23,
    "positive_ratings": 33,
    "negative_ratings": 0,
    "price": 2.09,
    "description": "Fascinating, full of mysteries, an adventure with a storyline unfolded in the style of good old games with Retro Consoles!",
    "header_img": "https://steamcdn-a.akamaihd.net/steam/apps/1010950/header.jpg?t=1549384049",
    "minimum_requirements": "OS: Windows 7 Processor: Pentium Memory: 512 MB RAM Graphics: DirectX Compatible Storage: 300 MB available space Sound Card: DirectX Compatible",
    "recommended_requirements": "OS: Windows 10 Processor: Core 2 Duo Memory: 512 MB RAM Graphics: DirectX Compatible Storage: 300 MB available space Sound Card: DirectX Compatible",
    "reviews": []
}