{
    "app_id": 1010830,
    "name": "Mech Chip",
    "release_date": "2019-02-01",
    "developer": [
        "Plutoneus"
    ],
    "publisher": [
        "Plutoneus"
    ],
    "platforms": [
        "windows"
    ],
    "required_age": 0,
    "categories": [
        "Single-player",
        "Steam Achievements",
        "Partial Controller Support"
    ],
    "genres": [
        "Action",
        "Adventure"
    ],
    "tags": [
        "Action",
        "Adventure",
        "Pixel Graphics"
    ],
    "achievements": 8,
    "positive_ratings": 10,
    "negative_ratings": 0,
    "price": 3.99,
    "description": "Mech Chip is an action-adventure platformer with pilotable machinery. Explore the internal labyrinth of the cybersphere, and install yourself into devices to gain new quirks and abilities.",
    "header_img": "https://steamcdn-a.akamaihd.net/steam/apps/1010830/header.jpg?t=1549062284",
    "minimum_requirements": "OS: Windows 7 or better (64bit) Processor: 1.4GHz Memory: 256 MB RAM Graphics: Any Storage: 256 MB available space",
    "recommended_requirements": "OS: Windows 7 or better (64bit) Processor: 2GHz Memory: 512 MB RAM Graphics: Any Storage: 256 MB available space",
    "reviews": []
}