{
    "app_id": 1010480,
    "name": "TRE HUN: Unity-Chan x Action",
    "release_date": "2019-02-22",
    "developer": [
        "Akky-06's Lab"
    ],
    "publisher": [
        "Akky-06's Lab"
    ],
    "platforms": [
        "windows"
    ],
    "required_age": 0,
    "categories": [
        "Single-player",
        "Partial Controller Support"
    ],
    "genres": [
        "Action",
        "Indie"
    ],
    "tags": [
        "Action",
        "Indie"
    ],
    "achievements": 0,
    "positive_ratings": 3,
    "negative_ratings": 1,
    "price": 3.99,
    "description": "2D / 3D action game. There are 5 bosses. By achieving certain conditions (boss destruction etc.), the status will be up. The aim is to operate Unity-Chan and get the treasure in the dungeon's innermost.",
    "header_img": "https://steamcdn-a.akamaihd.net/steam/apps/1010480/header.jpg?t=1550934402",
    "minimum_requirements": "OS: Windows 7, 8, 10 Processor: Intel CPU Core i5 2400S 2.5 GHz Memory: 4 GB RAM Graphics: Intel HD Graphics 2000 Storage: 1 GB available space",
    "recommended_requirements": "OS: Windows 10 Processor: Intel CPU Core i5 4460 3.2 GHz Memory: 8 GB RAM Graphics: NVIDIA GeForce GTX 1050 Ti 4GB Storage: 1 GB available space",
    "reviews": []
}