{
    "app_id": 1010740,
    "name": "Scrapyard Robot Rampage",
    "release_date": "2019-02-19",
    "developer": [
        "Husky Operations"
    ],
    "publisher": [
        "Husky Entertainment LLC"
    ],
    "platforms": [
        "windows"
    ],
    "required_age": 0,
    "categories": [
        "Single-player"
    ],
    "genres": [
        "Action",
        "Indie",
        "Early Access"
    ],
    "tags": [
        "Early Access",
        "Action",
        "Indie"
    ],
    "achievements": 0,
    "positive_ratings": 0,
    "negative_ratings": 1,
    "price": 1.69,
    "description": "Fight for the survival in a stylized world, where death is the only guarantee.",
    "header_img": "https://steamcdn-a.akamaihd.net/steam/apps/1010740/header.jpg?t=1550612980",
    "minimum_requirements": "OS: Windows 7 SP1+ Processor: Intel i3-6100, AMD Phenom II X4 955 Memory: 4 GB RAM DirectX: Version 10 Storage: 142 MB available space",
    "recommended_requirements": "OS: Windows 10 Processor: Intel i5-8400, AMD Ryzen 5 1600 Memory: 4 GB RAM Graphics: Nvidia GTX 650ti, AMD Radeon HD 7790 Storage: 150 MB available space",
    "reviews": []
}