{
    "app_id": 1011470,
    "name": "PacketStorm",
    "release_date": "2019-02-28",
    "developer": [
        "ProjectorGames"
    ],
    "publisher": [
        "ProjectorGames"
    ],
    "platforms": [
        "windows"
    ],
    "required_age": 0,
    "categories": [
        "Single-player"
    ],
    "genres": [
        "Casual",
        "Indie",
        "Simulation",
        "Strategy"
    ],
    "tags": [
        "Casual",
        "Strategy",
        "Indie"
    ],
    "achievements": 0,
    "positive_ratings": 4,
    "negative_ratings": 1,
    "price": 5.0,
    "description": "In PacketStorm, you play an AI developing a new Internet Service Provider. Each game takes place over a few second of game-time, but potentially many hours of realtime. Buy up routers, upgrade cable networks and deal with packet jams as you earn money to research new and better upgrades.",
    "header_img": "https://steamcdn-a.akamaihd.net/steam/apps/1011470/header.jpg?t=1551363447",
    "minimum_requirements": "OS: XP and up Processor: Dual-Core 1.6ghz CPU Memory: 4096 MB RAM Graphics: Intel HD Graphics 3000/Nvidia G300/Radeon HD 5850 with 512mb of RAM DirectX: Version 11 Storage: 1000 MB available space",
    "recommended_requirements": "OS: Windows 10 Processor: Intel i5 Graphics: Nvidia 900 series or newer DirectX: Version 11 Storage: 1000 MB available space",
    "reviews": []
}