{
    "app_id": 1011230,
    "name": "高考工厂模拟(Crazy School Simulator)",
    "release_date": "2019-01-29",
    "developer": [
        "Altay Workshop"
    ],
    "publisher": [
        "Altay Workshop"
    ],
    "platforms": [
        "windows"
    ],
    "required_age": 0,
    "categories": [
        "Single-player"
    ],
    "genres": [
        "Indie",
        "Simulation",
        "Strategy"
    ],
    "tags": [
        "Indie",
        "Strategy",
        "Simulation"
    ],
    "achievements": 10,
    "positive_ratings": 128,
    "negative_ratings": 351,
    "price": 7.19,
    "description": "The Crazy School Simulator is a simulation game based on the operation of a Chinese senior high school. The player will play the school Principal to build the best school in the province, and enable all students to enter into their ideal universities.",
    "header_img": "https://steamcdn-a.akamaihd.net/steam/apps/1011230/header.jpg?t=1549880660",
    "minimum_requirements": "Requires a 64-bit processor and operating system OS: windows 7 Processor: i3-5005U Memory: 4000 MB RAM Graphics: Intel® HD Graphics 4000 DirectX: Version 11 Storage: 2 GB available space",
    "recommended_requirements": "Requires a 64-bit processor and operating system",
    "reviews": []
}