{
    "app_id": 1011240,
    "name": "Dragon Chase",
    "release_date": "2019-01-31",
    "developer": [
        "Ominous Entertainment"
    ],
    "publisher": [
        "Ominous Entertainment"
    ],
    "platforms": [
        "windows",
        "mac",
        "linux"
    ],
    "required_age": 0,
    "categories": [
        "Single-player",
        "Steam Achievements",
        "Partial Controller Support",
        "Steam Leaderboards"
    ],
    "genres": [
        "Action",
        "Indie"
    ],
    "tags": [
        "Indie",
        "Action",
        "Violent"
    ],
    "achievements": 16,
    "positive_ratings": 3,
    "negative_ratings": 0,
    "price": 1.69,
    "description": "Dragon chase is a small game hybrid between a platformer and a runner where you take the control of a knight being chased by a Dragon. Avoid being ripped by the Dragon, dodge traps and fend off enemies on a randomized environment.",
    "header_img": "https://steamcdn-a.akamaihd.net/steam/apps/1011240/header.jpg?t=1548966672",
    "minimum_requirements": "Processor: Dual Core 3.0 GHZ Memory: 500 MB RAM Storage: 500 MB available space",
    "recommended_requirements": null,
    "reviews": []
}