{
    "app_id": 10110,
    "name": "Space Quest™ Collection",
    "release_date": "2009-07-23",
    "developer": [
        "Sierra"
    ],
    "publisher": [
        "Activision"
    ],
    "platforms": [
        "windows"
    ],
    "required_age": 0,
    "categories": [
        "Single-player"
    ],
    "genres": [
        "Adventure"
    ],
    "tags": [
        "Adventure",
        "Point & Click",
        "Classic"
    ],
    "achievements": 0,
    "positive_ratings": 143,
    "negative_ratings": 42,
    "price": 9.99,
    "description": "Experience a blast from the past with the complete, completely twisted Space Quest Collection.",
    "header_img": "https://steamcdn-a.akamaihd.net/steam/apps/10110/header.jpg?t=1472516706",
    "minimum_requirements": "OS: Windows XP / Vista / 7 / 8 / 10 Processor: 1.0 GHz Memory: 256 MB RAM  Graphics: DirectX 7 Compatible 3D Card Hard Drive: 1.7GB of Hard Drive space Sound: DirectX Compatible",
    "recommended_requirements": "Processor: 1.4 GHz Memory: 512 MB RAM Graphics: DirectX 9 Compatible 3D Card",
    "reviews": [
        {
            "review_text": "If you love classic games, then this is perfect. I grew up with this game series and I must say its one of the best series I have ever had the honor to play.",
            "review_score": "1"
        },
        {
            "review_text": "Space Quest originally came out in 1986 -1995, so computers today were much too fast to emulate the games properly assuming you still had copies. This neat little collection brings these classic EGA and VGA hits to Windows XP/7. The 6 games included follow the tales of Space Janitor, Roger Wilco, and his quest to (somehow) save the galaxy, single-handed! Presented in Graphical Text-based to Point-and-Click, these adventure games are sure to bring you some good fun (and some frustrating times figuring out puzzles.) Being a major fan of Sierra Adventure Games, I definitely recommend this. Also check out Kings Quest, Quest for Glory, Police Quest, and many more great hits from Sierra of old.",
            "review_score": "1"
        },
        {
            "review_text": "As good as ever!  (Note when trying to save just leave the filepath blank and hit enter, i was initially quite salty at being unable to save but luckily the kind members of this community saw and helped)",
            "review_score": "1"
        },
        {
            "review_text": "One of my favorite adventure game series.  Game within a game would be Astro Chicken in SQ3 Burger joint :)",
            "review_score": "1"
        },
        {
            "review_text": "Attention! SQI: The Sarien Encounter; VGA-Version, NOT EGA-Version! This means point&amp;clock remake, no text input.  However, I wanted the PC-Beeper-Sounds! :_D Bip bip, bip deedle deedle dip bip, bip bip, beeep beeeep beeeep deedle dip beeep, deedle dip beeep, deedle dip beeeeeeep, [...]  Was refunded. Additionally full of graphic bugs and installs DOS BOX in background.....",
            "review_score": "-1"
        },
        {
            "review_text": "Space Quest rocks.",
            "review_score": "1"
        },
        {
            "review_text": "Its the most awesome games from your childhood. How could it not be awesome?",
            "review_score": "1"
        },
        {
            "review_text": "Nostagia kicked in, played this way back in the dark ages when Sierra On-Line was allmost the only graphical text adventures you could get. I must say, my sense of humor has changed since then. Games are .... ok. Sound is .... beeping and graphics are .... ok.  If you are as me .... nostalgic .... for old PC games, i urge you to buy them, play them and remember how the good old days was.",
            "review_score": "1"
        },
        {
            "review_text": "It looks like crap, has a hard time playing on most modern computers, but is a blast none the less esp if you grew up on these games.",
            "review_score": "1"
        },
        {
            "review_text": "how do i put the game in the remade version?",
            "review_score": "1"
        }
    ]
}