{
    "app_id": 1011270,
    "name": "Bleeding Hunt VR Chap.1",
    "release_date": "2019-03-18",
    "developer": [
        "XAC Inc."
    ],
    "publisher": [
        "XAC Inc."
    ],
    "platforms": [
        "windows"
    ],
    "required_age": 0,
    "categories": [
        "Single-player"
    ],
    "genres": [
        "Action"
    ],
    "tags": [
        "Action",
        "VR",
        "Dinosaurs"
    ],
    "achievements": 0,
    "positive_ratings": 29,
    "negative_ratings": 9,
    "price": 2.09,
    "description": "Experience the movie-like escaping plot with chasing, shooting, and thrilling!The game brings player a short but satisfying VR experience by reproducing the process of a highly-intense chasing plot with the highest quality of game graphic that you’ve ever seen so far in VR!",
    "header_img": "https://steamcdn-a.akamaihd.net/steam/apps/1011270/header.jpg?t=1556187228",
    "minimum_requirements": "OS: 32/64-bit Windows 7 / 8.1 / 10 Processor: Intel™ Core™ i5-4590（AMD FX 8350） Memory: 8 GB RAM Graphics: NVIDIA® GeForce® GTX 970 Storage: 2.5 GB available space Sound Card: Standard Additional Notes: VR support is required",
    "recommended_requirements": "OS: 32/64-bit Windows 7 / 8.1 / 10 Processor: Intel™ Core™ i7 Memory: 16 GB RAM Graphics: NVIDIA® GeForce® GTX 1050 or up Storage: 2.5 GB available space Sound Card: Standard Additional Notes: VR support is required",
    "reviews": []
}