{
    "app_id": 1011370,
    "name": "Outliver: Redemption",
    "release_date": "2019-01-29",
    "developer": [
        "Gbrossoft"
    ],
    "publisher": [
        "Gbrossoft"
    ],
    "platforms": [
        "windows"
    ],
    "required_age": 0,
    "categories": [
        "Single-player",
        "Full controller support"
    ],
    "genres": [
        "Adventure",
        "Indie"
    ],
    "tags": [
        "Indie",
        "Adventure"
    ],
    "achievements": 0,
    "positive_ratings": 0,
    "negative_ratings": 1,
    "price": 9.29,
    "description": "Derek Okoye’s accident on the day of a big trial becomes a window for redeeming his lost values…",
    "header_img": "https://steamcdn-a.akamaihd.net/steam/apps/1011370/header.jpg?t=1548781179",
    "minimum_requirements": "OS: windows 8 64bit or higher Processor: core i3 @ 3.30GHz or equivalent Memory: 4 MB RAM Graphics: Intel HD Graphics 4000 or equivalent Storage: 500 MB available space",
    "recommended_requirements": null,
    "reviews": []
}