{
    "app_id": 1011820,
    "name": "Millionaire Dancer",
    "release_date": "2019-04-16",
    "developer": [
        "Realgam games"
    ],
    "publisher": [
        "Realgam games"
    ],
    "platforms": [
        "windows"
    ],
    "required_age": 0,
    "categories": [
        "Single-player"
    ],
    "genres": [
        "Casual",
        "Indie",
        "Early Access"
    ],
    "tags": [
        "Early Access",
        "Indie",
        "Casual"
    ],
    "achievements": 0,
    "positive_ratings": 1,
    "negative_ratings": 1,
    "price": 7.19,
    "description": "Dance to rhythm &amp; beat and show off your skills.&quot;Millionaire Dancer&quot;, the title given to the best dancers, is yours.",
    "header_img": "https://steamcdn-a.akamaihd.net/steam/apps/1011820/header.jpg?t=1555470367",
    "minimum_requirements": "OS: Windows 10 Processor: 4th Generation Intel® Core™ i5 Processors Memory: 4 GB RAM Graphics: NVIDIA GeForce GTX 1050(Oculus : 1050ti) Storage: 400 MB available space",
    "recommended_requirements": "OS: Windows 10 Processor: 6th Generation Intel® Core™ i5 Processors Memory: 8 GB RAM Graphics: NVIDIA GeForce GTX 1060 Storage: 400 MB available space",
    "reviews": []
}