{
    "app_id": 1011000,
    "name": "Infinite Art Museum",
    "release_date": "2019-04-05",
    "developer": [
        "Nigel Fogden"
    ],
    "publisher": [
        "Infinite Art Museum"
    ],
    "platforms": [
        "windows"
    ],
    "required_age": 0,
    "categories": [
        "Single-player"
    ],
    "genres": [
        "Free to Play",
        "Simulation",
        "Early Access"
    ],
    "tags": [
        "Early Access",
        "Free to Play",
        "Simulation"
    ],
    "achievements": 0,
    "positive_ratings": 16,
    "negative_ratings": 1,
    "price": 0.0,
    "description": "The Infinite Art Museum is a free, permanent virtual reality museum and archive of art. Explore a growing collection of over 500 original paintings, illustrations and photographs from artists around the world.",
    "header_img": "https://steamcdn-a.akamaihd.net/steam/apps/1011000/header.jpg?t=1555635050",
    "minimum_requirements": "OS: Windows 7 SP1+ Processor: Intel Core i5-4590 (AMD FX 8350) or better Memory: 8 GB RAM Graphics: GeForce GTX 970 (AMD Radeon R9 290) or better Storage: 3 GB available space",
    "recommended_requirements": null,
    "reviews": []
}