{
    "app_id": 1011310,
    "name": "PARSE ALLY",
    "release_date": "2019-02-04",
    "developer": [
        "wHDinc."
    ],
    "publisher": [
        "wHDinc."
    ],
    "platforms": [
        "windows"
    ],
    "required_age": 0,
    "categories": [
        "Single-player",
        "Steam Achievements"
    ],
    "genres": [
        "Action",
        "Indie"
    ],
    "tags": [
        "Action",
        "Indie"
    ],
    "achievements": 19,
    "positive_ratings": 1,
    "negative_ratings": 0,
    "price": 2.09,
    "description": "The ancient system, without waiting for help, was destroyed. You are next. Yes? You and the survivors, grouped to repel the onslaught of the intruders. Of course, not all people will support you: there are those who are more interested in continuing the existing conflicts.",
    "header_img": "https://steamcdn-a.akamaihd.net/steam/apps/1011310/header.jpg?t=1549267317",
    "minimum_requirements": "Requires a 64-bit processor and operating system OS: Windows 7 Processor: i7-7500U Memory: 4 GB RAM Graphics: MX150 Storage: 1 GB available space Sound Card: ASUS Xonar DSX",
    "recommended_requirements": "Requires a 64-bit processor and operating system",
    "reviews": []
}