{
    "app_id": 1011990,
    "name": "Dies irae ~Interview with Kaziklu Bey~",
    "release_date": "2019-02-27",
    "developer": [
        "light"
    ],
    "publisher": [
        "views Co., Ltd"
    ],
    "platforms": [
        "windows"
    ],
    "required_age": 0,
    "categories": [
        "Single-player"
    ],
    "genres": [
        "Adventure"
    ],
    "tags": [
        "Violent",
        "Adventure",
        "Sexual Content"
    ],
    "achievements": 0,
    "positive_ratings": 18,
    "negative_ratings": 0,
    "price": 15.49,
    "description": "The world of Dies irae returns with an all-new side story based around LDO member Wilhelm Ehrenburg. The subject of an interview in a dusty bar, the legendary &quot;Kaziklu Bey&quot; recounts the tale of a conflict he suffered long in the past...",
    "header_img": "https://steamcdn-a.akamaihd.net/steam/apps/1011990/header.jpg?t=1551340768",
    "minimum_requirements": "OS: 7 / 8.1 / 10 Processor: Intel Core 2 DUO Memory: 2 GB RAM Graphics: highcolor(16bit),VRAM256MB DirectX: Version 9.0c Storage: 2 GB available space Sound Card: Support for PCM playback through DirectSound",
    "recommended_requirements": "OS: 7 / 8.1 / 10 Processor: 3.0 GHz (4core) Memory: 8 GB RAM Graphics: fullcolor(32bit),VRAM512MB DirectX: Version 9.0c Storage: 2 GB available space Sound Card: Support for PCM playback through DirectSound",
    "reviews": []
}