{
    "app_id": 1011960,
    "name": "Arena of Shaelo",
    "release_date": "2019-02-15",
    "developer": [
        "Royal Donut"
    ],
    "publisher": [
        "Royal Donut"
    ],
    "platforms": [
        "windows",
        "linux"
    ],
    "required_age": 0,
    "categories": [
        "Co-op",
        "Shared/Split Screen",
        "Captions available",
        "Partial Controller Support"
    ],
    "genres": [
        "Casual",
        "Indie",
        "Strategy"
    ],
    "tags": [
        "Casual",
        "Strategy",
        "Indie"
    ],
    "achievements": 0,
    "positive_ratings": 3,
    "negative_ratings": 0,
    "price": 0.0,
    "description": "Arena of Shaelo is a pixelated co-op card game set in the world of Shaelo. Once you begrudgingly take a step into the arena, it soon dawns on you that it is only through the power of teamwork that both you and your teammate might make it out alive.",
    "header_img": "https://steamcdn-a.akamaihd.net/steam/apps/1011960/header.jpg?t=1550245088",
    "minimum_requirements": "OS: Windows 10 Processor: 2GHz Memory: 2 GB RAM Graphics: (OpenGL ES 2.0) Storage: 200 MB available space",
    "recommended_requirements": "OS: Windows 10 Processor: 3GHz Memory: 3 GB RAM Graphics: (OpenGL ES 2.0) Storage: 200 MB available space",
    "reviews": []
}