{
    "app_id": 1011130,
    "name": "Life is Pointless",
    "release_date": "2019-02-04",
    "developer": [
        "Will deManbey"
    ],
    "publisher": [
        "Will deManbey"
    ],
    "platforms": [
        "windows"
    ],
    "required_age": 0,
    "categories": [
        "Single-player",
        "Steam Achievements"
    ],
    "genres": [
        "Casual"
    ],
    "tags": [
        "Casual",
        "Simulation",
        "Funny"
    ],
    "achievements": 8,
    "positive_ratings": 22,
    "negative_ratings": 3,
    "price": 0.79,
    "description": "Earn points in an attempt to find meaning in your normally pointless existence.",
    "header_img": "https://steamcdn-a.akamaihd.net/steam/apps/1011130/header.jpg?t=1549298105",
    "minimum_requirements": "OS: Windows 7 DirectX: Version 11 Storage: 100 MB available space",
    "recommended_requirements": null,
    "reviews": []
}