{
    "app_id": 1011140,
    "name": "Border Control",
    "release_date": "2019-03-06",
    "developer": [
        "TOG"
    ],
    "publisher": [
        "TOG"
    ],
    "platforms": [
        "windows"
    ],
    "required_age": 0,
    "categories": [
        "Single-player",
        "Full controller support"
    ],
    "genres": [
        "Action",
        "Casual",
        "Indie"
    ],
    "tags": [
        "Action",
        "Casual",
        "Violent"
    ],
    "achievements": 0,
    "positive_ratings": 0,
    "negative_ratings": 1,
    "price": 7.19,
    "description": "Defend America from murderous zombie hordes, waves of unwashed orcs, and the military stength of enemy nations all bent on the destruction of the homeland.",
    "header_img": "https://steamcdn-a.akamaihd.net/steam/apps/1011140/header.jpg?t=1552216039",
    "minimum_requirements": "Requires a 64-bit processor and operating system OS: Windows 7 Processor: Dual core CPU 2.4 GHz Memory: 4 GB RAM Graphics: GeForce GTS 450-class (Intel HD 4000) Storage: 2 GB available space",
    "recommended_requirements": "Requires a 64-bit processor and operating system OS: Windows 7/8.1/10 64-bit Processor: Quad core CPU 3.0 GHz Memory: 6 GB RAM Graphics: GeForce GTX 760-class (2 GB) Storage: 2 GB available space",
    "reviews": []
}