{
    "app_id": 1011700,
    "name": "Walden, a game",
    "release_date": "2019-03-18",
    "developer": [
        "USC Game Innovation Lab"
    ],
    "publisher": [
        "USC Games"
    ],
    "platforms": [
        "windows",
        "mac"
    ],
    "required_age": 0,
    "categories": [
        "Single-player",
        "Steam Achievements",
        "Partial Controller Support",
        "Steam Cloud"
    ],
    "genres": [
        "Adventure",
        "Indie"
    ],
    "tags": [
        "Adventure",
        "Indie",
        "Exploration"
    ],
    "achievements": 27,
    "positive_ratings": 6,
    "negative_ratings": 0,
    "price": 14.49,
    "description": "Take on Henry David Thoreau’s classic adventure in living simply in nature as you explore this epic open world game based on the story of Thoreau’s life in the woods alone at Walden Pond.",
    "header_img": "https://steamcdn-a.akamaihd.net/steam/apps/1011700/header.jpg?t=1552924842",
    "minimum_requirements": "OS: 7 / 8 / 10 Processor: 2.4 GHz Memory: 8 GB RAM Graphics: 1024 MB NVidia or ATI graphics card DirectX: Version 11 Storage: 2 GB available space",
    "recommended_requirements": null,
    "reviews": []
}