{
    "app_id": 1011070,
    "name": "Nomads of the Fallen Star",
    "release_date": "2019-01-30",
    "developer": [
        "Huy Phan"
    ],
    "publisher": [
        "Huy Phan"
    ],
    "platforms": [
        "windows"
    ],
    "required_age": 0,
    "categories": [
        "Single-player",
        "Steam Achievements"
    ],
    "genres": [
        "Indie",
        "RPG",
        "Simulation",
        "Strategy"
    ],
    "tags": [
        "RPG",
        "Strategy",
        "Indie"
    ],
    "achievements": 20,
    "positive_ratings": 23,
    "negative_ratings": 5,
    "price": 10.49,
    "description": "A trade sim &amp; turn-based squad-RPG set in a dynamic &amp; living sci-fi post-apocalyptic world. Take the reigns of a rag-tag scavenger gang as they unravel the mystery of the Fallen Star.",
    "header_img": "https://steamcdn-a.akamaihd.net/steam/apps/1011070/header.jpg?t=1555333436",
    "minimum_requirements": "OS: Windows 10 Processor: Core 2 Duo Memory: 4 GB RAM Graphics: Intel/AMD iGPU DirectX: Version 9.0 Storage: 500 MB available space Sound Card: Any Additional Notes: Native 1080p, up/down-scale at 16:9 ratio.",
    "recommended_requirements": null,
    "reviews": []
}