{
    "app_id": 1011760,
    "name": "Dragon Iris",
    "release_date": "2019-02-01",
    "developer": [
        "Leonardo M A Silva"
    ],
    "publisher": [
        "Consttelattions"
    ],
    "platforms": [
        "windows"
    ],
    "required_age": 0,
    "categories": [
        "Single-player"
    ],
    "genres": [
        "Indie",
        "RPG",
        "Strategy"
    ],
    "tags": [
        "RPG",
        "Indie",
        "Strategy"
    ],
    "achievements": 0,
    "positive_ratings": 1,
    "negative_ratings": 1,
    "price": 1.69,
    "description": "A Rich story about Humans and Dragons living in a place called Trae. A new tale about the origin of the Dragons, their society and relationship with Humans. Play with both Humans and Dragons in a tactical battle system.",
    "header_img": "https://steamcdn-a.akamaihd.net/steam/apps/1011760/header.jpg?t=1549735757",
    "minimum_requirements": "OS: Microsoft® Windows® 7/8/8.1/10 (32bit/64bit) Processor: Intel Core2 Duo or better Memory: 1 GB RAM Graphics: 512 MB Storage: 600 MB available space",
    "recommended_requirements": null,
    "reviews": []
}