{
    "app_id": 1011740,
    "name": "DOZA 2: NOVOGODNIY PEREDOZ",
    "release_date": "2019-04-05",
    "developer": [
        "RedTower"
    ],
    "publisher": [
        "RedTower"
    ],
    "platforms": [
        "windows"
    ],
    "required_age": 0,
    "categories": [
        "Single-player",
        "Steam Achievements"
    ],
    "genres": [
        "Action",
        "Indie"
    ],
    "tags": [
        "Action",
        "Indie",
        "Gore"
    ],
    "achievements": 5,
    "positive_ratings": 5,
    "negative_ratings": 1,
    "price": 1.69,
    "description": "Embark on a MAGICAL land, ruled by the good magician RutinDor to help him to quell the uprising of snowmen and overcome the evil dark wizard Lord Ovalny",
    "header_img": "https://steamcdn-a.akamaihd.net/steam/apps/1011740/header.jpg?t=1556482094",
    "minimum_requirements": "OS: Windows 7 64bit /8 64bit /10 64bit Processor: Intel Core i3 Memory: 1 GB RAM Graphics: Nvidia GeForce 560 or better DirectX: Version 9.0 Storage: 1 GB available space",
    "recommended_requirements": null,
    "reviews": []
}