{
    "app_id": 1011620,
    "name": "Electric Sleep",
    "release_date": "2019-02-22",
    "developer": [
        "Vlad \"Cryru\" Abadzhiev",
        "Matthew Weekes",
        "Jack Sanderson-Thwaite",
        "Michael Becze"
    ],
    "publisher": [
        "Vlad Abadzhiev"
    ],
    "platforms": [
        "windows",
        "mac",
        "linux"
    ],
    "required_age": 0,
    "categories": [
        "Single-player",
        "Steam Achievements",
        "Steam Cloud"
    ],
    "genres": [
        "Adventure",
        "Casual",
        "Indie"
    ],
    "tags": [
        "Adventure",
        "Indie",
        "Casual"
    ],
    "achievements": 12,
    "positive_ratings": 6,
    "negative_ratings": 0,
    "price": 3.99,
    "description": "Electric Sleep is a pixel art interactive story. Explore a crumbling world as an emotionally driven robot.",
    "header_img": "https://steamcdn-a.akamaihd.net/steam/apps/1011620/header.jpg?t=1554829288",
    "minimum_requirements": "Requires a 64-bit processor and operating system OS: Windows Vista/7/8/8/8.1/10 Processor: Any above 2ghz Memory: 2 GB RAM Graphics: OpenGL 3.3 Supported Storage: 2 GB available space",
    "recommended_requirements": "Requires a 64-bit processor and operating system OS: Windows 8/8.1/10 Processor: 64bit, Minimum 2ghz Memory: 3 GB RAM Graphics: OpenGL 4 Supported Storage: 3 GB available space",
    "reviews": []
}