{
    "app_id": 1011510,
    "name": "Wizard And Minion Idle",
    "release_date": "2019-02-07",
    "developer": [
        "Oninou"
    ],
    "publisher": [
        "Oninou"
    ],
    "platforms": [
        "windows"
    ],
    "required_age": 0,
    "categories": [
        "Single-player",
        "In-App Purchases"
    ],
    "genres": [
        "RPG"
    ],
    "tags": [
        "RPG",
        "Clicker",
        "Free to Play"
    ],
    "achievements": 69,
    "positive_ratings": 48,
    "negative_ratings": 10,
    "price": 0.0,
    "description": "Train your stats, cast spells, feed your minion, defeat monsters and bosses, raise demons, craft gems, go fishing and so much more in Wizard and Minion Idle--WAMI. This free to play, solo developed, Idle/active hybrid game has flexible pacing for long-time play-ability.",
    "header_img": "https://steamcdn-a.akamaihd.net/steam/apps/1011510/header.jpg?t=1549541746",
    "minimum_requirements": "OS: Windows 7 or higher Processor: Intel Dual-Core 1.6GHz or faster processor Memory: 1 GB RAM Graphics: Graphic card with DX10 (Shader-Model 4.0) abilities DirectX: Version 10 Storage: 150 MB available space",
    "recommended_requirements": null,
    "reviews": []
}