{
    "app_id": 1011030,
    "name": "HENTAI MINESWEEPER",
    "release_date": "2019-02-20",
    "developer": [
        "SEKTOR GAMES"
    ],
    "publisher": [
        "SEKTOR GAMES"
    ],
    "platforms": [
        "windows",
        "mac",
        "linux"
    ],
    "required_age": 0,
    "categories": [
        "Single-player",
        "Steam Achievements",
        "Steam Leaderboards"
    ],
    "genres": [
        "Casual",
        "Indie",
        "Strategy"
    ],
    "tags": [
        "Casual",
        "Indie",
        "Strategy"
    ],
    "achievements": 48,
    "positive_ratings": 11,
    "negative_ratings": 8,
    "price": 1.69,
    "description": "Legendary game &quot;minesweeper&quot; in a unique performance and atmosphere",
    "header_img": "https://steamcdn-a.akamaihd.net/steam/apps/1011030/header.jpg?t=1551979561",
    "minimum_requirements": "OS: Windows Processor: Intel Celeron 2.6 GHz Memory: 4 GB RAM Graphics: DirectX 11 compatible Storage: 250 MB available space Sound Card: DirectX 11 compatible",
    "recommended_requirements": null,
    "reviews": []
}