{
    "app_id": 1012940,
    "name": "Seance: The Unquiet (Demo 2)",
    "release_date": "2019-01-28",
    "developer": [
        "Holospark"
    ],
    "publisher": [
        "Holospark"
    ],
    "platforms": [
        "windows"
    ],
    "required_age": 0,
    "categories": [
        "Single-player"
    ],
    "genres": [
        "Indie"
    ],
    "tags": [
        "Indie",
        "VR"
    ],
    "achievements": 0,
    "positive_ratings": 11,
    "negative_ratings": 0,
    "price": 0.0,
    "description": "Experience more of Holospark's vision for cinematic storytelling and character presence in VR.",
    "header_img": "https://steamcdn-a.akamaihd.net/steam/apps/1012940/header.jpg?t=1548696107",
    "minimum_requirements": "OS: Windows 7 SP1 or newer Processor: Intel i5-4590 equivalent or greater Memory: 8 GB RAM Graphics: NVIDIA GTX 970 / AMD 290 equivalent or greater Storage: 2 GB available space",
    "recommended_requirements": null,
    "reviews": []
}