{
    "app_id": 1012820,
    "name": "Voxel Drivers",
    "release_date": "2019-01-25",
    "developer": [
        "Firehawk Studios"
    ],
    "publisher": [
        "Firehawk Studios"
    ],
    "platforms": [
        "windows"
    ],
    "required_age": 0,
    "categories": [
        "Single-player",
        "Steam Achievements",
        "Steam Leaderboards"
    ],
    "genres": [
        "Indie",
        "Racing"
    ],
    "tags": [
        "Indie",
        "Racing"
    ],
    "achievements": 11,
    "positive_ratings": 12,
    "negative_ratings": 8,
    "price": 0.79,
    "description": "A Voxel race game that contains totally 8 cars, totally 4 races and a big map. When you play the game, you musn't drop down from the map.",
    "header_img": "https://steamcdn-a.akamaihd.net/steam/apps/1012820/header.jpg?t=1554242780",
    "minimum_requirements": "OS: Windows 10 64 Bit, Windows 8.1 64 Bit, Windows 8 64 Bit, Windows 7 64 Bit Service Pack 1 Processor: Intel Core 2 Quad CPU Q6600 @ 2.40GHz (4 CPUs) / AMD Phenom 9850 Quad-Core Processor (4 CPUs) @ 2.5GHz Memory: 4 GB RAM Graphics: Nvidia GPU GeForce GTX 660 / AMD GPU Radeon HD 7870 DirectX: Version 9.0 Sound Card: Any",
    "recommended_requirements": null,
    "reviews": []
}