{
    "app_id": 1012390,
    "name": "Fruit Lockers Reborn! 2",
    "release_date": "2019-01-23",
    "developer": [
        "e-FunSoft Games"
    ],
    "publisher": [
        "HH-Games"
    ],
    "platforms": [
        "windows"
    ],
    "required_age": 0,
    "categories": [
        "Single-player"
    ],
    "genres": [
        "Casual"
    ],
    "tags": [
        "Casual",
        "Match 3",
        "Mouse only"
    ],
    "achievements": 0,
    "positive_ratings": 4,
    "negative_ratings": 1,
    "price": 3.99,
    "description": "An exciting match-3 twist! Fruit Lockers is back! Double your fun with Fruit Lockers Reborn! 2 - an exciting twist on the popular match-three puzzler.",
    "header_img": "https://steamcdn-a.akamaihd.net/steam/apps/1012390/header.jpg?t=1548231135",
    "minimum_requirements": "OS: Windows XP/ME/Vista/7/8/10 Processor: 1.0GHz CPU Memory: 128 MB RAM Graphics: 128MB DirectX: Version 9.0 Storage: 150 MB available space Sound Card: DirectX compatible sound card",
    "recommended_requirements": "OS: Windows XP/ME/Vista/7/8/10 Processor: 1.2GHz CPU Memory: 256 MB RAM Graphics: 256 MB DirectX: Version 9.0 Storage: 150 MB available space Sound Card: DirectX compatible sound card",
    "reviews": []
}