{
    "app_id": 1012530,
    "name": "Soccering",
    "release_date": "2019-02-22",
    "developer": [
        "Gestalt Development Studio"
    ],
    "publisher": [
        "Gestalt Development Studio"
    ],
    "platforms": [
        "windows",
        "linux"
    ],
    "required_age": 0,
    "categories": [
        "Single-player",
        "Multi-player",
        "Local Multi-Player",
        "Co-op",
        "Local Co-op",
        "Shared/Split Screen",
        "Steam Achievements",
        "Full controller support"
    ],
    "genres": [
        "Casual",
        "Indie",
        "Sports",
        "Early Access"
    ],
    "tags": [
        "Early Access",
        "Indie",
        "Sports"
    ],
    "achievements": 12,
    "positive_ratings": 1,
    "negative_ratings": 0,
    "price": 0.79,
    "description": "Soccering is a physics-based game where the objective is to control a sphere throughout the field and make the ball go inside of your opponent goal.",
    "header_img": "https://steamcdn-a.akamaihd.net/steam/apps/1012530/header.jpg?t=1555004963",
    "minimum_requirements": "OS: Windows 7 Processor: 1.8GHz Memory: 2048 MB RAM Graphics: 256MB - OpenGL 2.1+ (with ARB extensions acceptable) Storage: 15 MB available space",
    "recommended_requirements": null,
    "reviews": []
}