{
    "app_id": 1012490,
    "name": "Time to Fight",
    "release_date": "2019-01-25",
    "developer": [
        "Russpuppy"
    ],
    "publisher": [
        "Russpuppy"
    ],
    "platforms": [
        "windows"
    ],
    "required_age": 0,
    "categories": [
        "Single-player",
        "Multi-player",
        "Local Multi-Player",
        "Shared/Split Screen"
    ],
    "genres": [
        "Action",
        "Casual",
        "Indie"
    ],
    "tags": [
        "Action",
        "Casual",
        "Indie"
    ],
    "achievements": 0,
    "positive_ratings": 2,
    "negative_ratings": 0,
    "price": 2.89,
    "description": "Funny fighting game where you beat the pizza outa strange foes (and friends)!",
    "header_img": "https://steamcdn-a.akamaihd.net/steam/apps/1012490/header.jpg?t=1548422124",
    "minimum_requirements": "OS: Windows 7+ Processor: 2 GHz dual core Memory: 2 GB RAM Graphics: Hardware Accelerated Graphics with dedicated memory Storage: 200 MB available space Additional Notes: Minimum resolution: 1280 x 720",
    "recommended_requirements": null,
    "reviews": []
}