{
    "app_id": 1012720,
    "name": "Pix Tower",
    "release_date": "2019-02-09",
    "developer": [
        "meokigame"
    ],
    "publisher": [
        "meokigame"
    ],
    "platforms": [
        "windows"
    ],
    "required_age": 0,
    "categories": [
        "Single-player"
    ],
    "genres": [
        "Indie",
        "RPG",
        "Simulation"
    ],
    "tags": [
        "Indie",
        "RPG",
        "Simulation"
    ],
    "achievements": 0,
    "positive_ratings": 6,
    "negative_ratings": 0,
    "price": 0.79,
    "description": "Fight and defend your tower! Upgrade the level, explore and upgrade your tower! Use passive and active effects to facilitate the achievement of a new record!",
    "header_img": "https://steamcdn-a.akamaihd.net/steam/apps/1012720/header.jpg?t=1549831085",
    "minimum_requirements": "OS: Windows 7 SP1, Windows 8.1 or later, Windows 10 Processor: Support for all modern processors Memory: 512 MB RAM Graphics: Support for all modern video cards Storage: 150 MB available space Sound Card: For all sound cards",
    "recommended_requirements": null,
    "reviews": []
}