{
    "app_id": 1012240,
    "name": "旅燕归航 Swallow Homing",
    "release_date": "2019-02-13",
    "developer": [
        "吃了就睡工作室",
        "次韵和"
    ],
    "publisher": [
        "吃了就睡工作室"
    ],
    "platforms": [
        "windows"
    ],
    "required_age": 0,
    "categories": [
        "Single-player"
    ],
    "genres": [
        "Indie"
    ],
    "tags": [
        "Indie"
    ],
    "achievements": 0,
    "positive_ratings": 140,
    "negative_ratings": 2,
    "price": 0.0,
    "description": "Space opera is a love letter written by humans to the stars.",
    "header_img": "https://steamcdn-a.akamaihd.net/steam/apps/1012240/header.jpg?t=1550073621",
    "minimum_requirements": "OS: windows7/8/10 Processor: i3 Memory: 2 GB RAM Graphics: any type Storage: 100 MB available space Sound Card: any type",
    "recommended_requirements": null,
    "reviews": []
}