{
    "app_id": 1012860,
    "name": "Data mining 5",
    "release_date": "2019-01-25",
    "developer": [
        "Blender Games"
    ],
    "publisher": [
        "Blender Games"
    ],
    "platforms": [
        "windows"
    ],
    "required_age": 0,
    "categories": [
        "Single-player",
        "Steam Achievements"
    ],
    "genres": [
        "Casual",
        "Indie"
    ],
    "tags": [
        "Casual",
        "Indie",
        "Family Friendly"
    ],
    "achievements": 100,
    "positive_ratings": 1,
    "negative_ratings": 0,
    "price": 0.79,
    "description": "Data mining 5 - casual colorful minimalist puzzle in which you have to collect all the files that are not corrupted to exit the closed circle.",
    "header_img": "https://steamcdn-a.akamaihd.net/steam/apps/1012860/header.jpg?t=1548407765",
    "minimum_requirements": "OS: Windows 7, 8.1, 10 Processor: Intel or AMD 2 GHz Memory: 2 GB RAM Graphics: Any",
    "recommended_requirements": null,
    "reviews": []
}