{
    "app_id": 1012280,
    "name": "Beekyr",
    "release_date": "2019-01-24",
    "developer": [
        "KaleidoGames"
    ],
    "publisher": [
        "KaleidoGames"
    ],
    "platforms": [
        "windows"
    ],
    "required_age": 0,
    "categories": [
        "Single-player",
        "Partial Controller Support"
    ],
    "genres": [
        "Action",
        "Indie"
    ],
    "tags": [
        "Action",
        "Indie",
        "2D"
    ],
    "achievements": 0,
    "positive_ratings": 1,
    "negative_ratings": 0,
    "price": 1.69,
    "description": "Beekyr is a shooter game where you will lead a bee-fighter through 23 amazing levels in fields, dark forests, rivers and dangerous caves to avenge his queen and hive from the evil wasp queens and their soldiers… The vengeance will be served!",
    "header_img": "https://steamcdn-a.akamaihd.net/steam/apps/1012280/header.jpg?t=1553505616",
    "minimum_requirements": "OS: Windows 7 Processor: Dual Core @ 2.4GHz Memory: 512 MB RAM Graphics: Intel Graphics DirectX: Version 9.0c Storage: 100 MB available space",
    "recommended_requirements": null,
    "reviews": []
}