{
    "app_id": 1012830,
    "name": "Poor Stickman",
    "release_date": "2019-02-26",
    "developer": [
        "RewindApp"
    ],
    "publisher": [
        "RewindApp"
    ],
    "platforms": [
        "windows"
    ],
    "required_age": 0,
    "categories": [
        "Single-player"
    ],
    "genres": [
        "Casual",
        "Indie",
        "Strategy"
    ],
    "tags": [
        "Casual",
        "Indie",
        "Strategy"
    ],
    "achievements": 0,
    "positive_ratings": 20,
    "negative_ratings": 3,
    "price": 0.79,
    "description": "This poor Stickman is attached and can not deliver himself! Unfortunately for him the freedom will certainly be even more painful!",
    "header_img": "https://steamcdn-a.akamaihd.net/steam/apps/1012830/header.jpg?t=1554642532",
    "minimum_requirements": "Requires a 64-bit processor and operating system OS: Windows 7/8/10 - 64bits Processor: 2 GHz Intel Pentium 4 or AMD Athlon or equivalent Memory: 2 GB RAM Graphics: Intel HD Graphique Storage: 120 MB available space Sound Card: All",
    "recommended_requirements": "Requires a 64-bit processor and operating system",
    "reviews": []
}