{
    "app_id": 1012180,
    "name": "在线教育开发实习生 Elearning Development Intern",
    "release_date": "2019-04-01",
    "developer": [
        "Hao Game"
    ],
    "publisher": [
        "Hao Game"
    ],
    "platforms": [
        "windows"
    ],
    "required_age": 0,
    "categories": [
        "Single-player"
    ],
    "genres": [
        "Casual",
        "Indie",
        "RPG",
        "Simulation",
        "Early Access"
    ],
    "tags": [
        "Early Access",
        "Indie",
        "Casual"
    ],
    "achievements": 0,
    "positive_ratings": 9,
    "negative_ratings": 0,
    "price": 1.69,
    "description": "The internship life in an E-learning startup company has begun. No matter of which computer you are in front (inside or outside), you only need to work and learn!",
    "header_img": "https://steamcdn-a.akamaihd.net/steam/apps/1012180/header.jpg?t=1554134638",
    "minimum_requirements": "Requires a 64-bit processor and operating system OS: Windows 7 / Windows 8 / Windows 10 64 bit Processor: 2.50GHz Memory: 2 GB RAM Graphics: 512MB DirectX: Version 9.0 Storage: 3 GB available space",
    "recommended_requirements": "Requires a 64-bit processor and operating system OS: Windows 10 64 bit Processor: 2.50GHz Memory: 2 MB RAM Graphics: 512MB DirectX: Version 9.0 Storage: 3 MB available space",
    "reviews": []
}