{
    "app_id": 1012710,
    "name": "Endzeit",
    "release_date": "2019-04-03",
    "developer": [
        "RockyDev"
    ],
    "publisher": [
        "RockyDev"
    ],
    "platforms": [
        "windows"
    ],
    "required_age": 0,
    "categories": [
        "Single-player",
        "Multi-player",
        "Co-op",
        "Full controller support",
        "Stats"
    ],
    "genres": [
        "Action",
        "Early Access"
    ],
    "tags": [
        "Early Access",
        "Action",
        "Violent"
    ],
    "achievements": 0,
    "positive_ratings": 0,
    "negative_ratings": 1,
    "price": 7.19,
    "description": "The world has been taken over by ex military robots idling around and waiting for human targets. Eliminate them on your own in singleplayer mode, together with your friends in coop mode or fight against sleepers and players alike in the online multiplayer mode.",
    "header_img": "https://steamcdn-a.akamaihd.net/steam/apps/1012710/header.jpg?t=1554730582",
    "minimum_requirements": "OS: Windows 7 Processor: 2.4 GHz Dual-Core 64-bit Memory: 4 GB RAM Graphics: DX10 Compatible with 1 GB VRAM Storage: 2 GB available space",
    "recommended_requirements": null,
    "reviews": []
}