{
    "app_id": 1012600,
    "name": "Why Chicken? Why?",
    "release_date": "2019-02-06",
    "developer": [
        "J.R. Smith"
    ],
    "publisher": [
        "Number 77 Studios"
    ],
    "platforms": [
        "windows"
    ],
    "required_age": 0,
    "categories": [
        "Single-player",
        "Steam Achievements",
        "Partial Controller Support"
    ],
    "genres": [
        "Indie"
    ],
    "tags": [
        "Indie",
        "Retro",
        "Top-Down"
    ],
    "achievements": 15,
    "positive_ratings": 1,
    "negative_ratings": 0,
    "price": 3.99,
    "description": "Which came first? The chicken or the egg? More importantly, why did the chicken cross the road? For the 25 golden eggs of course!!!",
    "header_img": "https://steamcdn-a.akamaihd.net/steam/apps/1012600/header.jpg?t=1550798917",
    "minimum_requirements": "OS: Windows XP, Vista, 7 or 10 Processor: 1 Ghz or faster processor Memory: 512 MB RAM Graphics: 1 GB VRAM DirectX: Version 9.0 Storage: 43 MB available space Additional Notes: Keyboard &amp; Mouse/Partial Controller Support",
    "recommended_requirements": null,
    "reviews": []
}