{
    "app_id": 1012460,
    "name": "Through Abandoned: The Refuge",
    "release_date": "2019-03-25",
    "developer": [
        "Igor Krutov"
    ],
    "publisher": [
        "Kiss Publishing Ltd"
    ],
    "platforms": [
        "windows"
    ],
    "required_age": 0,
    "categories": [
        "Single-player",
        "Steam Achievements"
    ],
    "genres": [
        "Adventure",
        "Indie"
    ],
    "tags": [
        "Adventure",
        "Indie",
        "Point & Click"
    ],
    "achievements": 7,
    "positive_ratings": 11,
    "negative_ratings": 1,
    "price": 2.09,
    "description": "It’s the new game of Through Abandoned series, classical point and click game. You try to find your twin-brother who disappeared in a huge and mysterious place called Abandoned.",
    "header_img": "https://steamcdn-a.akamaihd.net/steam/apps/1012460/header.jpg?t=1554237088",
    "minimum_requirements": "OS: Windows XP, Windows 7, Windows 8, Windows 10 Processor: 2.33 Ghz or faster x86-compatible processor, or Intel Atom 1.6 Ghz or faster processor for netbook classes devices Memory: 512 MB RAM Graphics: Can work on integrated video cards Storage: 1 GB available space",
    "recommended_requirements": null,
    "reviews": []
}