{
    "app_id": 1012730,
    "name": "九劫曲:诅咒之地 NineTrials Test Server",
    "release_date": "2019-03-01",
    "developer": [
        "深圳市爱玩游戏科技有限公司"
    ],
    "publisher": [
        "深圳市爱玩游戏科技有限公司"
    ],
    "platforms": [
        "windows"
    ],
    "required_age": 0,
    "categories": [
        "Online Multi-Player"
    ],
    "genres": [
        "Action",
        "Free to Play",
        "Massively Multiplayer"
    ],
    "tags": [
        "Free to Play",
        "Massively Multiplayer",
        "Action"
    ],
    "achievements": 0,
    "positive_ratings": 79,
    "negative_ratings": 31,
    "price": 0.0,
    "description": "There are immortals everywhere in Shenzhou. One day, A curse comes. The cursed people will have a mark on their body, known as &quot;indescribable mark&quot;. Until the full moon night, the cursed person will be inhaled into the alien world. Players play one of the immortals and start their own journey to survive.",
    "header_img": "https://steamcdn-a.akamaihd.net/steam/apps/1012730/header.jpg?t=1551664474",
    "minimum_requirements": "Requires a 64-bit processor and operating system OS: WINDOWS10 Processor: Intel core i5 Memory: 8 GB RAM Graphics: NVIDIA Geforce GTX 960 4GB Storage: 15 GB available space",
    "recommended_requirements": "Requires a 64-bit processor and operating system OS: WINDOWS10 Processor: Intel core i7 Memory: 16 GB RAM Graphics: NVIDIA Geforce GTX 1060 6GB Storage: 15 GB available space",
    "reviews": []
}