{
    "app_id": 1013650,
    "name": "Tiny Dangerous Dungeons",
    "release_date": "2019-03-01",
    "developer": [
        "Adventure Islands"
    ],
    "publisher": [
        "Adventure Islands"
    ],
    "platforms": [
        "windows",
        "mac"
    ],
    "required_age": 0,
    "categories": [
        "Single-player",
        "Steam Achievements",
        "Full controller support",
        "Steam Cloud",
        "Steam Leaderboards"
    ],
    "genres": [
        "Action",
        "Adventure",
        "Indie"
    ],
    "tags": [
        "Action",
        "Indie",
        "Adventure"
    ],
    "achievements": 18,
    "positive_ratings": 19,
    "negative_ratings": 1,
    "price": 3.99,
    "description": "Hop into a classic Game Boy inspired metroidvania adventure! Explore a huge and open dungeon, collect hidden power-ups and gain new skills to aid you on your quest! Can you survive the Tiny Dangerous Dungeons and find the presumably huge treasure?",
    "header_img": "https://steamcdn-a.akamaihd.net/steam/apps/1013650/header.jpg?t=1551455955",
    "minimum_requirements": "OS: 64-bit Windows 7 or later Processor: 1 Ghz Memory: 2 GB RAM Storage: 40 MB available space",
    "recommended_requirements": null,
    "reviews": []
}