{
    "app_id": 1013400,
    "name": "FanaticBlader",
    "release_date": "2019-03-13",
    "developer": [
        "CrafterYun"
    ],
    "publisher": [
        "CrafterYun"
    ],
    "platforms": [
        "windows"
    ],
    "required_age": 0,
    "categories": [
        "Single-player",
        "Full controller support"
    ],
    "genres": [
        "Action",
        "Adventure",
        "Indie"
    ],
    "tags": [
        "Action",
        "Indie",
        "Adventure"
    ],
    "achievements": 0,
    "positive_ratings": 0,
    "negative_ratings": 1,
    "price": 5.79,
    "description": "An easy and fast 3D Side-Scroll action game, &quot;Fanatic Blader&quot; Challenge the &quot;Cursed Tower&quot; that any wish will come true!",
    "header_img": "https://steamcdn-a.akamaihd.net/steam/apps/1013400/header.jpg?t=1552482969",
    "minimum_requirements": "Requires a 64-bit processor and operating system OS: Windows10 Processor: i3-2100 Memory: 4 GB RAM Graphics: GTX-650ti Storage: 2 GB available space",
    "recommended_requirements": "Requires a 64-bit processor and operating system OS: Windows10 Processor: i3-4160 Memory: 6 MB RAM Graphics: GTX-650ti Storage: 2 MB available space",
    "reviews": []
}