{
    "app_id": 1013280,
    "name": "RagTag",
    "release_date": "2019-03-13",
    "developer": [
        "Windybeard"
    ],
    "publisher": [
        "Windybeard"
    ],
    "platforms": [
        "windows"
    ],
    "required_age": 0,
    "categories": [
        "Single-player",
        "Steam Achievements",
        "Steam Cloud"
    ],
    "genres": [
        "Action",
        "Indie",
        "Strategy"
    ],
    "tags": [
        "Action",
        "Strategy",
        "Indie"
    ],
    "achievements": 11,
    "positive_ratings": 17,
    "negative_ratings": 0,
    "price": 7.99,
    "description": "RagTag is a unique blend of action and strategy that puts you in control of a RagTag group of humans, mutants, animals and cyborgs as you fight from extinction across the stars. RagTag has simple mechanics that allow complex manoeuvres and trick shots to dispatch your enemy.",
    "header_img": "https://steamcdn-a.akamaihd.net/steam/apps/1013280/header.jpg?t=1552829898",
    "minimum_requirements": "OS: Windows 7 (or Higher) Processor: Dual-core from Intel or AMD at 2.0 GHz Memory: 4 GB RAM Graphics: Videocard with at least 512MB DirectX: Version 11 Storage: 260 MB available space Sound Card: Any",
    "recommended_requirements": "OS: Windows 7 (or Higher) Processor: Intel i5 or AMD equivalent at 4.0GHz Memory: 8 GB RAM Graphics: Video card with at least 512MB DirectX: Version 11 Storage: 260 MB available space Sound Card: Any",
    "reviews": []
}