{
    "app_id": 10130,
    "name": "TimeShift™",
    "release_date": "2009-07-23",
    "developer": [
        "Saber Interactive"
    ],
    "publisher": [
        "Activision"
    ],
    "platforms": [
        "windows"
    ],
    "required_age": 0,
    "categories": [
        "Single-player",
        "Multi-player"
    ],
    "genres": [
        "Action"
    ],
    "tags": [
        "Action",
        "FPS",
        "Time Manipulation"
    ],
    "achievements": 0,
    "positive_ratings": 623,
    "negative_ratings": 159,
    "price": 9.99,
    "description": "Master time to become the ultimate weapon! Dr. Aiden Krone has made a Time Jump across the space-time continuum - a reckless act with frightening consequences. Now, a disturbing alternate reality has evolved within the bleak and rain-soaked Alpha District.",
    "header_img": "https://steamcdn-a.akamaihd.net/steam/apps/10130/header.jpg?t=1531432708",
    "minimum_requirements": "OS: Windows(R) XP with latest service pack installed or Windows Vista™ Processor: Intel(R) Pentium(R) 4 2.0 GHz or AMD(R) equivalent  Memory: 1 GB RAM Graphics: NVIDIA(R) GeForce(R) 6600 128 MB DirectX(R) 9.0c-compatible card with Pixel Shaders 2.0b support or equivalent (ATI(R) Radeon(R) x700) with latest DirectX drivers DirectX: DirectX(R) 9.0c Hard Drive: 8 GB free hard drive space Sound: DirectX 9.0c-compatible sound card Note: TimeShift only supports multiplayer connectivity over LAN or direct connection",
    "recommended_requirements": null,
    "reviews": [
        {
            "review_text": "One of the most underrated fps ever. It's just incredible fun.",
            "review_score": "1"
        },
        {
            "review_text": "You can  STOP  the time, get behind the enemy,  SLOWLY  kill them all, and then  REVERSE  the time to do it again. Oh man.  Pure satisfaction and pleasure.    For god's sake. YOU CAN WALK ON WATER. You are Jesus Christ (with a gun).  10/10, would bang",
            "review_score": "1"
        },
        {
            "review_text": "this game need to be remastered",
            "review_score": "1"
        },
        {
            "review_text": "very good game, uniuque mechanics with nice graphics and level design.  I just kept telling myself why didn't I play this before!  Very Important note!  the game built for 2 cores CPUs, so it won't run for most PCs these days, I was just lucky to make it run for intel i7  the game feels like Half-life style of walking, crawling, solving some puzzles and shooting. You can call it Activion Half-life if you like.  the unique mechanics are Time Minipulation, slow, stop and reverse time.  Graphics looks amazing even for a 2007 game, the atmosphere and the main color of the game is gray mostly.  it took me 16-19 hours to finish the game, feels perfect for it, not that long, not too short.  just be sure that your PC runs the game before buying it. It's so worth playing if you like good shooters with unique mechanics.  ---------------------- if you got the game up and running, rebind 'X' to 'left Shift', rebind time manipulation functions to other keys as well, if you are using keyboard",
            "review_score": "1"
        },
        {
            "review_text": "Had it before Steam, so I've put over 100 hours on this before getting it here on Steam. This game is my favorite First person shooter ever...I love it! It's so unique. The story is lacking but the gameplay makes up for it. I've played the campaign 5 times, beat it on the hardest difficulty, somewhat challenging. I highly recommend this game!!!!",
            "review_score": "1"
        },
        {
            "review_text": "I played it in 2016, it is still a great game. Manipulating time is great. Several nice weapons, like the bow. Nice battles. This is a MUST buy if you like games like Crysis, Wolfenstein, Singularity, Rage, Half life 2. It's underrated, just like Singularity. The original players in 2007 complained that the game lagged too much. In 2016, the game is fluent.",
            "review_score": "1"
        },
        {
            "review_text": "Story - 8 Graphics - 8 Sound - 6 Gameplay - 7 --------------- Overall: 7.25/10",
            "review_score": "1"
        },
        {
            "review_text": "Not sure why so many others had problems playing this game. Finished it on Windows 10 Pro x64 without a hitch, no need to resort to tweaks or fixes or anything.  Game still looks good today, combined with a decent storyline and interesting gameplay (think of time as a dimension and you get the picture). I would suggest getting this on special, since $20 is a bit much for an older game.  All in all, highly recommended. Definitely an unsung title deserving of more recognition.",
            "review_score": "1"
        },
        {
            "review_text": "Terrible ending. Characters have no personality and are more annoying than anything. You're not given enough reason to hate the enemy faction. The art style is kinda ugly too.  But the time control mechanics are pretty fun, the game is balanced around them so they aren't cheap and easy. If you want a game with themes vageuly similar to Half Life 2 but with time magic, this might be for you.",
            "review_score": "1"
        },
        {
            "review_text": "One of the first mature games I ever owned as a kid and I can't thank the guy at Hollywood Video (that dates the purchase) enough for recommending it to my 12 year old self. This is a very underrated game that never really got too much attention and that is a shame. It is extremely fun to play with a variety of game mechanics and abilities at your disposal. As you can probably tell it deals primarily with time abilities but has some varied gunplay as well with many interesting ways to approach situations. The unique gameplay is going to be the main focus of the game but the story is interesting enough to at least keep you entertained. 20 dollars is still a hefty price but you get around 7-8 hours of gameplay for the main story plus decent replayablity. This game should be considered a classic and a pioneer. Check it out if you can.",
            "review_score": "1"
        },
        {
            "review_text": "I got this game for 7 tf2 hats, and it must be said it is worth much much more. This game might be semi-linear, but it makes up for it by adding unique powers(time pause, time slow, and reverse time). The only real reason I got this game though was because of it's alloy of Crysis mixed with F.E.A.R enviornment which, in my opinion is an automatic buy to me.",
            "review_score": "1"
        },
        {
            "review_text": "Best 2007 FPS game (y)",
            "review_score": "1"
        },
        {
            "review_text": "great game for its time",
            "review_score": "1"
        },
        {
            "review_text": "Don't look at my play time. I used another exe (not for this game, obviously) to get 5 minutes to write this review. Maybe my review would help somebody.   Game doesn't work if you have Windows 7, 8 or 8.1 x64",
            "review_score": "-1"
        },
        {
            "review_text": "I remember playing this game at my cousin's house years ago. I thought it was so amazing. When I found out it was not only on Steam, but also on sale, I had to have it. I can safely say that even now, it still gives me that amazed feeling(even though pc controls are a bit difficult for me). The gameplay is good. The time manipulation mechanic works to keep combat fresh, as well as a puzzle solving tool. It reminds me a lot of Half-Life 2 not only in the gameplay, but the story as well(minus the time manipulation stuff). It looks nice, even on the lowest settings and my dinosaur of a computer can still run it fine. It is a bit dated, I mean it was made in 2007 so what can you expect? I would definitely recommend giving it try for $5.00. I'm not sure if it's worth the full $20.00 price though.... Havn't played much, but I'd give it a 8/10 so far.",
            "review_score": "1"
        },
        {
            "review_text": "good graphics and good story for the year it came out",
            "review_score": "1"
        },
        {
            "review_text": "Played the beta of this one, was hyped and cool. Recently bought the full game, spent 2 days on it, we-e-e-ell... No. No is a perfect word.  Time powers? No. Game adjusts timers and cooldowns as creators had planned ahead of you. 'Okay, man, scripted parts are okay, but otherwise you can do what you want!' - again no, your 'mana' meter won't allow you to. It won't be time-travelling kung fu out there, but just spamming Time Stop once in 7 seconds to insta-regen health and continue dodging tons of bullets.  Cool fighting? No. Grab the most overpowered guns in game and hope nobody shpongles charged plasma in your backside.  Cool graphics? Oh well, 2.5 out of 5. Backgrounds and levels are nice and linear, NPC are ugly, and you never see yourself in game. Even hands.  Cool storyline? Err... well, they explained basically nothing. HInts don't tie up into solid story, and there wasn't a solid story to begin with. Even motives and build-up are missing.  Cool multiplayer? Go get Unreal Tournament and forget this, srsly.  Cool cinematics? Yes, 5 seconds each. But hey! - we'll get a nude female once in a while there! Worth it!  My verdict - complete waste of time on our side and questionable waste of money and resources on developer's side. gg 2 ez.",
            "review_score": "-1"
        },
        {
            "review_text": "Game Crashes before title screen on 64-bit Win10 machine. Not the only one having this problem.",
            "review_score": "-1"
        },
        {
            "review_text": "Wonderful game! Love the mechanics of it. Im not sure exactly why this game never took off..  ..But ill always love it! (with trainers)",
            "review_score": "1"
        },
        {
            "review_text": "Old B-level shooter. With foolish story and stolen from HL2/FEAR gameplay.",
            "review_score": "-1"
        },
        {
            "review_text": "does not work on some intel processors and windows 7 pro 64 bit",
            "review_score": "-1"
        },
        {
            "review_text": "This is horrible. I normally finish my games, but this is just the worst. Leaving the storyless narrative aside, the gameplay itself is very lackluster. There's no way to turn off mouse acceleration. The weapons are super generic, and worst yet, you feel like a you're wearing a crappy aluminum can instead of some high-tech body armor.   If you're expecting something like Crysis Power Suit + F.E.A.R. time manipulation, you'll be disappointed. Not only are you super fragile (die from a few bullets), your timeshifting abilities can only slow down time for a few seconds, or pause it for even less time. This is just the worst.  I normally finish games, but this is unbearably a waste of time.  Rating: 0/10.",
            "review_score": "-1"
        },
        {
            "review_text": "**WARNING**  There is no multiplayer for this game. Gamespy killed it just like so many other games. I was not even able to create a listen server locally to host a server for directy connect. This game for all intents and purposes is single player only.",
            "review_score": "-1"
        },
        {
            "review_text": "Game requires certain drivers, and the ones they tell you to download aren't availbable. I'm sad I bought this...",
            "review_score": "-1"
        },
        {
            "review_text": "Tried on my 2010 gaming laptop and 2015 gaming pc and it doesn't work. No solutions found",
            "review_score": "-1"
        },
        {
            "review_text": "Halflife 2, FEAR, Gears of War, Unreal Tournament 3, COD 4, Crysis. This game is a meat and potatoes FPS with the ability to manipulate time. The AI isn't impressive but the graphics and bullet time are awesome .",
            "review_score": "1"
        },
        {
            "review_text": "After finishing this game, my impression is that it is neither particularly excellence nor is it particularly awful.  First off even though you are in a high tech time traveling super suit, you are still very fragile. Don't think you can just do a run and gun waltz towards a group of enemies, they will tear you to shreds. Of course you aren't meant play like that, you have to use your time manipulation powers to deal with the baddies.  Speaking of baddies, there is a lack of enemy variety as almost all of them are based around a human holding a gun. You won't find any hostile giant insects, hungry zombies, or evil robots in this game. Still, there are a few specialized enemies that will require the use of time manipulation to deal with time.  In terms of weapon variety, the guns are pretty standard. Assault rifle, shotgun, sniper rifle, rocket launcher, etc.  As for the environments, there isn't anything else particularly interesting or memorable about the setting. Still that doesn't mean that the game is lacking in the variety of level environments.  Finally, the story and backstory are rather thin. Perhaps the setting can be fleshed out some more if a sequel is made.",
            "review_score": "1"
        },
        {
            "review_text": "A fast-paced FPS in the mixed atmosphere of cyberpunk or steampunk. I didn't get quite well about the storyline in the first place, but it didn't matter much. I had to follow a bad guy who leaped to the past and kill him so there wasn't any complication. The key feature of the gameplay is 3 time-shifting commands.  Slow - slow down the environment and speed up yourself. Mostly used in combat. Stop - stop the environment to make yourself immortal for a moment. Very effective but doesn't last long. Reverse - reverse time of the environment. Often used in puzzels.  The difficulty of the gameplay is relatively easy. If you're skilled at shooting then you may find a bit boring. The lure is dedicated by its atmosphere and time-shifting abilities. The experience of similar FPSs such as F.E.A.R series will help you grasp the way to use the abilities in the earlier stage. I enjoyed most part of battles since I could overwhelm a bunch of enemies who are strong if usual, with the help of abilities. I wondered whether there was any kind of time-paradox theme or something like that, but I don't know at last.",
            "review_score": "1"
        },
        {
            "review_text": "  gameplay good, story good, old graphic but still good",
            "review_score": "1"
        },
        {
            "review_text": "An absolute gem of a game and I kind of feel bad buying this game on sale. This is by far one of the best FPS games I have played. The time manipulation mechanic expands on what F.E.A.R. called 'reflex time' and allows you to pause or reverse time in addition to being able slowing it down. Switching between the different modes allows for varied and gratuitous ways of dispatching your enemies. Level design is pretty good and the enemy AI is quite challenging. They will try to flank you or flush you out with grenades (or both!). They will even camp above a manhole and wait for you to come out and blow you to bits. There is plenty of CQB inside buildings and even a bit of trenches. There are also a few puzzles which will require you to make use of your timeshifting abilities to get through. The story is a bit sub-par and horribly confusing but then again, who cares about the story when you can pause time, pump a grunt full of holes with your scattergun, chuck a grenade, unpause time and then watch the guy explode in a glorious mix of blood, guts, and buckshot.  If you liked F.E.A.R. or Singularity then get this game too. You will not be disappointed.",
            "review_score": "1"
        },
        {
            "review_text": "Good game. Could've had a better storyline but I guess it's because they were planning on a sequel. This is why game developers (and filmmakers for that matter) should make a game/movie that stands well and makes sense on its own, but could also have a sequel should it do well.  That being said, I enjoyed the gameplay enough that I wished they actually had made a sequel. It's kind of a shame really. Hopefully someone else picks it up in the future.",
            "review_score": "1"
        },
        {
            "review_text": "This game was great. I tried playing it on the PS3 back in the day but I gave up because I suck at using a controller for FPSes (my thumbs are ♥♥♥♥♥♥♥♥). The story, music, and graphics are all really good (relative to the time it came out). The game follows the same 'anonymous murder cube' formula as games like HL2 and Fear -- but this is far from being a bad thing.  There are lots of fun weapons in the game. The crossbow was my favourite.  Maybe one day they'll make a sequel to this game. Dare to dream.  10/10.",
            "review_score": "1"
        },
        {
            "review_text": "An old school fps with nice technical features, solid mechanics and the ability to alter time.  No problems in Win 10 x64.",
            "review_score": "1"
        },
        {
            "review_text": "Good game that seems to be heavily inspired by Half-Life 2, at least as far as gameplay is concerned. The highs aren't as high as Half-Life 2 but the lows aren't as low either. Story is not integrated into the game itself very well and is told as a series of 10-30 second cutscenes at the start of nearly every mission. The time control mechanic is a really great concept with medeocre execution, particularly in the few puzzles the game constructs.",
            "review_score": "1"
        }
    ]
}