{
    "app_id": 1013070,
    "name": "Estellium Legends",
    "release_date": "2019-02-04",
    "developer": [
        "Team Syukino"
    ],
    "publisher": [
        "Team Syukino"
    ],
    "platforms": [
        "windows",
        "mac"
    ],
    "required_age": 0,
    "categories": [
        "Single-player",
        "Local Co-op",
        "Shared/Split Screen",
        "Steam Achievements",
        "Partial Controller Support",
        "Steam Cloud"
    ],
    "genres": [
        "RPG"
    ],
    "tags": [
        "RPG",
        "Anime",
        "JRPG"
    ],
    "achievements": 4,
    "positive_ratings": 5,
    "negative_ratings": 4,
    "price": 3.99,
    "description": "Create your character and enter the arena. Fight your way to the top and become the greatest legend of all time. There are 40+ characters to hire and multiple spells to acquire. Utilize several classes and gear as you carve your name in all of Estellium.",
    "header_img": "https://steamcdn-a.akamaihd.net/steam/apps/1013070/header.jpg?t=1556484403",
    "minimum_requirements": "OS: 7 / 8 / 10 (32bit/64bit) Processor: Intel Core 2 Duo processor or AMD Athlon™ 64 Memory: 2 GB RAM Graphics: DirectX 9/OpenGL 4.1 capable GPU DirectX: Version 9.0 Storage: 1 GB available space Sound Card: Any Additional Notes: 1280x768 or better Display.",
    "recommended_requirements": "OS: Windows 8.1/10 (32bit/64bit) Processor: Intel Core 2 Duo processor or AMD Athlon™ 64 Memory: 2 GB RAM Graphics: OpenGL ES 2.0 hardware driver support required for WebGL acceleration. (AMD Catalyst 10.9, nVidia 358.50) DirectX: Version 9.0 Storage: 1 GB available space Sound Card: Any Additional Notes: 1280x768 or better Display.",
    "reviews": []
}