{
    "app_id": 1013180,
    "name": "Funbag Fantasy",
    "release_date": "2019-01-31",
    "developer": [
        "Waffle"
    ],
    "publisher": [
        "MangaGamer"
    ],
    "platforms": [
        "windows"
    ],
    "required_age": 18,
    "categories": [
        "Single-player",
        "Steam Cloud"
    ],
    "genres": [
        "Adventure"
    ],
    "tags": [
        "Sexual Content",
        "Nudity",
        "Adventure"
    ],
    "achievements": 0,
    "positive_ratings": 21,
    "negative_ratings": 0,
    "price": 31.99,
    "description": "Develop a romantic relationship with a sexy succubus, a princess, a female knight, and a noble woman in a fantasy world of swords and magic! There are 5 endings to complete including a final true route.",
    "header_img": "https://steamcdn-a.akamaihd.net/steam/apps/1013180/header.jpg?t=1548979027",
    "minimum_requirements": "OS: Windows 7 and up Processor: Pentium III 800MHz Memory: 512 MB RAM Graphics: GeForce3/RADEON 8200 DirectX: Version 8.0a Storage: 1 GB available space Sound Card: PCM",
    "recommended_requirements": "Processor: Pentium 4 1.5GHz or higher Memory: 1 GB RAM Graphics: GeForce6600+/RADEON X700XT+",
    "reviews": []
}