{
    "app_id": 1013660,
    "name": "Pursuer",
    "release_date": "2019-03-11",
    "developer": [
        "TheBlavas"
    ],
    "publisher": [
        "TheBlavas"
    ],
    "platforms": [
        "windows"
    ],
    "required_age": 0,
    "categories": [
        "Single-player",
        "Steam Achievements"
    ],
    "genres": [
        "Action",
        "Adventure",
        "Indie"
    ],
    "tags": [
        "Action",
        "Adventure",
        "Indie"
    ],
    "achievements": 10,
    "positive_ratings": 6,
    "negative_ratings": 4,
    "price": 10.99,
    "description": "You are a pursuer, and your job is to catch a criminal who has more than 20 victims.",
    "header_img": "https://steamcdn-a.akamaihd.net/steam/apps/1013660/header.jpg?t=1552327186",
    "minimum_requirements": "OS: Microsoft® Windows® XP / Vista / 7 Processor: Core i3-530 Memory: 6 GB RAM Graphics: NVIDIA Geforce GTX 460 Storage: 19 GB available space Sound Card: DirectX Compatible",
    "recommended_requirements": "OS: Microsoft® Windows® XP / Vista / 7 Processor: Core i5-560m Memory: 10 GB RAM Graphics: NVIDIA Geforce GTX 760 Storage: 19 GB available space Sound Card: DirectX Compatible",
    "reviews": []
}