{
    "app_id": 1013130,
    "name": "Happy Anime Puzzle",
    "release_date": "2019-04-04",
    "developer": [
        "CoolHappy-Game"
    ],
    "publisher": [
        "CoolHappy-Game"
    ],
    "platforms": [
        "windows"
    ],
    "required_age": 0,
    "categories": [
        "Single-player",
        "Steam Achievements",
        "Steam Cloud"
    ],
    "genres": [
        "Adventure",
        "Indie",
        "RPG",
        "Simulation",
        "Strategy"
    ],
    "tags": [
        "Nudity",
        "Sexual Content",
        "Indie"
    ],
    "achievements": 100,
    "positive_ratings": 13,
    "negative_ratings": 4,
    "price": 0.79,
    "description": "Happy Anime Puzzle is a great jigsaw puzzle for beautiful girls. Every beautiful girl is a high-quality picture, which absolutely brightens your eyes. Although it's a traditional jigsaw jigsaw puzzle, Happy Anime Puzzle creates a relaxed and pleasant jigsaw atmosphere and guarantees a smooth game experience.",
    "header_img": "https://steamcdn-a.akamaihd.net/steam/apps/1013130/header.jpg?t=1554428629",
    "minimum_requirements": "OS: Windows 7 or later Processor: Intel Core 2 Due E6300 or AMD althon X2 5000+ Memory: 512 MB RAM Graphics: NVIDIA 7300GT or ATI X1600 Storage: 500 MB available space",
    "recommended_requirements": "OS: Windows 10 or later Processor: Intel Core 2 Due Q6600 or AMD Althon X4 635 Memory: 1024 MB RAM Graphics: NVIDIA GTX760 or ATI R7 260X Storage: 1000 MB available space",
    "reviews": []
}