{
    "app_id": 1013950,
    "name": "AntiPodal",
    "release_date": "2019-03-22",
    "developer": [
        "Liam Dehaudt"
    ],
    "publisher": [
        "Liam Dehaudt"
    ],
    "platforms": [
        "windows",
        "mac"
    ],
    "required_age": 0,
    "categories": [
        "Single-player",
        "Full controller support"
    ],
    "genres": [
        "Action"
    ],
    "tags": [
        "Action",
        "Puzzle-Platformer",
        "Platformer"
    ],
    "achievements": 0,
    "positive_ratings": 5,
    "negative_ratings": 0,
    "price": 1.69,
    "description": "Trapped in a strange parallel world, face ruthless challenges using wit and skill. Run, jump and swap your way out of tricky situations in this super-tight action puzzle platformer. Will you be able to find and rescue your poor lost chicken?",
    "header_img": "https://steamcdn-a.akamaihd.net/steam/apps/1013950/header.jpg?t=1553302348",
    "minimum_requirements": "OS: Windows 7 and above Processor: 2.5 GHz Memory: 2 GB RAM Graphics: 256 MB DirectX: Version 10 Sound Card: any",
    "recommended_requirements": null,
    "reviews": []
}