{
    "app_id": 1013870,
    "name": "Leanna's Slice of Life",
    "release_date": "2019-03-07",
    "developer": [
        "Acerola"
    ],
    "publisher": [
        "Kagura Games"
    ],
    "platforms": [
        "windows"
    ],
    "required_age": 0,
    "categories": [
        "Single-player"
    ],
    "genres": [
        "Indie",
        "RPG"
    ],
    "tags": [
        "Sexual Content",
        "Nudity",
        "Indie"
    ],
    "achievements": 0,
    "positive_ratings": 147,
    "negative_ratings": 28,
    "price": 11.39,
    "description": "In a world where demons exist, Kain and Leanna live in a relatively peaceful village. The two eventually get married. However, due to the incessant demon attacks, Kain becomes careless and falls into a lot of debt. It'll be up to Leanna to help pay off Kain's debts in this Slice of Life RPG!",
    "header_img": "https://steamcdn-a.akamaihd.net/steam/apps/1013870/header.jpg?t=1552051541",
    "minimum_requirements": "OS: Windows® 7/8/8.1/10 Processor: Intel Core2 Duo or better Memory: 4 GB RAM Graphics: DirectX 9/OpenGL 4.1 capable GPU DirectX: Version 9.0 Storage: 4 GB available space Additional Notes: 1280x768 or better Display.  Lag may occur from loading menus or maps.  Turn off other programs before running the game.",
    "recommended_requirements": "OS: Windows® 7/8/8.1/10 Processor: 2+ GHz Processor Memory: 4 GB RAM Graphics: OpenGL ES 2.0 hardware driver support required for WebGL acceleration. (AMD Catalyst 10.9, nVidia 358.50) DirectX: Version 9.0 Storage: 4 GB available space Additional Notes: 1280x768 or better Display.  Lag may occur from loading menus or maps.  Turn off other programs before running the game.",
    "reviews": []
}