{
    "app_id": 1013540,
    "name": "Evospace",
    "release_date": "2019-02-14",
    "developer": [
        "Round Cube Studio"
    ],
    "publisher": [
        "Round Cube Studio"
    ],
    "platforms": [
        "windows"
    ],
    "required_age": 0,
    "categories": [
        "Single-player",
        "Steam Achievements",
        "Includes level editor"
    ],
    "genres": [
        "Adventure",
        "Indie",
        "Simulation",
        "Early Access"
    ],
    "tags": [
        "Early Access",
        "Simulation",
        "Adventure"
    ],
    "achievements": 19,
    "positive_ratings": 51,
    "negative_ratings": 7,
    "price": 6.19,
    "description": "Evospace is sandbox game with fully dynamic, procedurally generated world. Game about digging, exploring, building and technologies.",
    "header_img": "https://steamcdn-a.akamaihd.net/steam/apps/1013540/header.jpg?t=1551061198",
    "minimum_requirements": "Requires a 64-bit processor and operating system Processor: Intel Core i3 Memory: 3 GB RAM Graphics: Nvidia GTX 660 2GB Storage: 3 GB available space",
    "recommended_requirements": "Requires a 64-bit processor and operating system Processor: Intel Core i5 Memory: 6 GB RAM Graphics: Nvidia GTX 770 2GB Storage: 5 GB available space",
    "reviews": []
}