{
    "app_id": 1013630,
    "name": "Frigus İnferos",
    "release_date": "2019-03-14",
    "developer": [
        "Doganay Ozata",
        "Tolunay Ozata"
    ],
    "publisher": [
        "Doganay Ozata"
    ],
    "platforms": [
        "windows"
    ],
    "required_age": 0,
    "categories": [
        "Single-player"
    ],
    "genres": [
        "Adventure",
        "Indie",
        "RPG"
    ],
    "tags": [
        "Adventure",
        "Indie",
        "Violent"
    ],
    "achievements": 0,
    "positive_ratings": 3,
    "negative_ratings": 1,
    "price": 0.79,
    "description": "Are you ready for a child's hell? Courage or run away?",
    "header_img": "https://steamcdn-a.akamaihd.net/steam/apps/1013630/header.jpg?t=1553806104",
    "minimum_requirements": "OS:  Processor:  Memory: 512 MB RAM DirectX: Version 9.0 Storage: 500 MB available space",
    "recommended_requirements": null,
    "reviews": []
}