{
    "app_id": 1013710,
    "name": "Draft Day Sports: College Basketball 2019",
    "release_date": "2019-02-05",
    "developer": [
        "Wolverine Studios"
    ],
    "publisher": [
        "Wolverine Studios"
    ],
    "platforms": [
        "windows"
    ],
    "required_age": 0,
    "categories": [
        "Single-player"
    ],
    "genres": [
        "Indie",
        "Simulation",
        "Sports"
    ],
    "tags": [
        "Simulation",
        "Indie",
        "Sports"
    ],
    "achievements": 0,
    "positive_ratings": 3,
    "negative_ratings": 1,
    "price": 27.79,
    "description": "Draft Day Sports: College Basketball 2019 puts you in the role of head coach of your favorite college basketball team. Every decision can be made by you from staff hiring, recruiting, scouting and all the way to making each substitution to lead your team to tournament glory and becoming a dynasty.",
    "header_img": "https://steamcdn-a.akamaihd.net/steam/apps/1013710/header.jpg?t=1549381841",
    "minimum_requirements": "OS: XP/Vista/Win7/Win8.X/Win10 Processor: Intel or AMD, 32 bit or 64 bit Memory: 128 MB RAM Graphics: 1280 x 768 display capable of running 32-bit color or higher Storage: 250 MB available space",
    "recommended_requirements": null,
    "reviews": []
}