{
    "app_id": 1013580,
    "name": "Manna for our Malices",
    "release_date": "2019-02-11",
    "developer": [
        "John Ohno"
    ],
    "publisher": [
        "Double Mojo"
    ],
    "platforms": [
        "windows",
        "mac",
        "linux"
    ],
    "required_age": 0,
    "categories": [
        "Single-player",
        "Steam Achievements"
    ],
    "genres": [
        "Casual",
        "Indie"
    ],
    "tags": [
        "Indie",
        "Casual",
        "Visual Novel"
    ],
    "achievements": 15,
    "positive_ratings": 7,
    "negative_ratings": 1,
    "price": 3.99,
    "description": "Akagi Ai is unexpectedly stabbed on her way home from school. She finds her spirit possessing her body from earlier that day, and must collaborate with the past self that inhabits her body to discover why she keeps dying -- and why she keeps coming back.",
    "header_img": "https://steamcdn-a.akamaihd.net/steam/apps/1013580/header.jpg?t=1549885351",
    "minimum_requirements": "OS: Windows XP Processor: Pentium Memory: 128 MB RAM Graphics: 16 colors Storage: 300 MB available space",
    "recommended_requirements": "OS: Windows 10",
    "reviews": []
}