{
    "app_id": 1013730,
    "name": "Hard Core Puzzle",
    "release_date": "2019-03-23",
    "developer": [
        "Indiever Games"
    ],
    "publisher": [
        "Indiever Games"
    ],
    "platforms": [
        "windows",
        "mac"
    ],
    "required_age": 0,
    "categories": [
        "Single-player",
        "Steam Achievements",
        "Steam Cloud"
    ],
    "genres": [
        "Casual",
        "Indie",
        "RPG",
        "Simulation",
        "Strategy"
    ],
    "tags": [
        "Nudity",
        "Sexual Content",
        "Casual"
    ],
    "achievements": 100,
    "positive_ratings": 137,
    "negative_ratings": 7,
    "price": 0.79,
    "description": "This is a very hard-core puzzle casual game, bring you the purest gaming experience...",
    "header_img": "https://steamcdn-a.akamaihd.net/steam/apps/1013730/header.jpg?t=1553348264",
    "minimum_requirements": "OS: Windows XP Processor: Dual Core+ Memory: 1 GB RAM Graphics: 512MB+ Storage: 250 MB available space Sound Card: any",
    "recommended_requirements": "OS: Windows7, Windows8, Windows10 Processor: Core i3,i5,i7,+++ Memory: 2 GB RAM Graphics: 1GB+ Storage: 300 MB available space Sound Card: any",
    "reviews": []
}