{
    "app_id": 1013520,
    "name": "Hidden Magic",
    "release_date": "2019-02-01",
    "developer": [
        "Zotdinex"
    ],
    "publisher": [
        "Zotdinex"
    ],
    "platforms": [
        "windows"
    ],
    "required_age": 0,
    "categories": [
        "Single-player"
    ],
    "genres": [
        "Adventure",
        "Casual",
        "Indie"
    ],
    "tags": [
        "Indie",
        "Casual",
        "Adventure"
    ],
    "achievements": 0,
    "positive_ratings": 6,
    "negative_ratings": 0,
    "price": 1.69,
    "description": "The story begins and you go in search of parts of the artifact in various parts of the world to find the hidden and find out the secret.",
    "header_img": "https://steamcdn-a.akamaihd.net/steam/apps/1013520/header.jpg?t=1549024651",
    "minimum_requirements": "OS: Windows 7 Processor: DualCore or better Memory: 512 MB RAM Graphics: 128mb Storage: 70 MB available space",
    "recommended_requirements": null,
    "reviews": []
}