{
    "app_id": 1013160,
    "name": "Sky Reaper",
    "release_date": "2019-02-02",
    "developer": [
        "ying liu",
        "nan yu"
    ],
    "publisher": [
        "heiheigame"
    ],
    "platforms": [
        "windows"
    ],
    "required_age": 0,
    "categories": [
        "Single-player"
    ],
    "genres": [
        "Adventure",
        "Casual",
        "Indie",
        "Simulation"
    ],
    "tags": [
        "Adventure",
        "Indie",
        "Casual"
    ],
    "achievements": 0,
    "positive_ratings": 0,
    "negative_ratings": 4,
    "price": 2.09,
    "description": "Sky Reper is a vertical reel flight shooting game. The player controls the different planes and fights over the city.",
    "header_img": "https://steamcdn-a.akamaihd.net/steam/apps/1013160/header.jpg?t=1549118636",
    "minimum_requirements": "OS: Windows 7,Windows10 Processor: Core 2 Duo Memory: 1024 MB RAM Graphics: Intel HD 4600 (AMD or NVIDIA equivalent) Storage: 1024 MB available space",
    "recommended_requirements": null,
    "reviews": []
}