{
    "app_id": 1013940,
    "name": "Bob and Kuura: Lost in Snowglobe",
    "release_date": "2019-02-06",
    "developer": [
        "BelleGames Ltd."
    ],
    "publisher": [
        "BelleGames Ltd."
    ],
    "platforms": [
        "windows"
    ],
    "required_age": 0,
    "categories": [
        "Single-player",
        "Steam Achievements",
        "Steam Cloud"
    ],
    "genres": [
        "Adventure",
        "Indie"
    ],
    "tags": [
        "Adventure",
        "Indie"
    ],
    "achievements": 6,
    "positive_ratings": 0,
    "negative_ratings": 1,
    "price": 4.79,
    "description": "Snowglobe has been ruined by the Evil Duke's corporation and it's up to you to save it.",
    "header_img": "https://steamcdn-a.akamaihd.net/steam/apps/1013940/header.jpg?t=1549453472",
    "minimum_requirements": "OS: Windows 7, 8/8.1, 10 Processor: Intel® Celeron® Processor B820, 1.70GHz or better Memory: 4 GB RAM Graphics: 2nd Gen Intel® HD Graphics or better Storage: 1047 MB available space",
    "recommended_requirements": null,
    "reviews": []
}