{
    "app_id": 1013890,
    "name": "青蛙跳模拟器",
    "release_date": "2019-02-07",
    "developer": [
        "Strodio"
    ],
    "publisher": [
        "Strodio"
    ],
    "platforms": [
        "windows"
    ],
    "required_age": 0,
    "categories": [
        "Single-player",
        "Steam Achievements"
    ],
    "genres": [
        "Action",
        "Casual",
        "Indie",
        "RPG",
        "Simulation"
    ],
    "tags": [
        "Casual",
        "Action",
        "Indie"
    ],
    "achievements": 14,
    "positive_ratings": 42,
    "negative_ratings": 19,
    "price": 0.79,
    "description": "This is a frog jumping game.",
    "header_img": "https://steamcdn-a.akamaihd.net/steam/apps/1013890/header.jpg?t=1551458728",
    "minimum_requirements": "OS: Windows 7 Processor: Intel Core2 Duo or equivalent AMD Memory: 2 GB RAM Graphics: Nvidia GeForce GTX 280 series or higher Network: Broadband Internet connection Storage: 200 MB available space",
    "recommended_requirements": null,
    "reviews": []
}