{
    "app_id": 1013600,
    "name": "Rodent Warriors",
    "release_date": "2019-02-08",
    "developer": [
        "Kevin Smeltzer",
        "Azucena Nuñez"
    ],
    "publisher": [
        "Rodent Warriors"
    ],
    "platforms": [
        "windows"
    ],
    "required_age": 0,
    "categories": [
        "Single-player"
    ],
    "genres": [
        "RPG",
        "Early Access"
    ],
    "tags": [
        "Early Access",
        "RPG",
        "2D"
    ],
    "achievements": 0,
    "positive_ratings": 3,
    "negative_ratings": 0,
    "price": 7.19,
    "description": "Rodent Warriors is an epic 2D rogue-like rpg / idle / indie / retro game... about rodents!",
    "header_img": "https://steamcdn-a.akamaihd.net/steam/apps/1013600/header.jpg?t=1555106233",
    "minimum_requirements": "OS: Microsoft® Windows Server 2008, Windows 7, or Windows 8 Classic Processor: 2.33GHz or faster x86-compatible processor, or Intel Atom™ 1.6GHz or faster processor for netbook class devices Memory: 2 GB RAM Graphics: 2006 or newer Graphics Card Storage: 500 MB available space Sound Card: Any sound card",
    "recommended_requirements": "OS: Microsoft® Windows Server 2008, Windows 7, or Windows 8 Classic Processor: 2.33GHz or faster x86-compatible processor, or Intel Atom™ 1.6GHz or faster processor for netbook class devices Memory: 8 GB RAM Graphics: 2006 or newer Graphics Card Storage: 500 MB available space Sound Card: Any sound card",
    "reviews": []
}