{
    "app_id": 1013700,
    "name": "Draft Day Sports: College Football 2019",
    "release_date": "2019-02-08",
    "developer": [
        "Wolverine Studios"
    ],
    "publisher": [
        "Wolverine Studios"
    ],
    "platforms": [
        "windows"
    ],
    "required_age": 0,
    "categories": [
        "Single-player"
    ],
    "genres": [
        "Indie",
        "Simulation",
        "Sports"
    ],
    "tags": [
        "Simulation",
        "Sports",
        "Indie"
    ],
    "achievements": 0,
    "positive_ratings": 1,
    "negative_ratings": 1,
    "price": 23.79,
    "description": "Draft Day Sports: College Football 2019 puts you in the role of head coach for your favorite college football team. Recruit, gameplan and make the right calls on the field to lead your team to the top of the ranks and the college football championship.",
    "header_img": "https://steamcdn-a.akamaihd.net/steam/apps/1013700/header.jpg?t=1549646541",
    "minimum_requirements": "OS: XP/Vista/Win7/Win8.X/Win10 Processor: Intel or AMD, 32 bit or 64 bit Memory: 128 MB RAM Graphics: 1280 x 768 display capable of running 32-bit color or higher",
    "recommended_requirements": null,
    "reviews": []
}