{
    "app_id": 1013350,
    "name": "The Voice from Heaven",
    "release_date": "2019-01-28",
    "developer": [
        "e-FunSoft Games"
    ],
    "publisher": [
        "HH-Games"
    ],
    "platforms": [
        "windows"
    ],
    "required_age": 0,
    "categories": [
        "Single-player"
    ],
    "genres": [
        "Casual"
    ],
    "tags": [
        "Casual",
        "Match 3",
        "Indie"
    ],
    "achievements": 0,
    "positive_ratings": 3,
    "negative_ratings": 0,
    "price": 4.79,
    "description": "A charming match3 game! Help Aurora heal the sick king with her magical voice and remove the curse from the kingdom.",
    "header_img": "https://steamcdn-a.akamaihd.net/steam/apps/1013350/header.jpg?t=1548701839",
    "minimum_requirements": "OS: Windows XP/ME/Vista/7/8/10 Processor: 1.0GHz CPU Memory: 128 MB RAM Graphics: 128MB DirectX: Version 9.0 Storage: 500 MB available space Sound Card: DirectX compatible sound card",
    "recommended_requirements": "OS: Windows XP/ME/Vista/7/8/10 Processor: 1.2GHz CPU Memory: 256 MB RAM Graphics: 256 MB DirectX: Version 9.0 Storage: 500 MB available space Sound Card: DirectX compatible sound card",
    "reviews": []
}