{
    "app_id": 1013120,
    "name": "HotPuzzle:Video",
    "release_date": "2019-02-22",
    "developer": [
        "Puzzle Game"
    ],
    "publisher": [
        "Puzzle Game"
    ],
    "platforms": [
        "windows"
    ],
    "required_age": 0,
    "categories": [
        "Single-player",
        "Steam Cloud"
    ],
    "genres": [
        "Adventure",
        "Casual",
        "Indie",
        "RPG",
        "Simulation"
    ],
    "tags": [
        "Casual",
        "Sexual Content",
        "Indie"
    ],
    "achievements": 0,
    "positive_ratings": 4,
    "negative_ratings": 1,
    "price": 0.79,
    "description": "HotPuzzle: Video is a video jigsaw puzzle Unlike previous games, HotPuzzle: Video requires you to spell out dynamic videos, which is much more difficult. But they are all the most pure hot beauty videos.",
    "header_img": "https://steamcdn-a.akamaihd.net/steam/apps/1013120/header.jpg?t=1550825155",
    "minimum_requirements": "OS: Windows 7 or later Processor: Intel Core 2 Due E6300 or AMD althon X2 5000+ Memory: 512 MB RAM Graphics: NVIDIA 7300GT or ATI X1600 Storage: 500 MB available space",
    "recommended_requirements": "OS: Windows 10 or later Processor: Intel Core I5 4170 or AMD FX 6300 Memory: 1024 MB RAM Graphics: NVIDIA GTX760 or ATI R7 260X Storage: 1000 MB available space",
    "reviews": []
}