{
    "app_id": 1013410,
    "name": "REDVIIL",
    "release_date": "2019-03-12",
    "developer": [
        "BURRIK"
    ],
    "publisher": [
        "BURRIK"
    ],
    "platforms": [
        "windows"
    ],
    "required_age": 0,
    "categories": [
        "Single-player"
    ],
    "genres": [
        "Action",
        "Adventure",
        "Indie",
        "RPG",
        "Early Access"
    ],
    "tags": [
        "Early Access",
        "RPG",
        "Action"
    ],
    "achievements": 0,
    "positive_ratings": 22,
    "negative_ratings": 13,
    "price": 4.79,
    "description": "Now it's 2143, my name is Alice, I was born in a small settlement called Gwaine. I dream to continue the work of my great-grandfather: to find a cure for the &quot;Red Death&quot; and release people living in hundreds of bunkers.",
    "header_img": "https://steamcdn-a.akamaihd.net/steam/apps/1013410/header.jpg?t=1554539176",
    "minimum_requirements": "OS: 64 bit Windows 7, Windows 8.1, Windows 10 Processor: Intel Core i3 Memory: 8 GB RAM Graphics: GeForce GTX 750 ti DirectX: Version 11 Storage: 2000 MB available space Sound Card: For all sound cards",
    "recommended_requirements": null,
    "reviews": []
}