{
    "app_id": 1014180,
    "name": "化者天狱 Revenant in the Paradise",
    "release_date": "2019-02-04",
    "developer": [
        "OPAL Studio"
    ],
    "publisher": [
        "OPAL Studio"
    ],
    "platforms": [
        "windows"
    ],
    "required_age": 0,
    "categories": [
        "Single-player"
    ],
    "genres": [
        "Adventure",
        "Casual",
        "Indie",
        "RPG",
        "Strategy"
    ],
    "tags": [
        "Adventure",
        "Indie",
        "RPG"
    ],
    "achievements": 0,
    "positive_ratings": 2,
    "negative_ratings": 0,
    "price": 2.89,
    "description": "The main character, a high school girl, is trapped into a world which is full of monsters when she was travelling to Tokyo. In this game, players will act as her and live throughmountains of fatal crisis and finally grab Freedom and Life.",
    "header_img": "https://steamcdn-a.akamaihd.net/steam/apps/1014180/header.jpg?t=1550816612",
    "minimum_requirements": "OS: Windows XP/Vista/Windows 7/8/8.1/10 (32bit/64bit) Processor: 1.6 GHz Memory: 1 GB RAM DirectX: Version 9.0 Storage: 400 MB available space Sound Card: DirectX 9.0 Compatible Sound",
    "recommended_requirements": "OS: Windows XP/Vista/Windows 7/8/8.1/10 Processor: 1.6 GHz Memory: 2 GB RAM DirectX: Version 9.0 Storage: 500 MB available space Sound Card: DirectX 9.0 Compatible Sound",
    "reviews": []
}