{
    "app_id": 1014820,
    "name": "The Angry Banana",
    "release_date": "2019-02-12",
    "developer": [
        "The Exact Co."
    ],
    "publisher": [
        "The Exact Co."
    ],
    "platforms": [
        "windows"
    ],
    "required_age": 0,
    "categories": [
        "Single-player",
        "Partial Controller Support"
    ],
    "genres": [
        "Action",
        "Adventure"
    ],
    "tags": [
        "Action",
        "Adventure"
    ],
    "achievements": 0,
    "positive_ratings": 2,
    "negative_ratings": 0,
    "price": 1.69,
    "description": "The Angry Banana is a short 2D action game with a funny story that's full of NONSENSE! You go out on a journey to avenge your &quot;family&quot;. But, will you be able to?",
    "header_img": "https://steamcdn-a.akamaihd.net/steam/apps/1014820/header.jpg?t=1549963466",
    "minimum_requirements": "OS: Windows Vista or Later Processor: Intel® Core™ 2 Duo 2.4 GHz, AMD Athlon™ X2 2.8 GHz, or higher Memory: 4 GB RAM Graphics: ATI Radeon HD 4650 / NVIDIA GeForce GT 220 / Intel HD 4000 Graphics, or equivalent Storage: 1500 MB available space Sound Card: Windows Compatible Card Additional Notes: *DEFAULT KEYBOARD CONTROLS: 1) Arrows = Move 2) Space = Jump 3) Left Alt = Throw 4) Left Shift = Kick 5) Left Ctrl = Run",
    "recommended_requirements": null,
    "reviews": []
}