{
    "app_id": 1014590,
    "name": "Time To Parkour",
    "release_date": "2019-02-06",
    "developer": [
        "Frutgamestudios"
    ],
    "publisher": [
        "Frutgamestudios"
    ],
    "platforms": [
        "windows"
    ],
    "required_age": 0,
    "categories": [
        "Single-player",
        "Steam Achievements",
        "Steam Leaderboards"
    ],
    "genres": [
        "Action",
        "Adventure",
        "Casual",
        "Indie",
        "Racing",
        "Early Access"
    ],
    "tags": [
        "Early Access",
        "Indie",
        "Action"
    ],
    "achievements": 100,
    "positive_ratings": 9,
    "negative_ratings": 5,
    "price": 0.79,
    "description": "Lost in the depths of the universe, you don't know what to do to get out of here. Simple gameplay, challenging trails, if you fall down , try again. If you take the checkpoint you will spawn there. Its an adventure in the dark universe.",
    "header_img": "https://steamcdn-a.akamaihd.net/steam/apps/1014590/header.jpg?t=1549477048",
    "minimum_requirements": "OS: Windows 7, 8, 8.1, 10 Processor: 2 GHz Dual-Core 32-bit CPU Memory: 2 GB RAM Graphics: DirectX11 Compatible GPU with 1 GB Video RAM Storage: 2 GB available space Sound Card: Any",
    "recommended_requirements": null,
    "reviews": []
}