{
    "app_id": 1014430,
    "name": "Nin! Nin! Ninja!!!",
    "release_date": "2019-03-26",
    "developer": [
        "Firehawk Studios",
        "G-Dojjo"
    ],
    "publisher": [
        "Firehawk Studios"
    ],
    "platforms": [
        "windows"
    ],
    "required_age": 0,
    "categories": [
        "Single-player"
    ],
    "genres": [
        "Action",
        "Adventure",
        "Casual",
        "Indie"
    ],
    "tags": [
        "Action",
        "Adventure",
        "Indie"
    ],
    "achievements": 0,
    "positive_ratings": 11,
    "negative_ratings": 0,
    "price": 1.99,
    "description": "People who like platform games may think this is an easy game, but this is the hardest platforming game EVER! NO ONE CAN COMPLETE THIS GAME.",
    "header_img": "https://steamcdn-a.akamaihd.net/steam/apps/1014430/header.jpg?t=1554799837",
    "minimum_requirements": "OS: Windows 7 , 8 , 8.1 , 10 Processor: 2 GHz Dual-Core 32-bit CPU Memory: 4 GB RAM Graphics: DirectX11 Compatible GPU with 512 MB Video RAM Storage: 399 MB available space",
    "recommended_requirements": null,
    "reviews": []
}