{
    "app_id": 1014840,
    "name": "Heart and Axe",
    "release_date": "2019-01-29",
    "developer": [
        "NickyH"
    ],
    "publisher": [
        "NickyH"
    ],
    "platforms": [
        "windows"
    ],
    "required_age": 0,
    "categories": [
        "Single-player",
        "Full controller support"
    ],
    "genres": [
        "Adventure"
    ],
    "tags": [
        "Adventure"
    ],
    "achievements": 3,
    "positive_ratings": 1,
    "negative_ratings": 1,
    "price": 2.89,
    "description": "One adventure, two stories. Play as one or both to discover their endings..",
    "header_img": "https://steamcdn-a.akamaihd.net/steam/apps/1014840/header.jpg?t=1548783713",
    "minimum_requirements": "OS: Windows 7 Processor: 2 Ghz Dual Core Memory: 2 GB RAM Graphics: Nvidia Geforce 600 Series or Higher Storage: 200 MB available space",
    "recommended_requirements": "OS: Windows 10 Processor: Core i5 Memory: 2 GB RAM Graphics: Nvidia Geforce 600 Series or Higher Storage: 300 MB available space",
    "reviews": []
}