{
    "app_id": 1014130,
    "name": "Jitsumi's Game Booster",
    "release_date": "2019-04-19",
    "developer": [
        "THEEY STORE PTE. LTD."
    ],
    "publisher": [
        "THEEY STORE PTE. LTD."
    ],
    "platforms": [
        "windows"
    ],
    "required_age": 0,
    "categories": [
        "Steam Achievements"
    ],
    "genres": [
        "Utilities",
        "Game Development",
        "Early Access"
    ],
    "tags": [
        "Early Access",
        "Utilities",
        "Game Development"
    ],
    "achievements": 8,
    "positive_ratings": 19,
    "negative_ratings": 1,
    "price": 3.99,
    "description": "Jitsumi Game Booster is a light and fast tool which scans for games that had been launch while providing features such as suspending background processes, cleaning junk files, cleaning errors in drives and system files, overclocking and many more without using much CPU",
    "header_img": "https://steamcdn-a.akamaihd.net/steam/apps/1014130/header.jpg?t=1556446152",
    "minimum_requirements": "OS: Windows 7+ Processor: Any Intel Processor Memory: 200 MB RAM Graphics: Any Nvidia Card DirectX: Version 10 Network: Broadband Internet connection Storage: 100 MB available space Sound Card: Any Additional Notes: No full support for AMD and integrated GPUs",
    "recommended_requirements": null,
    "reviews": []
}