{
    "app_id": 1014460,
    "name": "Nothing!",
    "release_date": "2019-03-14",
    "developer": [
        "empty studios"
    ],
    "publisher": [
        "empty studios"
    ],
    "platforms": [
        "windows"
    ],
    "required_age": 0,
    "categories": [
        "Single-player"
    ],
    "genres": [
        "Adventure",
        "Casual",
        "Indie"
    ],
    "tags": [
        "Adventure",
        "Indie",
        "Casual"
    ],
    "achievements": 0,
    "positive_ratings": 6,
    "negative_ratings": 6,
    "price": 0.79,
    "description": "What do you play? I play nothing!",
    "header_img": "https://steamcdn-a.akamaihd.net/steam/apps/1014460/header.jpg?t=1552722824",
    "minimum_requirements": "OS: xp Processor: 1.2 GHz Memory: 512 MB RAM Graphics: any DirectX: Version 9.0c Storage: 60 MB available space Sound Card: any",
    "recommended_requirements": "OS: 7 8 10 Processor: 1.2 GHz Memory: 1 GB RAM Graphics: any DirectX: Version 9.0c Storage: 100 MB available space Sound Card: any",
    "reviews": []
}