{
    "app_id": 1014350,
    "name": "Once A Stray",
    "release_date": "2019-01-28",
    "developer": [
        "Ross Winters",
        "Austin Pinzon",
        "Adrian Lannon",
        "Ana Beltran",
        "David Almaguer",
        "Ryan Rosado",
        "Chris Perry",
        "Emily Bannister",
        "Nicolas Kemball-Cook",
        "Doug Fialko",
        "Joel Arroyo"
    ],
    "publisher": [
        "Fire Fighter Games"
    ],
    "platforms": [
        "windows"
    ],
    "required_age": 0,
    "categories": [
        "Single-player",
        "Full controller support"
    ],
    "genres": [
        "Action",
        "Adventure"
    ],
    "tags": [
        "Action",
        "Adventure"
    ],
    "achievements": 0,
    "positive_ratings": 4,
    "negative_ratings": 0,
    "price": 0.0,
    "description": "A brave cat named Auguen, indebted to the spirit Bennet, undertakes a series of quests in order to save their city from a plague cast upon by the necromancer Lazarus.",
    "header_img": "https://steamcdn-a.akamaihd.net/steam/apps/1014350/header.jpg?t=1552710143",
    "minimum_requirements": "OS: Windows 7 or Later Processor: Quad-core Intel or AMD processor, 2.5 GHz or faster Memory: 8 GB RAM Graphics: NVIDIA GeForce 470 GTX or AMD Radeon 6870 HD series card or higher",
    "recommended_requirements": null,
    "reviews": []
}