{
    "app_id": 1014480,
    "name": "Ecchi Girls",
    "release_date": "2019-03-06",
    "developer": [
        "STREAMWORKS"
    ],
    "publisher": [
        "STREAMWORKS"
    ],
    "platforms": [
        "windows"
    ],
    "required_age": 0,
    "categories": [
        "Single-player",
        "Steam Achievements",
        "Steam Cloud"
    ],
    "genres": [
        "Action",
        "Adventure",
        "Casual",
        "Indie",
        "RPG",
        "Strategy"
    ],
    "tags": [
        "Nudity",
        "Sexual Content",
        "Casual"
    ],
    "achievements": 100,
    "positive_ratings": 47,
    "negative_ratings": 17,
    "price": 0.79,
    "description": "Welcome to the incredible world of Ecchi Girls. Immersed in the game, you can find your new wife and forget about all the external problems.",
    "header_img": "https://steamcdn-a.akamaihd.net/steam/apps/1014480/header.jpg?t=1554506190",
    "minimum_requirements": "OS: Microsoft Windows 7 / 8 (8.1) / 10 Processor: 1.66 GHz Memory: 512 MB RAM Graphics: 256 MB VRAM DirectX: Version 9.0 Storage: 200 MB available space",
    "recommended_requirements": null,
    "reviews": []
}