{
    "app_id": 10140,
    "name": "3D Ultra™ Minigolf Adventures",
    "release_date": "2009-07-23",
    "developer": [
        "Wanako Games"
    ],
    "publisher": [
        "Activision"
    ],
    "platforms": [
        "windows"
    ],
    "required_age": 0,
    "categories": [
        "Single-player"
    ],
    "genres": [
        "Sports"
    ],
    "tags": [
        "Sports",
        "Mini Golf",
        "Golf"
    ],
    "achievements": 0,
    "positive_ratings": 50,
    "negative_ratings": 28,
    "price": 6.99,
    "description": "Whether you're a seasoned player or just a beginner, get ready to tee off for a quick and fun match with four animated stylish characters. Putt your way through 36 fun-filled holes of minigolf on 3D designed courses with elevated greens, bunkers, bridges and water hazards, among other crazy obstacles.",
    "header_img": "https://steamcdn-a.akamaihd.net/steam/apps/10140/header.jpg?t=1534443458",
    "minimum_requirements": "OS: Windows 2000/XP/Vista Processor: Pentium 700 MHz Memory: 256 MB RAM  Graphics: Direct 3D 32MB DirectX 9.0c DirectX®: DirectX 9.0c Hard Drive: 50 MB free hard disk space Sound: DirectX-compliant Sound Card",
    "recommended_requirements": null,
    "reviews": [
        {
            "review_text": "This is a fun game to play with friends, seeing as how I also own it on Xbox 360, I've played many fun rounds. Its still too bad the second one no longer exists.",
            "review_score": "1"
        },
        {
            "review_text": "Fun, Easy, great graphics",
            "review_score": "1"
        },
        {
            "review_text": "This game is the ♥♥♥♥.  Someone bought this for $0.01 AUS (about half a penny) then gifted it to me, and I still feel ripped off.",
            "review_score": "1"
        },
        {
            "review_text": "There's no online multiplayer, only local.",
            "review_score": "-1"
        },
        {
            "review_text": "I don't need to tell you much except that you should avoid this game at all costs. I got this game free, and it basiccally lost all value within 10 minutes.  Verdict: GET THE HELL AWAY. GO. RUN!",
            "review_score": "-1"
        }
    ]
}