{
    "app_id": 1014310,
    "name": "Top Torch",
    "release_date": "2019-02-09",
    "developer": [
        "Colin Hopkins"
    ],
    "publisher": [
        "Colin Hopkins"
    ],
    "platforms": [
        "windows",
        "mac"
    ],
    "required_age": 0,
    "categories": [
        "Local Multi-Player",
        "Shared/Split Screen"
    ],
    "genres": [
        "Indie"
    ],
    "tags": [
        "Indie"
    ],
    "achievements": 0,
    "positive_ratings": 1,
    "negative_ratings": 0,
    "price": 2.09,
    "description": "When the torches touch, the top torch wins. Fly with finesse to defeat your friends.",
    "header_img": "https://steamcdn-a.akamaihd.net/steam/apps/1014310/header.jpg?t=1553224345",
    "minimum_requirements": "OS: Windows 7 Processor: 2.0 GHz Intel Core 2 Duo Memory: 2 GB RAM Graphics: Intel HD 5000 or higher Storage: 100 MB available space",
    "recommended_requirements": null,
    "reviews": []
}