{
    "app_id": 1014660,
    "name": "Baby Bee",
    "release_date": "2019-02-01",
    "developer": [
        "Momentum",
        "Patito"
    ],
    "publisher": [
        "Momentum Games"
    ],
    "platforms": [
        "windows",
        "mac"
    ],
    "required_age": 0,
    "categories": [
        "Single-player",
        "Steam Achievements"
    ],
    "genres": [
        "Adventure",
        "Casual",
        "Indie",
        "Strategy"
    ],
    "tags": [
        "Casual",
        "Indie",
        "Strategy"
    ],
    "achievements": 19,
    "positive_ratings": 1,
    "negative_ratings": 0,
    "price": 2.89,
    "description": "Guide Baby Bee on a quest to get all the flowers with the minimum effort. Simple mechanics, complex puzzles. Think hard!",
    "header_img": "https://steamcdn-a.akamaihd.net/steam/apps/1014660/header.jpg?t=1549027177",
    "minimum_requirements": "OS: Microsoft Windows XP/Vista/7 Processor: Dual-core 2.0 GHz (SSE2) Memory: 1 GB RAM Graphics: ATI Radeon HD4850 -OR- GeForce GTX 295 Storage: 190 MB available space Additional Notes: Mouse needed, Windowed",
    "recommended_requirements": null,
    "reviews": []
}