{
    "app_id": 1014560,
    "name": "Creepy Vision",
    "release_date": "2019-02-15",
    "developer": [
        "Orange Valley"
    ],
    "publisher": [
        "Orange Valley"
    ],
    "platforms": [
        "windows"
    ],
    "required_age": 0,
    "categories": [
        "Single-player",
        "Steam Achievements",
        "Steam Cloud"
    ],
    "genres": [
        "Action",
        "Adventure"
    ],
    "tags": [
        "Action",
        "Adventure",
        "Horror"
    ],
    "achievements": 11,
    "positive_ratings": 16,
    "negative_ratings": 2,
    "price": 3.99,
    "description": "Being held hostage by a mysterious dark dimension, the protagonist tries to escape his personal prison, which is quite adaptive to his thoughts and, therefore, actions.",
    "header_img": "https://steamcdn-a.akamaihd.net/steam/apps/1014560/header.jpg?t=1556298030",
    "minimum_requirements": "Requires a 64-bit processor and operating system OS: 64-bit Windows 7, Windows 8.1, Windows 10 Processor: Intel Core 2 Duo E8500 / AMD Phenom II X3 720 Memory: 2 GB RAM Graphics: GeForce GT 440 / Radeon HD 5450 DirectX: Version 11 Storage: 1 GB available space",
    "recommended_requirements": "Requires a 64-bit processor and operating system OS: 64-bit Windows 7, Windows 8.1, Windows 10 Processor: Intel Core i5-3330 / AMD FX-6300 Memory: 4 GB RAM Graphics: GeForce GTX 750 / Radeon R7 360 / Radeon RX 550 DirectX: Version 11 Storage: 1 GB available space",
    "reviews": []
}