{
    "app_id": 1014550,
    "name": "One Synth",
    "release_date": "2019-02-16",
    "developer": [
        "Kawaiisun Games"
    ],
    "publisher": [
        "Kawaiisun Games"
    ],
    "platforms": [
        "windows",
        "mac"
    ],
    "required_age": 0,
    "categories": [
        "Single-player",
        "Steam Workshop",
        "Includes level editor"
    ],
    "genres": [
        "Adventure",
        "Casual",
        "Indie",
        "Simulation"
    ],
    "tags": [
        "Adventure",
        "Casual",
        "Indie"
    ],
    "achievements": 0,
    "positive_ratings": 19,
    "negative_ratings": 0,
    "price": 0.0,
    "description": "A text based adventure editor - upload and play text based games from across the world using Steam Workshop",
    "header_img": "https://steamcdn-a.akamaihd.net/steam/apps/1014550/header.jpg?t=1553049096",
    "minimum_requirements": "OS: Microsoft® Windows® 7 Processor: 2.8 GHz Intel® Core™2 Duo or better Memory: 1 GB RAM Graphics: 512 MB DirectX: Version 10 Storage: 512 MB available space",
    "recommended_requirements": null,
    "reviews": []
}