{
    "app_id": 1014600,
    "name": "Crash Landed",
    "release_date": "2019-03-13",
    "developer": [
        "Adil Ahmed",
        "Edgy Games"
    ],
    "publisher": [
        "Adil Ahmed"
    ],
    "platforms": [
        "windows"
    ],
    "required_age": 0,
    "categories": [
        "Single-player",
        "Partial Controller Support"
    ],
    "genres": [
        "Adventure"
    ],
    "tags": [
        "Adventure"
    ],
    "achievements": 0,
    "positive_ratings": 4,
    "negative_ratings": 1,
    "price": 2.09,
    "description": "Welcome to Crash Landed! The greatest adventure made by one guy! Your space ship has crashed...Your love is lost...It's time for you to step up! Guide your hero on a dangerous 16-bit style journey on a foreign planet. Travel across 20 heart pounding stages to find your lost love.",
    "header_img": "https://steamcdn-a.akamaihd.net/steam/apps/1014600/header.jpg?t=1552476461",
    "minimum_requirements": "OS: Microsoft® Windows® 7 and above Processor: 1.4GHz or faster should be more than enough Memory: 1 GB RAM Graphics: Integrated Graphics is all that is needed Storage: 2 GB available space Sound Card: Any and all function perfectly Additional Notes: Crash Landed does not have any special system requirements. It runs on a 9 year old potato laptop pretty well so you should be fine!",
    "recommended_requirements": null,
    "reviews": []
}