{
    "app_id": 1014570,
    "name": "AlienAfterlife",
    "release_date": "2019-02-11",
    "developer": [
        "Jeremy Couillard"
    ],
    "publisher": [
        "Jeremy Couillard"
    ],
    "platforms": [
        "windows"
    ],
    "required_age": 0,
    "categories": [
        "Single-player",
        "Full controller support"
    ],
    "genres": [
        "Action",
        "Adventure",
        "Casual"
    ],
    "tags": [
        "Action",
        "Adventure",
        "Casual"
    ],
    "achievements": 0,
    "positive_ratings": 9,
    "negative_ratings": 0,
    "price": 2.09,
    "description": "Aliens terrorists have stolen the machine to reincarnate you. Go get it back.",
    "header_img": "https://steamcdn-a.akamaihd.net/steam/apps/1014570/header.jpg?t=1549887366",
    "minimum_requirements": "OS: Windows 10 Processor: Dual Core 2.4Ghz Memory: 8 MB RAM Graphics: Nvidia GTX 750 or higher Storage: 1500 MB available space",
    "recommended_requirements": "OS: Windows 10 Processor: Quad Core 2.4Ghz Memory: 16 MB RAM Graphics: Nvidia GTX 780 Storage: 2 GB available space",
    "reviews": []
}