{
    "app_id": 1014370,
    "name": "Bouncing DVD : The Game",
    "release_date": "2019-02-10",
    "developer": [
        "RoomsforRockets"
    ],
    "publisher": [
        "RoomsforRockets"
    ],
    "platforms": [
        "windows"
    ],
    "required_age": 0,
    "categories": [
        "Single-player",
        "Steam Leaderboards"
    ],
    "genres": [
        "Casual",
        "Free to Play",
        "Indie"
    ],
    "tags": [
        "Free to Play",
        "Casual",
        "Indie"
    ],
    "achievements": 0,
    "positive_ratings": 83,
    "negative_ratings": 18,
    "price": 0.0,
    "description": "Hit the DVD into the corner. Can you beat the high score?",
    "header_img": "https://steamcdn-a.akamaihd.net/steam/apps/1014370/header.jpg?t=1549806358",
    "minimum_requirements": "OS: Windows 7 Processor: Intel(R) Celeron(R) CPU N3350 @ 1.10GHz Graphics: Intel(R) HD Graphics Storage: 700 MB available space Sound Card: Realtek High Definition Audio(SST)",
    "recommended_requirements": "OS: Windows 10 Processor: Intel(R) Celeron(R) CPU N3350 @ 1.10GHz Graphics: Intel(R) HD Graphics Storage: 1 GB available space Sound Card: Realtek High Definition Audio(SST)",
    "reviews": []
}