{
    "app_id": 1014140,
    "name": "Snakebird Primer",
    "release_date": "2019-02-20",
    "developer": [
        "Noumenon Games"
    ],
    "publisher": [
        "Noumenon Games"
    ],
    "platforms": [
        "windows",
        "mac",
        "linux"
    ],
    "required_age": 0,
    "categories": [
        "Single-player",
        "Steam Achievements",
        "Full controller support",
        "Steam Cloud"
    ],
    "genres": [
        "Casual",
        "Indie"
    ],
    "tags": [
        "Indie",
        "Casual",
        "Puzzle"
    ],
    "achievements": 12,
    "positive_ratings": 32,
    "negative_ratings": 1,
    "price": 5.79,
    "description": "The snakebirds are back, this time yellowbird joins the team on a more relaxed island with easier puzzles. A casual puzzle game for the entire family as well as a primer for the serious challenges of the original game.",
    "header_img": "https://steamcdn-a.akamaihd.net/steam/apps/1014140/header.jpg?t=1551103393",
    "minimum_requirements": "OS: Windows XP+ Processor: SSE2 instruction set support Memory: 1 GB RAM Graphics: Shader model 2 capable card DirectX: Version 9.0c Storage: 150 MB available space",
    "recommended_requirements": null,
    "reviews": []
}