{
    "app_id": 1014710,
    "name": "sCATter",
    "release_date": "2019-02-07",
    "developer": [
        "SEEDGAMES Co., Ltd."
    ],
    "publisher": [
        "SEEDGAMES Co., Ltd."
    ],
    "platforms": [
        "windows"
    ],
    "required_age": 0,
    "categories": [
        "Single-player",
        "Steam Achievements",
        "Steam Cloud"
    ],
    "genres": [
        "Action",
        "Casual",
        "Indie",
        "Early Access"
    ],
    "tags": [
        "Early Access",
        "Indie",
        "Casual"
    ],
    "achievements": 5,
    "positive_ratings": 11,
    "negative_ratings": 5,
    "price": 15.49,
    "description": "Welcome to the sCATter! This game is VR Gun shooting rhythm action game. Test your rhythm with music.",
    "header_img": "https://steamcdn-a.akamaihd.net/steam/apps/1014710/header.jpg?t=1552032417",
    "minimum_requirements": "Requires a 64-bit processor and operating system OS: Windows 10 (64-bit) Processor: Intel i5 (4th-gen) or AMD Ryzen 3 or equivalent Memory: 8 GB RAM Graphics: NVIDIA GTX 970 (AMD Radeon R9 290) or better. DirectX: Version 11 Storage: 2 GB available space Sound Card: DirectX compatible Additional Notes: Requires compatible VR Device",
    "recommended_requirements": "Requires a 64-bit processor and operating system OS: Windows 10 (64-bit) Processor: Intel i5 (7th-gen) or AMD Ryzen 5 equivalent Memory: 16 GB RAM Graphics: NVIDIA GTX 1060  / AMD Radeon RX 480 equivalent DirectX: Version 12 Storage: 3 GB available space Sound Card: DirectX compatible Additional Notes: Requires compatible VR Device.",
    "reviews": []
}