{
    "app_id": 1014880,
    "name": "By Moonlight",
    "release_date": "2019-02-19",
    "developer": [
        "SugarHyped"
    ],
    "publisher": [
        "SugarHyped"
    ],
    "platforms": [
        "windows",
        "mac"
    ],
    "required_age": 0,
    "categories": [
        "Single-player"
    ],
    "genres": [
        "Casual",
        "Free to Play",
        "Indie",
        "RPG",
        "Simulation",
        "Strategy"
    ],
    "tags": [
        "Free to Play",
        "Casual",
        "RPG"
    ],
    "achievements": 0,
    "positive_ratings": 62,
    "negative_ratings": 4,
    "price": 0.0,
    "description": "~ ~ A Comedic Mystery Visual Novel with Relationship Building ~ ~ Play as a paranormal investigator hired by the paranormal to investigate! Search for a headless horseman's missing head before the night is over.",
    "header_img": "https://steamcdn-a.akamaihd.net/steam/apps/1014880/header.jpg?t=1551343594",
    "minimum_requirements": "OS: Windows 8 Processor: Intel Core2 Duo 2G h z Memory: 2 GB RAM Graphics: 256MB VRAM Storage: 2000 MB available space Sound Card: Direct Sound",
    "recommended_requirements": null,
    "reviews": []
}