{
    "app_id": 1014620,
    "name": "Rollman",
    "release_date": "2019-02-08",
    "developer": [
        "Rollman team"
    ],
    "publisher": [
        "Rollman team"
    ],
    "platforms": [
        "windows"
    ],
    "required_age": 0,
    "categories": [
        "Single-player"
    ],
    "genres": [
        "Adventure",
        "Indie",
        "RPG"
    ],
    "tags": [
        "Adventure",
        "RPG",
        "Indie"
    ],
    "achievements": 0,
    "positive_ratings": 1,
    "negative_ratings": 2,
    "price": 0.79,
    "description": "Rollman it's adventure game with a turn-based fight system. You play as green, one-eyed penguin, with a pot on his head and wheels instead of feet. It only gets weirder later on.",
    "header_img": "https://steamcdn-a.akamaihd.net/steam/apps/1014620/header.jpg?t=1549613117",
    "minimum_requirements": "OS: Windows 7 Processor: Pentium 4 Memory: 512 GB RAM Storage: 60 MB available space",
    "recommended_requirements": null,
    "reviews": []
}