{
    "app_id": 1014740,
    "name": "Destroy_the_devil",
    "release_date": "2019-01-29",
    "developer": [
        "Xue yang"
    ],
    "publisher": [
        "Xue yang"
    ],
    "platforms": [
        "windows"
    ],
    "required_age": 0,
    "categories": [
        "Single-player"
    ],
    "genres": [
        "RPG"
    ],
    "tags": [
        "RPG",
        "RPGMaker"
    ],
    "achievements": 0,
    "positive_ratings": 2,
    "negative_ratings": 4,
    "price": 11.39,
    "description": "Brave call, different world tour, put on equipment, destroy monsters, defeat the devil",
    "header_img": "https://steamcdn-a.akamaihd.net/steam/apps/1014740/header.jpg?t=1548769211",
    "minimum_requirements": "OS: WindowsR 7/8/8.1/10 (32bit/64bit) Processor: Intel Core2 Duo or better Graphics: DirectX 9/OpenGL 4.1 capable GPU",
    "recommended_requirements": "Graphics: OpenGL ES 2.0 hardware driver support required for WebGL acceleration. (AMD Catalyst 10.9, nVidia 358.50), iOS 8.0, Android 4.4.4*",
    "reviews": []
}