{
    "app_id": 1014900,
    "name": "Hex Defense",
    "release_date": "2019-02-15",
    "developer": [
        "Sachonski"
    ],
    "publisher": [
        "Patagoniart"
    ],
    "platforms": [
        "windows"
    ],
    "required_age": 0,
    "categories": [
        "Single-player",
        "Steam Achievements",
        "Stats",
        "Steam Leaderboards"
    ],
    "genres": [
        "Action",
        "Casual",
        "Simulation",
        "Strategy"
    ],
    "tags": [
        "Action",
        "Casual",
        "Strategy"
    ],
    "achievements": 6,
    "positive_ratings": 9,
    "negative_ratings": 1,
    "price": 5.79,
    "description": "Hex Defense is a virtual reality tower defense game. Engage in combat defending your base in this inmersive tabletop world. Setup your defenses, manage and modify them according to the situation. There are 6 different biomes to defend, 9 turrets to access, 17 upgrades to be made, and more...",
    "header_img": "https://steamcdn-a.akamaihd.net/steam/apps/1014900/header.jpg?t=1551528832",
    "minimum_requirements": "OS: Windows 7 Processor: Intel i5 Memory: 4 GB RAM Graphics: GTX 970, AMD 290, or equivalent DirectX: Version 11 Storage: 2 GB available space Sound Card: Rec Req Soundcard for VR mode",
    "recommended_requirements": "OS: Windows 10 Processor: Intel i7 Memory: 8 GB RAM Graphics: GTX 1080, AMD 290, or equivalent DirectX: Version 11 Storage: 3 GB available space Sound Card: Rec Req Soundcard for VR mode",
    "reviews": []
}