{
    "app_id": 1014420,
    "name": "Blind Date",
    "release_date": "2019-02-13",
    "developer": [
        "Joshua Wilson",
        "Mentalpop"
    ],
    "publisher": [
        "Joshua Wilson"
    ],
    "platforms": [
        "windows"
    ],
    "required_age": 0,
    "categories": [
        "Single-player",
        "Steam Achievements"
    ],
    "genres": [
        "Casual",
        "Indie",
        "Simulation"
    ],
    "tags": [
        "Indie",
        "Casual",
        "Simulation"
    ],
    "achievements": 14,
    "positive_ratings": 11,
    "negative_ratings": 0,
    "price": 5.19,
    "description": "A dating game all about your conversational wits, a flurry of nerves and a universe of choices in between.",
    "header_img": "https://steamcdn-a.akamaihd.net/steam/apps/1014420/header.jpg?t=1550122178",
    "minimum_requirements": "OS: Windows 7",
    "recommended_requirements": "OS: Windows 7",
    "reviews": []
}