{
    "app_id": 1014450,
    "name": "Spacelair",
    "release_date": "2019-03-22",
    "developer": [
        "Espen-André Bodin"
    ],
    "publisher": [
        "Bodin Concept"
    ],
    "platforms": [
        "windows",
        "linux"
    ],
    "required_age": 0,
    "categories": [
        "Single-player"
    ],
    "genres": [
        "Adventure",
        "Casual",
        "Indie",
        "RPG",
        "Simulation"
    ],
    "tags": [
        "Casual",
        "Adventure",
        "RPG"
    ],
    "achievements": 0,
    "positive_ratings": 1,
    "negative_ratings": 1,
    "price": 1.99,
    "description": "Spacelair is a retro sidescroller arcade adventure with various gameplay challenges; health, air, food, work, education, energy, purchase buildings, mini-missions, greenhouses and without violence or shooting. Dive into the parallax future and discover your lair today!!",
    "header_img": "https://steamcdn-a.akamaihd.net/steam/apps/1014450/header.jpg?t=1553283232",
    "minimum_requirements": "Requires a 64-bit processor and operating system Memory: 512 MB RAM Storage: 68 MB available space",
    "recommended_requirements": "Requires a 64-bit processor and operating system Processor: 2.1GHz Memory: 2 GB RAM Graphics: 512MB",
    "reviews": []
}