{
    "app_id": 1014730,
    "name": "Cyndy",
    "release_date": "2019-01-31",
    "developer": [
        "DreamBig Games"
    ],
    "publisher": [
        "DreamBig Games"
    ],
    "platforms": [
        "windows"
    ],
    "required_age": 18,
    "categories": [
        "Single-player"
    ],
    "genres": [
        "Simulation",
        "Early Access"
    ],
    "tags": [
        "Early Access",
        "Nudity",
        "Sexual Content"
    ],
    "achievements": 21,
    "positive_ratings": 16,
    "negative_ratings": 6,
    "price": 2.99,
    "description": "Welcome to Cyndy, a porn adventure. The world of porn is on the change. With mainstream studios going down and the rise of Internet porn, now it's your chance to make a name for yourself in this world.",
    "header_img": "https://steamcdn-a.akamaihd.net/steam/apps/1014730/header.jpg?t=1548924568",
    "minimum_requirements": "OS: Windows 8.1 Processor: Dual Core Processor (i3 or equivalent) Memory: 4 GB RAM Graphics: 1GB of Video Ram DirectX: Version 10 Storage: 1500 MB available space",
    "recommended_requirements": "OS: Windows 8.1 or above Processor: Quad Core Processor (i5 or equivalent) Memory: 8 GB RAM Graphics: 2GB of Video Ram DirectX: Version 11 Storage: 1500 MB available space",
    "reviews": []
}