{
    "app_id": 1014270,
    "name": "Plaguepunk Justice",
    "release_date": "2019-04-11",
    "developer": [
        "Maris Ozols"
    ],
    "publisher": [
        "Maris Ozols"
    ],
    "platforms": [
        "windows"
    ],
    "required_age": 0,
    "categories": [
        "Single-player"
    ],
    "genres": [
        "Indie",
        "Strategy"
    ],
    "tags": [
        "Strategy",
        "Indie",
        "Stealth"
    ],
    "achievements": 0,
    "positive_ratings": 3,
    "negative_ratings": 0,
    "price": 6.99,
    "description": "Become a healer! Cure, don't kill! Turn zombies back to humans! Plaguepunk Justice is a turn-based tactical strategy with alchemy and randomly generated levels.",
    "header_img": "https://steamcdn-a.akamaihd.net/steam/apps/1014270/header.jpg?t=1555616208",
    "minimum_requirements": "OS: Windows 7 or up Processor: 1 GHz Memory: 512 MB RAM Graphics: 128 MB VRAM DirectX: Version 9.0 Storage: 50 MB available space",
    "recommended_requirements": null,
    "reviews": []
}