{
    "app_id": 1014930,
    "name": "Save the village chief",
    "release_date": "2019-01-30",
    "developer": [
        "buyaoguan"
    ],
    "publisher": [
        "buyaoguan"
    ],
    "platforms": [
        "windows"
    ],
    "required_age": 0,
    "categories": [
        "Single-player"
    ],
    "genres": [
        "RPG"
    ],
    "tags": [
        "RPG",
        "RPGMaker"
    ],
    "achievements": 0,
    "positive_ratings": 0,
    "negative_ratings": 3,
    "price": 15.49,
    "description": "Eliminate thieves, get money, buy equipment, learn magic, eliminate thieves’ heads, save the village head",
    "header_img": "https://steamcdn-a.akamaihd.net/steam/apps/1014930/header.jpg?t=1548850024",
    "minimum_requirements": "OS: WindowsR 7/8/8.1/10 (32bit/64bit) Processor: Intel Core2 Duo or better Graphics: DirectX 9/OpenGL 4.1 capable GPU",
    "recommended_requirements": "Graphics: OpenGL ES 2.0 hardware driver support required for WebGL acceleration. (AMD Catalyst 10.9, nVidia 358.50), iOS 8.0, Android 4.4.4*",
    "reviews": []
}