{
    "app_id": 1014890,
    "name": "Warforged",
    "release_date": "2019-04-03",
    "developer": [
        "Warforged"
    ],
    "publisher": [
        "Warforged"
    ],
    "platforms": [
        "windows"
    ],
    "required_age": 0,
    "categories": [
        "Single-player"
    ],
    "genres": [
        "Indie",
        "RPG",
        "Strategy",
        "Early Access"
    ],
    "tags": [
        "Early Access",
        "Strategy",
        "RPG"
    ],
    "achievements": 0,
    "positive_ratings": 3,
    "negative_ratings": 2,
    "price": 11.39,
    "description": "A fantasy sandbox RPG heavily inspired by Mount and Blade. Grow your skill with your choice of melee weapon, archery, or magic. Test yourself against powerful creatures. Upgrade your equipment, raise an army, then go to war with other factions and conquer their settlements.",
    "header_img": "https://steamcdn-a.akamaihd.net/steam/apps/1014890/header.jpg?t=1554629542",
    "minimum_requirements": "OS: Windows 7+ Processor: Intel(R) Core(TM) i5-4690k Memory: 6 GB RAM Graphics: NVIDIA GeForce GTX 950 Storage: 1 GB available space Sound Card: Any",
    "recommended_requirements": null,
    "reviews": []
}