{
    "app_id": 1014280,
    "name": "The Devil's Calculator",
    "release_date": "2019-02-18",
    "developer": [
        "Christopher Cinq-Mars Jarvis"
    ],
    "publisher": [
        "Cinq-Mars Media"
    ],
    "platforms": [
        "windows",
        "mac",
        "linux"
    ],
    "required_age": 0,
    "categories": [
        "Single-player"
    ],
    "genres": [
        "Casual",
        "Indie",
        "Strategy"
    ],
    "tags": [
        "Strategy",
        "Indie",
        "Casual"
    ],
    "achievements": 0,
    "positive_ratings": 15,
    "negative_ratings": 0,
    "price": 2.09,
    "description": "The Devil's Calculator is a new, non-profit math game by the creator of Synonymy that proves a sophisticated, challenging and educational indie puzzler for numberphiles and lovers of logic and brain teasers",
    "header_img": "https://steamcdn-a.akamaihd.net/steam/apps/1014280/header.jpg?t=1550501815",
    "minimum_requirements": "OS: Windows 7 and later Processor: An Intel Pentium 4 processor or later that's SSE2 capable. Memory: 512 MB RAM Storage: 320 MB available space",
    "recommended_requirements": null,
    "reviews": []
}