{
    "app_id": 1015530,
    "name": "Bonds of the Skies",
    "release_date": "2019-02-22",
    "developer": [
        "Hit-Point Co.,Ltd."
    ],
    "publisher": [
        "KEMCO"
    ],
    "platforms": [
        "windows"
    ],
    "required_age": 0,
    "categories": [
        "Single-player",
        "Partial Controller Support"
    ],
    "genres": [
        "RPG"
    ],
    "tags": [
        "RPG",
        "JRPG",
        "Anime"
    ],
    "achievements": 0,
    "positive_ratings": 2,
    "negative_ratings": 1,
    "price": 11.69,
    "description": "A fantasy RPG with a story of friendship between humans and gods! Eil and Nogard set off to look for the demon who cast the town into a sea of flames, and to find other Grimoas in order to put a stop to its violence!",
    "header_img": "https://steamcdn-a.akamaihd.net/steam/apps/1015530/header.jpg?t=1550822460",
    "minimum_requirements": "OS: Windows 7 and up Processor: Intel® Core™ i3 Memory: 4 GB RAM Graphics: 2GB VRAM Storage: 400 MB available space",
    "recommended_requirements": null,
    "reviews": []
}