{
    "app_id": 1015580,
    "name": "Jungle Z",
    "release_date": "2019-03-06",
    "developer": [
        "Rising Win Tech. CO., LTD"
    ],
    "publisher": [
        "Rising Win Tech. CO., LTD",
        "Digital Crafter"
    ],
    "platforms": [
        "windows"
    ],
    "required_age": 0,
    "categories": [
        "Single-player"
    ],
    "genres": [
        "Adventure"
    ],
    "tags": [
        "Adventure",
        "Zombies",
        "Survival"
    ],
    "achievements": 0,
    "positive_ratings": 2,
    "negative_ratings": 3,
    "price": 10.29,
    "description": "Jungle Z is a doomsday survival game",
    "header_img": "https://steamcdn-a.akamaihd.net/steam/apps/1015580/header.jpg?t=1555555301",
    "minimum_requirements": "OS: Windows7 Processor: Intel i5-6500 3.2 GHz Memory: 4 GB RAM Graphics: Intel® HD Graphics 530 DirectX: Version 11 Storage: 1 GB available space",
    "recommended_requirements": "OS: Windows10 Processor: Intel i7-6700 3.4 GHz Memory: 8 GB RAM DirectX: Version 11",
    "reviews": []
}