{
    "app_id": 1015480,
    "name": "DrumBeats VR",
    "release_date": "2019-02-01",
    "developer": [
        "Marcel Eissens",
        "VRROOM Ultimate VR Experiences BV"
    ],
    "publisher": [
        "The I Love Company BV"
    ],
    "platforms": [
        "windows"
    ],
    "required_age": 0,
    "categories": [
        "Single-player"
    ],
    "genres": [
        "Simulation",
        "Early Access"
    ],
    "tags": [
        "Early Access",
        "Simulation",
        "VR"
    ],
    "achievements": 0,
    "positive_ratings": 28,
    "negative_ratings": 14,
    "price": 7.19,
    "description": "DrumBeatsVR is a VR drumming music game. Players can drum to our songs that are custom made for this game. In DrumBeatsVR you can practice on different drum kits, including Metallica and The Rolling Stones and you can play in three different environments (more to be added later).",
    "header_img": "https://steamcdn-a.akamaihd.net/steam/apps/1015480/header.jpg?t=1554367711",
    "minimum_requirements": "Requires a 64-bit processor and operating system OS: Windows 7 or newer Processor: Intel Core i5-4590 or AMD FX 8350 (equivalent or better) Memory: 4 GB RAM Graphics: NVIDIA GTX 970 or AMD Radeon R9 290 (equivalent or better) DirectX: Version 9.0c Storage: 1 GB available space",
    "recommended_requirements": "Requires a 64-bit processor and operating system OS: Windows 7 or newer Processor: Intel Core i7-4590 or AMD FX 8350 (equivalent or better) Memory: 6 GB RAM Graphics: NVIDIA GTX 1070 or AMD Radeon R9 290 (equivalent or better) DirectX: Version 9.0c Storage: 2 GB available space",
    "reviews": []
}