{
    "app_id": 1015820,
    "name": "Deadly Kingdom",
    "release_date": "2019-02-28",
    "developer": [
        "Electrical Eagle"
    ],
    "publisher": [
        "Electrical Eagle"
    ],
    "platforms": [
        "windows",
        "mac",
        "linux"
    ],
    "required_age": 0,
    "categories": [
        "Single-player",
        "Full controller support"
    ],
    "genres": [
        "Action",
        "Adventure",
        "Indie",
        "Strategy"
    ],
    "tags": [
        "Action",
        "Indie",
        "Adventure"
    ],
    "achievements": 0,
    "positive_ratings": 2,
    "negative_ratings": 0,
    "price": 27.79,
    "description": "Welcome to Deadly Kingdom, the ultimate medieval experience you always wanted. You play the role of Sir Gareth, a lord commander appointed by the king to protect the land. The kingdom was once ruled by a very powerful king and his guards had a mission, to protect the red crystal.",
    "header_img": "https://steamcdn-a.akamaihd.net/steam/apps/1015820/header.jpg?t=1551614081",
    "minimum_requirements": "OS: Windows 7, 8, 10 Processor: Intel® Core™ i5-2500 @3.3 GHz / AMD FX-8320 @3.5 GHz Memory: 6 GB RAM DirectX: Version 11 Storage: 10 GB available space",
    "recommended_requirements": "OS: Windows 7, 8, 10 Processor: Intel® Core™ i5-4670K @3.4 GHz / AMD FX-8350 @4.0 GHz Memory: 8 GB RAM DirectX: Version 12 Storage: 11 GB available space",
    "reviews": []
}