{
    "app_id": 1015240,
    "name": "The Expedition",
    "release_date": "2019-02-15",
    "developer": [
        "Life Jumb DT",
        "MyDreamForever"
    ],
    "publisher": [
        "Life Jumb DT"
    ],
    "platforms": [
        "windows"
    ],
    "required_age": 0,
    "categories": [
        "Single-player"
    ],
    "genres": [
        "Indie",
        "RPG",
        "Strategy"
    ],
    "tags": [
        "RPG",
        "Indie",
        "Strategy"
    ],
    "achievements": 0,
    "positive_ratings": 2,
    "negative_ratings": 5,
    "price": 0.79,
    "description": "The Expedition is a turn-based tactical game with an oppressive atmosphere of underground immersion.",
    "header_img": "https://steamcdn-a.akamaihd.net/steam/apps/1015240/header.jpg?t=1550242091",
    "minimum_requirements": "OS: Windows XP/7/8/10 Processor: 1.6 GHz Memory: 512 MB RAM Graphics: Integrated Graphics",
    "recommended_requirements": null,
    "reviews": []
}