{
    "app_id": 1015470,
    "name": "Need for Spirit: Off-Road Edition",
    "release_date": "2019-03-07",
    "developer": [
        "Atomic Fabrik",
        "Cristian Manolachi"
    ],
    "publisher": [
        "Atomic Fabrik",
        "Cristian Manolachi"
    ],
    "platforms": [
        "windows"
    ],
    "required_age": 0,
    "categories": [
        "Single-player",
        "Partial Controller Support"
    ],
    "genres": [
        "Adventure",
        "Casual",
        "Indie",
        "Racing",
        "Simulation",
        "Sports"
    ],
    "tags": [
        "Casual",
        "Racing",
        "Indie"
    ],
    "achievements": 0,
    "positive_ratings": 1,
    "negative_ratings": 3,
    "price": 1.69,
    "description": "Transporting contraband (the good ol’ booze and cigs) across difficult terrain, has never looked or felt more captivating. Forget about rusty pickup trucks and jeeps. What better way to deter the border patrol than transporting your high-risk wares with a freaking tank?",
    "header_img": "https://steamcdn-a.akamaihd.net/steam/apps/1015470/header.jpg?t=1551968106",
    "minimum_requirements": "OS: Windows 7 x64 Processor: Intel Dual Core Memory: 2 GB RAM Graphics: Intel HD graphics Storage: 1 GB available space",
    "recommended_requirements": "OS: Windows 10 x64 Processor: Intel i5 Memory: 4 GB RAM Graphics: GTX 660 Storage: 1 GB available space",
    "reviews": []
}