{
    "app_id": 1015660,
    "name": "Hentai Shooter 2: World Tour",
    "release_date": "2019-03-23",
    "developer": [
        "КиКо"
    ],
    "publisher": [
        "КиКо"
    ],
    "platforms": [
        "windows"
    ],
    "required_age": 0,
    "categories": [
        "Single-player"
    ],
    "genres": [
        "Action"
    ],
    "tags": [
        "Action",
        "Sexual Content",
        "Anime"
    ],
    "achievements": 0,
    "positive_ratings": 25,
    "negative_ratings": 4,
    "price": 0.79,
    "description": "Next chapter in a well-known shooter with hot alien beauties and exotic weapons. Our hero Seranul once again goes on a world tour to free the Earth from the invasion of evil men haters!",
    "header_img": "https://steamcdn-a.akamaihd.net/steam/apps/1015660/header.jpg?t=1553507029",
    "minimum_requirements": "OS: Microsoft Windows Processor: Intel Pentium III 800 MHz Memory: 512 MB RAM Graphics: DirectX or OpenGL compatible card Storage: 200 MB available space",
    "recommended_requirements": null,
    "reviews": []
}