{
    "app_id": 1015710,
    "name": "Holy Road",
    "release_date": "2019-04-11",
    "developer": [
        "peperoncino"
    ],
    "publisher": [
        "Kagura Games"
    ],
    "platforms": [
        "windows"
    ],
    "required_age": 0,
    "categories": [
        "Single-player"
    ],
    "genres": [
        "Indie",
        "Simulation"
    ],
    "tags": [
        "Indie",
        "Nudity",
        "Sexual Content"
    ],
    "achievements": 0,
    "positive_ratings": 85,
    "negative_ratings": 32,
    "price": 15.49,
    "description": "Protect your domain, develop and grow it, all while gaining wealth and power! Economically destroy everyone that stands in your way! Regain what was once yours and get your revenge in Holy Road!",
    "header_img": "https://steamcdn-a.akamaihd.net/steam/apps/1015710/header.jpg?t=1555041613",
    "minimum_requirements": "OS: Windows® 7/8/8.1/10 Processor: Intel Core2 Duo or better Memory: 4 GB RAM Graphics: DirectX 9/OpenGL 4.1 capable GPU DirectX: Version 9.0 Storage: 2 GB available space Additional Notes: 1280x768 or better Display.  Lag may occur from loading menus or maps.  Turn off other programs before running the game.",
    "recommended_requirements": "OS: Windows® 7/8/8.1/10 Processor: 2+ GHz Processor Memory: 4 GB RAM Graphics: OpenGL ES 2.0 hardware driver support required for WebGL acceleration. (AMD Catalyst 10.9, nVidia 358.50) DirectX: Version 9.0 Storage: 2 GB available space Additional Notes: 1280x768 or better Display.  Lag may occur from loading menus or maps.  Turn off other programs before running the game.",
    "reviews": []
}