{
    "app_id": 1015700,
    "name": "Land Of The Void",
    "release_date": "2019-03-05",
    "developer": [
        "GQJoy Information Technology Co.Ltd"
    ],
    "publisher": [
        "GQJoy Information Technology Co.Ltd"
    ],
    "platforms": [
        "windows"
    ],
    "required_age": 0,
    "categories": [
        "Single-player",
        "Full controller support"
    ],
    "genres": [
        "Adventure",
        "Indie",
        "Early Access"
    ],
    "tags": [
        "Early Access",
        "Indie",
        "Adventure"
    ],
    "achievements": 15,
    "positive_ratings": 35,
    "negative_ratings": 11,
    "price": 5.19,
    "description": "Land Of The Void is Roguelike STG game, combined with dungeon exploration. You need to think about the battle strategy of STG &amp; rune integration, in the meanwhile recruiting teammates, exploring the dungeon to obtain equipment and items, completing tasks and accumulating resources.",
    "header_img": "https://steamcdn-a.akamaihd.net/steam/apps/1015700/header.jpg?t=1552097122",
    "minimum_requirements": "OS: windows 7/Windows 8/Windows 10 Processor: 2.0GHz Memory: 4 GB RAM Graphics: NVIDIA GeForce GTX 650 DirectX: Version 11 Storage: 5 GB available space",
    "recommended_requirements": "OS: Windows 10 Processor: 2.5GHz Memory: 8 GB RAM Graphics: NVIDIA GeForce GTX 960 DirectX: Version 11 Storage: 5 GB available space",
    "reviews": []
}