{
    "app_id": 1015250,
    "name": "Caramel Port",
    "release_date": "2019-02-16",
    "developer": [
        "MyDreamForever_Old",
        "Life Jumb DT"
    ],
    "publisher": [
        "MyDreamForever_Old"
    ],
    "platforms": [
        "windows"
    ],
    "required_age": 0,
    "categories": [
        "Single-player"
    ],
    "genres": [
        "Casual",
        "Indie",
        "Strategy"
    ],
    "tags": [
        "Casual",
        "Strategy",
        "Indie"
    ],
    "achievements": 0,
    "positive_ratings": 4,
    "negative_ratings": 1,
    "price": 0.79,
    "description": "Sea strategy with elements of Tower Defense. Protect the Сaramel castle from the attacks of pirates. Get resources and build ships, improve your buildings and create new ones.",
    "header_img": "https://steamcdn-a.akamaihd.net/steam/apps/1015250/header.jpg?t=1550327531",
    "minimum_requirements": "OS: Windows XP/7/8/10 Processor: 1.6 GHz Memory: 512 MB RAM Graphics: Integrated Graphics Storage: 170 MB available space Sound Card: Integrated Audio",
    "recommended_requirements": null,
    "reviews": []
}