{
    "app_id": 1015540,
    "name": "Sephirothic Stories",
    "release_date": "2019-03-14",
    "developer": [
        "Exe Create Inc."
    ],
    "publisher": [
        "KEMCO"
    ],
    "platforms": [
        "windows"
    ],
    "required_age": 0,
    "categories": [
        "Single-player",
        "Partial Controller Support"
    ],
    "genres": [
        "RPG"
    ],
    "tags": [
        "RPG",
        "JRPG"
    ],
    "achievements": 0,
    "positive_ratings": 2,
    "negative_ratings": 0,
    "price": 13.49,
    "description": "When the world tree begins to wane, what will become of the balance of the world? Discover the truth behind the world tree's waning power in a fantasy RPG! Navigate trap-filled dungeons using only your mind and wit to conquer challenging puzzles!",
    "header_img": "https://steamcdn-a.akamaihd.net/steam/apps/1015540/header.jpg?t=1553048043",
    "minimum_requirements": "OS: Windows 7 and up Processor: Intel® Core™ i5 Memory: 8 GB RAM Graphics: 4GB VRAM Storage: 600 MB available space",
    "recommended_requirements": null,
    "reviews": []
}