{
    "app_id": 1015350,
    "name": "Your Home",
    "release_date": "2019-02-27",
    "developer": [
        "BrainStorming Team"
    ],
    "publisher": [
        "КиКо"
    ],
    "platforms": [
        "windows"
    ],
    "required_age": 0,
    "categories": [
        "Single-player"
    ],
    "genres": [
        "Casual",
        "Indie"
    ],
    "tags": [
        "Indie",
        "Casual",
        "Horror"
    ],
    "achievements": 0,
    "positive_ratings": 15,
    "negative_ratings": 4,
    "price": 0.79,
    "description": "This game originally participate on Global Game Jam 2019! This is a story of the man, which return home from the hard work, just to find out what his home, become a deadly trap. And to get out, you need to play some game with a bloody maniac.",
    "header_img": "https://steamcdn-a.akamaihd.net/steam/apps/1015350/header.jpg?t=1551254991",
    "minimum_requirements": "OS: Microsoft Windows Processor: Intel Celeron 2000 MHz Memory: 2 GB RAM Graphics: DirectX 9 aviable card Storage: 512 MB available space",
    "recommended_requirements": null,
    "reviews": []
}