{
    "app_id": 1015430,
    "name": "The Dead Tree of Ranchiuna",
    "release_date": "2019-02-14",
    "developer": [
        "Tonguç Bodur"
    ],
    "publisher": [
        "Tonguç Bodur"
    ],
    "platforms": [
        "windows"
    ],
    "required_age": 0,
    "categories": [
        "Single-player",
        "Steam Achievements",
        "Full controller support",
        "Steam Cloud"
    ],
    "genres": [
        "Adventure",
        "Indie"
    ],
    "tags": [
        "Adventure",
        "Indie",
        "Exploration"
    ],
    "achievements": 10,
    "positive_ratings": 17,
    "negative_ratings": 3,
    "price": 5.79,
    "description": "The Dead Tree of Ranchiuna makes us question how unfair society can be both in a direct and realistic manner and with the power of fantasy elements.",
    "header_img": "https://steamcdn-a.akamaihd.net/steam/apps/1015430/header.jpg?t=1555398505",
    "minimum_requirements": "Requires a 64-bit processor and operating system OS: Windows 7 or higher 64-bit Processor: Intel Core 2 Duo 2GHz, AMD Athlon 64 X2 2GHz Memory: 8 GB RAM Graphics: NVIDIA GT 750 Ti 2 GB or AMD RADEON HD 7850 2 GB DirectX: Version 10 Storage: 14 GB available space Sound Card: DirectX compatible Sound Card with latest drivers",
    "recommended_requirements": "Requires a 64-bit processor and operating system OS: Windows 7 or higher 64-bit Processor: Quad-core Intel or AMD processor, 2.5 GHz or faster Memory: 8 GB RAM Graphics: NVIDIA GTX 970 or AMD RADEON R9 390X DirectX: Version 11 Storage: 14 GB available space Sound Card: DirectX compatible Sound Card with latest drivers Additional Notes: SSD and headphones are recommended.",
    "reviews": []
}