{
    "app_id": 1016630,
    "name": "Drag Star!",
    "release_date": "2019-03-14",
    "developer": [
        "Choice of Games"
    ],
    "publisher": [
        "Choice of Games"
    ],
    "platforms": [
        "windows",
        "mac",
        "linux"
    ],
    "required_age": 0,
    "categories": [
        "Single-player",
        "Steam Achievements",
        "Captions available",
        "Steam Cloud"
    ],
    "genres": [
        "Adventure",
        "Indie",
        "RPG"
    ],
    "tags": [
        "Adventure",
        "Indie",
        "RPG"
    ],
    "achievements": 18,
    "positive_ratings": 8,
    "negative_ratings": 0,
    "price": 3.99,
    "description": "Get ready, honey! You're a contestant on Drag Star!, the reality TV drag competition. You better throw shade, serve looks, and slay each episode to become the next drag icon!",
    "header_img": "https://steamcdn-a.akamaihd.net/steam/apps/1016630/header.jpg?t=1552581365",
    "minimum_requirements": "OS: Windows 7",
    "recommended_requirements": null,
    "reviews": []
}