{
    "app_id": 1016330,
    "name": "Bot War",
    "release_date": "2019-02-25",
    "developer": [
        "James Richardson"
    ],
    "publisher": [
        "James Richardson"
    ],
    "platforms": [
        "windows",
        "mac",
        "linux"
    ],
    "required_age": 0,
    "categories": [
        "Single-player"
    ],
    "genres": [
        "Action",
        "Indie"
    ],
    "tags": [
        "Indie",
        "Action",
        "Violent"
    ],
    "achievements": 0,
    "positive_ratings": 2,
    "negative_ratings": 0,
    "price": 5.19,
    "description": "Bot War is a single-player FPS played between three teams. The game contains many features not found in other games, such as a spherical planet, innovative player controls, a sophisticated energy system, bullets you can see and hear as they fly through the air, and AI that can be rewritten.",
    "header_img": "https://steamcdn-a.akamaihd.net/steam/apps/1016330/header.jpg?t=1551087026",
    "minimum_requirements": "OS: Windows Vista Processor: Intel Core i7-920 Graphics: NVIDIA GeForce GT 710 Storage: 258 MB available space Additional Notes: Java 8",
    "recommended_requirements": null,
    "reviews": []
}