{
    "app_id": 1016970,
    "name": "Ellen and the Degenerates RPG",
    "release_date": "2019-02-07",
    "developer": [
        "John Shields",
        "Humdinger Games"
    ],
    "publisher": [
        "Humdinger Games"
    ],
    "platforms": [
        "windows",
        "mac"
    ],
    "required_age": 0,
    "categories": [
        "Single-player",
        "Captions available",
        "Partial Controller Support"
    ],
    "genres": [
        "Action",
        "Adventure",
        "Casual",
        "Free to Play",
        "Indie",
        "RPG",
        "Strategy"
    ],
    "tags": [
        "Free to Play",
        "Casual",
        "Action"
    ],
    "achievements": 0,
    "positive_ratings": 11,
    "negative_ratings": 7,
    "price": 0.0,
    "description": "A wonderfully ramshackle game about a rock and roll band and their stolen equipment.",
    "header_img": "https://steamcdn-a.akamaihd.net/steam/apps/1016970/header.jpg?t=1550942021",
    "minimum_requirements": "OS: Windows 7 or Newer Processor: Any Graphics: Any Storage: 325 MB available space Sound Card: Any",
    "recommended_requirements": null,
    "reviews": []
}