{
    "app_id": 1016020,
    "name": "Gladiators: Ludus Manager",
    "release_date": "2019-03-25",
    "developer": [
        "Marlene De Souza Santos"
    ],
    "publisher": [
        "Marlene De Souza Santos"
    ],
    "platforms": [
        "windows"
    ],
    "required_age": 0,
    "categories": [
        "Single-player",
        "Steam Achievements"
    ],
    "genres": [
        "RPG",
        "Simulation"
    ],
    "tags": [
        "Simulation",
        "RPG",
        "RPGMaker"
    ],
    "achievements": 12,
    "positive_ratings": 8,
    "negative_ratings": 3,
    "price": 3.99,
    "description": "In Ludus Manager you will be managing a Ludus. Believe it or not that's not an easy task, feeding your gladiators and keeping them alive in battle requires effort. In this game you will be playing as Fabius Festus, a Lanista, someone whose job is to manage a Ludus. Buying Slaves, Selling Them, hiring Doctors is all part of the Management.",
    "header_img": "https://steamcdn-a.akamaihd.net/steam/apps/1016020/header.jpg?t=1553532261",
    "minimum_requirements": "OS: Windows 64 bits Processor: Intel core duo Graphics: 2gb Storage: 2 GB available space",
    "recommended_requirements": null,
    "reviews": []
}