{
    "app_id": 1016100,
    "name": "3rd Invasion - Zombies vs. Steel",
    "release_date": "2019-02-28",
    "developer": [
        "Jesper Skjærbæk"
    ],
    "publisher": [
        "Jesper Skjærbæk"
    ],
    "platforms": [
        "windows"
    ],
    "required_age": 0,
    "categories": [
        "Single-player",
        "Steam Achievements",
        "Steam Leaderboards"
    ],
    "genres": [
        "Indie",
        "Strategy"
    ],
    "tags": [
        "Strategy",
        "Indie",
        "Zombies"
    ],
    "achievements": 17,
    "positive_ratings": 1,
    "negative_ratings": 1,
    "price": 7.19,
    "description": "Have You ever Want to be a General.? Here and now, You Can become the Battlefield General. Imagine building your own Unique Armies and Controlling the way they attack.",
    "header_img": "https://steamcdn-a.akamaihd.net/steam/apps/1016100/header.jpg?t=1554357175",
    "minimum_requirements": "OS: 8 Processor: Yes Memory: 1 GB RAM Graphics: Some DirectX: Version 10 Storage: 300 MB available space Sound Card: Yes",
    "recommended_requirements": null,
    "reviews": []
}