{
    "app_id": 1016420,
    "name": "Tenebrous Dungeon",
    "release_date": "2019-02-27",
    "developer": [
        "Apathus Software"
    ],
    "publisher": [
        "Apathus Software"
    ],
    "platforms": [
        "windows"
    ],
    "required_age": 0,
    "categories": [
        "Single-player",
        "Steam Achievements",
        "Partial Controller Support",
        "Steam Cloud"
    ],
    "genres": [
        "Action",
        "Indie",
        "RPG"
    ],
    "tags": [
        "Action",
        "Indie",
        "RPG"
    ],
    "achievements": 20,
    "positive_ratings": 5,
    "negative_ratings": 1,
    "price": 4.79,
    "description": "As a war brews over the secession of the Tenebrous Highlands from the Kingdom of Gnarmania, you alone must infiltrate the dungeons of Tenebrous Keep and stop a rebel lord from tearing the kingdom apart.",
    "header_img": "https://steamcdn-a.akamaihd.net/steam/apps/1016420/header.jpg?t=1554430818",
    "minimum_requirements": "OS: Windows® 7 (Service Pack 1) Processor: Dual-core CPU @ 2.4 GHz Memory: 2 GB RAM Graphics: Integrated graphics or graphics card with 512 MB of dedicated VRAM DirectX: Version 9.0c Storage: 100 MB available space",
    "recommended_requirements": "OS: Windows® 10 Processor: Quad-core CPU Memory: 4 GB RAM Graphics: Dedicated graphics card with 1 GB of VRAM DirectX: Version 11 Storage: 100 MB available space",
    "reviews": []
}