{
    "app_id": 1016610,
    "name": "Four-color Fantasy",
    "release_date": "2019-03-14",
    "developer": [
        "YEMA GAME"
    ],
    "publisher": [
        "YEMA GAME"
    ],
    "platforms": [
        "windows"
    ],
    "required_age": 0,
    "categories": [
        "Single-player",
        "Steam Achievements",
        "Partial Controller Support",
        "Steam Cloud"
    ],
    "genres": [
        "Casual",
        "Indie",
        "Strategy"
    ],
    "tags": [
        "Casual",
        "Sexual Content",
        "Indie"
    ],
    "achievements": 60,
    "positive_ratings": 1,
    "negative_ratings": 6,
    "price": 3.99,
    "description": "X-rated Tile-matching  game are coming, enjoy it!",
    "header_img": "https://steamcdn-a.akamaihd.net/steam/apps/1016610/header.jpg?t=1552620904",
    "minimum_requirements": "OS: Windows XP/Vista/7/8/10 Processor: 2 Ghz Dual Core Memory: 1 GB RAM Graphics: graphics card supporting DirectX 9 DirectX: Version 9.0c Storage: 200 MB available space Sound Card: Any",
    "recommended_requirements": "OS: Windows XP/Vista/7/8/10 Processor: 4 Ghz Dual Core Memory: 4 GB RAM Graphics: graphics card supporting DirectX 11 DirectX: Version 11 Storage: 200 MB available space Sound Card: Any",
    "reviews": []
}