{
    "app_id": 1016010,
    "name": "W4RR-i/o-RS: Descent",
    "release_date": "2019-02-20",
    "developer": [
        "Xeneder"
    ],
    "publisher": [
        "Xitilon"
    ],
    "platforms": [
        "windows"
    ],
    "required_age": 0,
    "categories": [
        "Single-player"
    ],
    "genres": [
        "Indie",
        "Simulation"
    ],
    "tags": [
        "Indie",
        "Simulation"
    ],
    "achievements": 19,
    "positive_ratings": 1,
    "negative_ratings": 2,
    "price": 1.69,
    "description": "Mini JRPG-like battles with a console interface.",
    "header_img": "https://steamcdn-a.akamaihd.net/steam/apps/1016010/header.jpg?t=1551136175",
    "minimum_requirements": "OS: Windows 98 Processor: Intel 80386 / AMD Am386 or higher processor Memory: 1 MB RAM Graphics: 16-color CGA/MDA 80x25 text mode enabled or better Storage: 1 MB available space Sound Card: PC Speaker (not required)",
    "recommended_requirements": null,
    "reviews": []
}