{
    "app_id": 1016350,
    "name": "Land of Dread",
    "release_date": "2019-02-01",
    "developer": [
        "FailoutGames"
    ],
    "publisher": [
        "FailoutGames"
    ],
    "platforms": [
        "windows"
    ],
    "required_age": 0,
    "categories": [
        "Single-player",
        "Steam Achievements"
    ],
    "genres": [
        "Casual",
        "Indie",
        "RPG",
        "Simulation",
        "Strategy"
    ],
    "tags": [
        "Casual",
        "Strategy",
        "RPG"
    ],
    "achievements": 12,
    "positive_ratings": 2,
    "negative_ratings": 0,
    "price": 0.79,
    "description": "Land of Dread is an isometric colony simulator with an emphasis on gathering resources, building resource-generating structures, and fighting hostile demons. Upgrade existing structures, assign jobs to colonists, and invest gold into resource imports.",
    "header_img": "https://steamcdn-a.akamaihd.net/steam/apps/1016350/header.jpg?t=1554430287",
    "minimum_requirements": "OS: Windows 7, Windows 8.1, Windows 10 Processor: 1.6 GHz Memory: 4 GB RAM Graphics: Any DirectX: Version 9.0 Storage: 200 MB available space",
    "recommended_requirements": "OS: Windows 7, Windows 8.1, Windows 10 Processor: 2.0GHz + Memory: 4 GB RAM Graphics: Any DirectX: Version 9.0 Storage: 200 MB available space",
    "reviews": []
}