{
    "app_id": 1016690,
    "name": "DUST-UP",
    "release_date": "2019-02-22",
    "developer": [
        "SergeyDo"
    ],
    "publisher": [
        "SergeyDo"
    ],
    "platforms": [
        "windows"
    ],
    "required_age": 0,
    "categories": [
        "Single-player",
        "Local Multi-Player",
        "Shared/Split Screen",
        "Partial Controller Support"
    ],
    "genres": [
        "Action",
        "Indie",
        "Simulation",
        "Sports",
        "Early Access"
    ],
    "tags": [
        "Early Access",
        "Action",
        "Indie"
    ],
    "achievements": 0,
    "positive_ratings": 3,
    "negative_ratings": 1,
    "price": 6.99,
    "description": "Experience the craziest tournament with different physics-based animated fighters! The dust-up will start soon.",
    "header_img": "https://steamcdn-a.akamaihd.net/steam/apps/1016690/header.jpg?t=1552038901",
    "minimum_requirements": "最低配置: 操作系统: Windows 7 x64 处理器: Intel Core i3-3240 内存: 1024 MB RAM 图形: NVIDIA GeForce GTX650 / AMD analog card or higher 附注事项: 250 Mb HDD free space",
    "recommended_requirements": null,
    "reviews": []
}