{
    "app_id": 1016890,
    "name": "Arch Drift",
    "release_date": "2019-02-06",
    "developer": [
        "Bemami"
    ],
    "publisher": [
        "Bemami"
    ],
    "platforms": [
        "windows"
    ],
    "required_age": 0,
    "categories": [
        "Single-player"
    ],
    "genres": [
        "Action",
        "Adventure",
        "Indie"
    ],
    "tags": [
        "Action",
        "Indie",
        "Adventure"
    ],
    "achievements": 0,
    "positive_ratings": 1,
    "negative_ratings": 0,
    "price": 7.19,
    "description": "Dive into the depths of the newest interARCHEOLOGICAL dungeon crawler. Made within a small year by 4 students for a school project.",
    "header_img": "https://steamcdn-a.akamaihd.net/steam/apps/1016890/header.jpg?t=1549523046",
    "minimum_requirements": "OS: Windows 7 Processor: Intel i4 Memory: 4 GB RAM Graphics: Any graphics card Storage: 25 MB available space Sound Card: Any sound card",
    "recommended_requirements": null,
    "reviews": []
}