{
    "app_id": 1016850,
    "name": "The Enthralling Realms: An Alchemist's Tale",
    "release_date": "2019-02-01",
    "developer": [
        "e-FunSoft Games"
    ],
    "publisher": [
        "HH-Games"
    ],
    "platforms": [
        "windows"
    ],
    "required_age": 0,
    "categories": [
        "Single-player"
    ],
    "genres": [
        "Casual"
    ],
    "tags": [
        "Casual",
        "Match 3"
    ],
    "achievements": 0,
    "positive_ratings": 3,
    "negative_ratings": 0,
    "price": 3.99,
    "description": "Challenging fantasy match-3 game! Help two friends become powerful alchemists. Solve 50 challenging match3 levels!",
    "header_img": "https://steamcdn-a.akamaihd.net/steam/apps/1016850/header.jpg?t=1555940204",
    "minimum_requirements": "Минимальные: ОС: Windows XP/ME/Vista/7/8/10 Процессор: 1.0GHz CPU Видеокарта: 128MB DirectX: Версии 9.0 Место на диске: 800 MB Звуковая карта: DirectX compatible sound card",
    "recommended_requirements": "Рекомендованные: ОС: Windows 7 / 8 / 8.1 / 10 Процессор: 1.2GHz CPU Видеокарта: 128 MB DirectX: Версии 9.0 Место на диске: 800 MB Звуковая карта: DirectX compatible sound card",
    "reviews": []
}