{
    "app_id": 1016730,
    "name": "Deck of Ashes",
    "release_date": "2019-04-11",
    "developer": [
        "AYGames"
    ],
    "publisher": [
        "AYGames",
        "WhisperGames"
    ],
    "platforms": [
        "windows"
    ],
    "required_age": 0,
    "categories": [
        "Single-player",
        "Steam Achievements",
        "Steam Trading Cards",
        "Steam Cloud"
    ],
    "genres": [
        "Adventure",
        "Indie",
        "RPG",
        "Strategy",
        "Early Access"
    ],
    "tags": [
        "Early Access",
        "Card Game",
        "Indie"
    ],
    "achievements": 45,
    "positive_ratings": 203,
    "negative_ratings": 34,
    "price": 11.39,
    "description": "Deck of Ashes is an adventure game with tactical card combat. One character at a time, lead the cast of antiheroes on a quest for redemption. Explore the cursed fantasy world and hunt down powerful cards. Forge a unique Battle Deck, and crush your foes! Can you rid the world of the Ash Curse?",
    "header_img": "https://steamcdn-a.akamaihd.net/steam/apps/1016730/header.jpg?t=1556529007",
    "minimum_requirements": "OS: Windows 7, 8, 10 Processor: 2.0 Ghz Memory: 2 GB RAM Graphics: 512 Mb capable of OpenGL 2.0+ support Storage: 5 GB available space",
    "recommended_requirements": null,
    "reviews": []
}