{
    "app_id": 1016250,
    "name": "100$",
    "release_date": "2019-02-01",
    "developer": [
        "КиКо"
    ],
    "publisher": [
        "КиКо"
    ],
    "platforms": [
        "windows"
    ],
    "required_age": 0,
    "categories": [
        "Single-player",
        "Steam Achievements"
    ],
    "genres": [
        "Indie"
    ],
    "tags": [
        "Indie"
    ],
    "achievements": 100,
    "positive_ratings": 26,
    "negative_ratings": 3,
    "price": 0.79,
    "description": "Money rules the world! This is a casual puzzle for all who loves to get his wallet full of cash. Embark on an unforgettable journey to parallel worlds - to regain the most important thing in the modern world - money.",
    "header_img": "https://steamcdn-a.akamaihd.net/steam/apps/1016250/header.jpg?t=1552937479",
    "minimum_requirements": "OS: Windows 7 (x64) Processor: Intel Celeron 2000 MHz Memory: 2 GB RAM Graphics: DirectX 11 aviable Storage: 500 MB available space",
    "recommended_requirements": null,
    "reviews": []
}