{
    "app_id": 1016740,
    "name": "God Monster",
    "release_date": "2019-02-06",
    "developer": [
        "God Workshop"
    ],
    "publisher": [
        "God Workshop"
    ],
    "platforms": [
        "windows"
    ],
    "required_age": 0,
    "categories": [
        "Single-player",
        "Multi-player",
        "In-App Purchases"
    ],
    "genres": [
        "Action",
        "RPG"
    ],
    "tags": [
        "Action",
        "RPG"
    ],
    "achievements": 0,
    "positive_ratings": 1,
    "negative_ratings": 4,
    "price": 3.02,
    "description": "《God Monster》 is a unique aesthetic 3d Xianxia game! The perfect combination of real-time competition and turn-based system!",
    "header_img": "https://steamcdn-a.akamaihd.net/steam/apps/1016740/header.jpg?t=1549496446",
    "minimum_requirements": "OS: Windows 7 or Newer Processor: 2.0 GHz Dual core Memory: 2048 MB RAM Graphics: Intel Graphics HD 4000 or Nvidia GT 620 Network: Broadband Internet connection Storage: 2048 MB available space",
    "recommended_requirements": "OS: Windows 7 or Newer Processor: 2.0 GHz Dual core Memory: 2048 MB RAM Graphics: Intel Graphics HD 4000 or Nvidia GT 620 Network: Broadband Internet connection Storage: 2048 MB available space",
    "reviews": []
}