{
    "app_id": 1017800,
    "name": "AirShock",
    "release_date": "2019-02-24",
    "developer": [
        "UA Games"
    ],
    "publisher": [
        "NEBOCRY INTERACTIVE"
    ],
    "platforms": [
        "windows"
    ],
    "required_age": 0,
    "categories": [
        "Single-player",
        "Co-op",
        "Shared/Split Screen",
        "Steam Achievements"
    ],
    "genres": [
        "Action",
        "Indie",
        "Strategy"
    ],
    "tags": [
        "Action",
        "Strategy",
        "Indie"
    ],
    "achievements": 9,
    "positive_ratings": 1,
    "negative_ratings": 1,
    "price": 2.09,
    "description": "AirShock is from a combat helicopter pilot to the US Army General. Take part in the Middle East War on International Terrorism.",
    "header_img": "https://steamcdn-a.akamaihd.net/steam/apps/1017800/header.jpg?t=1552134642",
    "minimum_requirements": "OS: Windows 7 Processor: QuadCore Intel Pentium 2.1 MHz Memory: 4 GB RAM Graphics: NVIDIA 9800 GT або AMD HD 4870 з 1 Гб пам'яті (DX 10, 10,1, 11) DirectX: Version 11 Storage: 300 MB available space Sound Card: 100% compatible with DirectX 11 Additional Notes: The minimum screen resolution is 1366x768",
    "recommended_requirements": null,
    "reviews": []
}