{
    "app_id": 1017490,
    "name": "Mortadelo y Filemón: La banda de Corvino",
    "release_date": "2019-03-20",
    "developer": [
        "Alcachofa Soft"
    ],
    "publisher": [
        "Erbe Software"
    ],
    "platforms": [
        "windows"
    ],
    "required_age": 0,
    "categories": [
        "Single-player",
        "Local Co-op"
    ],
    "genres": [
        "Adventure"
    ],
    "tags": [
        "Adventure",
        "Point & Click"
    ],
    "achievements": 0,
    "positive_ratings": 1,
    "negative_ratings": 0,
    "price": 9.29,
    "description": "Mort &amp; Phil, created by Ibáñez, return to the charge in the world of the video game of the hand of spanish Alcachofa Soft. Three games in one is offers &quot;La Banda del Corvino&quot;.",
    "header_img": "https://steamcdn-a.akamaihd.net/steam/apps/1017490/header.jpg?t=1553126512",
    "minimum_requirements": "OS: Windows XP or newer Processor:  Graphics: 2Mb SVGA; 800x600; 24 or 32 bits Storage: 570 MB available space Sound Card: Sound Blaster or 100% compatible",
    "recommended_requirements": "OS: Windows 7 or 10 Processor:  Graphics: 2Mb SVGA; 800x600; 24 or 32 bits Storage: 570 MB available space Sound Card: Sound Blaster or 100% compatible",
    "reviews": []
}