{
    "app_id": 1017670,
    "name": "New World Horizon",
    "release_date": "2019-02-14",
    "developer": [
        "New World Horizon LLC"
    ],
    "publisher": [
        "New World Horizon LLC"
    ],
    "platforms": [
        "windows"
    ],
    "required_age": 0,
    "categories": [
        "Single-player",
        "Partial Controller Support"
    ],
    "genres": [
        "Action",
        "Adventure",
        "Casual",
        "Indie",
        "RPG",
        "Simulation",
        "Early Access"
    ],
    "tags": [
        "Early Access",
        "Action",
        "Casual"
    ],
    "achievements": 0,
    "positive_ratings": 5,
    "negative_ratings": 0,
    "price": 3.99,
    "description": "New World Horizon is a 16th century role playing stand alone adventure for the PC. It features a massive open world to explore by land and sea for hunting, fishing, mining, lumbering, house construction and farming.",
    "header_img": "https://steamcdn-a.akamaihd.net/steam/apps/1017670/header.jpg?t=1556432771",
    "minimum_requirements": "Requires a 64-bit processor and operating system OS: 64 bit Processor: Quad-core Intel or AMD processor, 2.5 GHz or faster. Memory: 8 GB RAM Graphics: NVIDIA GeForce 470 GTX or AMD Radeon 6870 HD series card or higher. DirectX: Version 11 Storage: 3 GB available space",
    "recommended_requirements": "Requires a 64-bit processor and operating system",
    "reviews": []
}