{
    "app_id": 1017480,
    "name": "WarGround",
    "release_date": "2019-02-02",
    "developer": [
        "GamersUnit"
    ],
    "publisher": [
        "GamersUnit"
    ],
    "platforms": [
        "windows"
    ],
    "required_age": 0,
    "categories": [
        "Online Multi-Player"
    ],
    "genres": [
        "Casual",
        "Free to Play",
        "Indie",
        "Strategy"
    ],
    "tags": [
        "Free to Play",
        "Strategy",
        "Indie"
    ],
    "achievements": 0,
    "positive_ratings": 9,
    "negative_ratings": 7,
    "price": 0.0,
    "description": "'Warground' is a turn-based strategy that aims to be casual. Use 26 units of 6 troops to win the battle.",
    "header_img": "https://steamcdn-a.akamaihd.net/steam/apps/1017480/header.jpg?t=1549095665",
    "minimum_requirements": "OS: windows 7, 8, 8.1, 10 64-bit Processor: i3 Memory: 8 GB RAM Graphics: GTX750 Network: Broadband Internet connection Storage: 220 MB available space Sound Card: Built-in sound card",
    "recommended_requirements": "OS: windows 7, 8, 8.1, 10 64-bit Processor: i5 Memory: 16 GB RAM Graphics: GTX1050 Network: Broadband Internet connection Storage: 250 MB available space Sound Card: Built-in sound card",
    "reviews": []
}