{
    "app_id": 1017600,
    "name": "Sophica - Temples Of Mystery",
    "release_date": "2019-02-04",
    "developer": [
        "Norse Designs"
    ],
    "publisher": [
        "Norse Designs"
    ],
    "platforms": [
        "windows"
    ],
    "required_age": 0,
    "categories": [
        "Single-player",
        "Full controller support"
    ],
    "genres": [
        "Adventure",
        "Casual",
        "Indie"
    ],
    "tags": [
        "Indie",
        "Casual",
        "Adventure"
    ],
    "achievements": 0,
    "positive_ratings": 5,
    "negative_ratings": 3,
    "price": 2.09,
    "description": "Sophica: Temples Of Mystery, is a First Person, Puzzle Platformer. You wake up in your bed, look outside to see that you are among the clouds. 《Is this a dream?》 You continue forward to see what this is about, the mystery lies ahead... Easy to play, but hard to master.",
    "header_img": "https://steamcdn-a.akamaihd.net/steam/apps/1017600/header.jpg?t=1549971136",
    "minimum_requirements": "OS: Windows 7/8/10 32-bit/64-bit Processor: Core i3 2.4 Ghz Memory: 4 GB RAM Graphics: Intel HD 4000 Storage: 770 MB available space Sound Card: N/A Additional Notes: Game settings can be changed in ingame menu for possible play on low end systems",
    "recommended_requirements": "OS: Windows 7/8/10 32-bit/64-bit Processor: Core i5 2.8 Ghz Memory: 8 GB RAM Graphics: Nvidia GTX 660 or AMD Radeon HD 7870 equivalent DX11 GPU Storage: 770 MB available space Sound Card: N/A Additional Notes: Game settings can be changed in ingame menu for possible play on low end systems",
    "reviews": []
}