{
    "app_id": 1017560,
    "name": "Falling Bullets",
    "release_date": "2019-02-25",
    "developer": [
        "Jan Pabisiak"
    ],
    "publisher": [
        "Jan Pabisiak"
    ],
    "platforms": [
        "windows",
        "linux"
    ],
    "required_age": 0,
    "categories": [
        "Multi-player",
        "Partial Controller Support",
        "Steam Cloud"
    ],
    "genres": [
        "Action",
        "Casual",
        "Indie",
        "Massively Multiplayer",
        "Strategy"
    ],
    "tags": [
        "Strategy",
        "Indie",
        "Casual"
    ],
    "achievements": 0,
    "positive_ratings": 11,
    "negative_ratings": 4,
    "price": 0.79,
    "description": "Start your adventure in the tank, which you can defeat tens, hundreds and even thousands of players. The gameplay focuses on rivalry in armored battles between players from around the world in PvP interactions. Falling Bullets are preserved in a cartoon and friendly atmosphere.",
    "header_img": "https://steamcdn-a.akamaihd.net/steam/apps/1017560/header.jpg?t=1555579310",
    "minimum_requirements": "最低配備: 作業系統: Windows 7/8/10 處理器: Dual Core 記憶體: 1 GB 記憶體 顯示卡: GTX 560 2GB, AMD Radeon 7850 2GB DirectX: 版本：10 儲存空間: 3 GB 可用空間",
    "recommended_requirements": null,
    "reviews": []
}