{
    "app_id": 1017350,
    "name": "aMAZE St.Patrick",
    "release_date": "2019-02-01",
    "developer": [
        "Blender Games"
    ],
    "publisher": [
        "Blender Games"
    ],
    "platforms": [
        "windows"
    ],
    "required_age": 0,
    "categories": [
        "Single-player",
        "Steam Achievements"
    ],
    "genres": [
        "Casual",
        "Indie"
    ],
    "tags": [
        "Casual",
        "Indie",
        "Difficult"
    ],
    "achievements": 100,
    "positive_ratings": 5,
    "negative_ratings": 6,
    "price": 0.79,
    "description": "aMAZE St.Patrick is a straightforward and surprisingly - difficult celebration of the simple beauty of the maze with Saint Patrick's Day art and calm soundtrack.",
    "header_img": "https://steamcdn-a.akamaihd.net/steam/apps/1017350/header.jpg?t=1549008074",
    "minimum_requirements": "OS: Windows 7, 8.1, 10 Processor: Intel or AMD 2 GHz Memory: 2 GB RAM Graphics: Any",
    "recommended_requirements": null,
    "reviews": []
}