{
    "app_id": 1017780,
    "name": "Hammer & Anvil VR",
    "release_date": "2019-02-13",
    "developer": [
        "Thibaut Blanca"
    ],
    "publisher": [
        "Thibaut Blanca"
    ],
    "platforms": [
        "windows"
    ],
    "required_age": 0,
    "categories": [
        "Single-player"
    ],
    "genres": [
        "Casual",
        "Indie",
        "RPG",
        "Simulation"
    ],
    "tags": [
        "RPG",
        "Indie",
        "Casual"
    ],
    "achievements": 0,
    "positive_ratings": 14,
    "negative_ratings": 8,
    "price": 3.99,
    "description": "Become the blacksmith of the village! Forge axes, dagues, spikes, shields and sword from iron sticks and other base materials.",
    "header_img": "https://steamcdn-a.akamaihd.net/steam/apps/1017780/header.jpg?t=1550076194",
    "minimum_requirements": "OS: Windows 7/8.1/10 64-bit Processor: Intel Core i5 4590 or AMD FX-8350 Memory: 8 MB RAM Graphics: Nvidia GeForce GTX 1060 / AMD RX 480 DirectX: Version 11 Storage: 300 MB available space",
    "recommended_requirements": "OS: Windows 7/8.1/10 64-bit Processor: Intel Core i7-6700K or AMD Ryzen 5 1600X Memory: 16 MB RAM Graphics: Nvidia GeForce GTX 1080 / AMD RX Vega 64 DirectX: Version 11 Storage: 300 MB available space",
    "reviews": []
}