{
    "app_id": 1017100,
    "name": "Territory Idle",
    "release_date": "2019-03-05",
    "developer": [
        "Aleksandr Golovkin"
    ],
    "publisher": [
        "Aleksandr Golovkin"
    ],
    "platforms": [
        "windows"
    ],
    "required_age": 0,
    "categories": [
        "Single-player",
        "Steam Achievements",
        "In-App Purchases",
        "Steam Cloud"
    ],
    "genres": [
        "Free to Play",
        "Indie",
        "Strategy",
        "Early Access"
    ],
    "tags": [
        "Early Access",
        "Free to Play",
        "Clicker"
    ],
    "achievements": 100,
    "positive_ratings": 68,
    "negative_ratings": 19,
    "price": 0.0,
    "description": "Strategic idle game. Develop the kingdom, then abdicate and get gold! For gold, you can buy new tiles and expand the territory.",
    "header_img": "https://steamcdn-a.akamaihd.net/steam/apps/1017100/header.jpg?t=1552089020",
    "minimum_requirements": "OS: Windows XP, Vista, 7, 8, or 10 Processor: 2 GHz+ Memory: 512 MB RAM Graphics: 128MB DirectX: Version 9.0c Storage: 50 MB available space",
    "recommended_requirements": null,
    "reviews": []
}