{
    "app_id": 1017330,
    "name": "Experience",
    "release_date": "2019-02-01",
    "developer": [
        "Liu baixue"
    ],
    "publisher": [
        "Liu baixue"
    ],
    "platforms": [
        "windows"
    ],
    "required_age": 0,
    "categories": [
        "Single-player"
    ],
    "genres": [
        "RPG"
    ],
    "tags": [
        "RPG",
        "RPGMaker"
    ],
    "achievements": 0,
    "positive_ratings": 2,
    "negative_ratings": 2,
    "price": 13.49,
    "description": "Simple RPG game, the protagonist has to change his life, go down the mountain to eliminate thieves, get money, buy equipment",
    "header_img": "https://steamcdn-a.akamaihd.net/steam/apps/1017330/header.jpg?t=1549018444",
    "minimum_requirements": "OS: WindowsR 7/8/8.1/10 (32bit/64bit) Processor: Intel Core2 Duo or better Graphics: DirectX 9/OpenGL 4.1 capable GPU",
    "recommended_requirements": "Graphics: OpenGL ES 2.0 hardware driver support required for WebGL acceleration. (AMD Catalyst 10.9, nVidia 358.50), iOS 8.0, Android 4.4.4*",
    "reviews": []
}