{
    "app_id": 1017630,
    "name": "Robot King Part 2: Boss Battles",
    "release_date": "2019-03-26",
    "developer": [
        "Steven Taylor"
    ],
    "publisher": [
        "Steven Taylor"
    ],
    "platforms": [
        "windows"
    ],
    "required_age": 0,
    "categories": [
        "Single-player",
        "Steam Achievements"
    ],
    "genres": [
        "Action",
        "Indie"
    ],
    "tags": [
        "Action",
        "Indie"
    ],
    "achievements": 24,
    "positive_ratings": 3,
    "negative_ratings": 0,
    "price": 1.69,
    "description": "The second in a 3 part series, Robot King Part 2 continues the journey of a robot on a quest to find his place in a kingdom where everyone seems bent on his destruction. &quot;Robot King 2: Boss Battles&quot; is as the name indicates: a series of boss battles.",
    "header_img": "https://steamcdn-a.akamaihd.net/steam/apps/1017630/header.jpg?t=1553686182",
    "minimum_requirements": "OS: Windows 7, 8, or 10 Processor: 2GHz+ Memory: 2 GB RAM Graphics: 128 MB Storage: 110 MB available space",
    "recommended_requirements": "OS: Windows 7, 8, 10 Processor: 3GHz+ Memory: 4 GB RAM Graphics: 512 MB Storage: 110 MB available space",
    "reviews": []
}