{
    "app_id": 1017270,
    "name": "TRIDENT BARRAGE",
    "release_date": "2019-02-28",
    "developer": [
        "AMG GAMES"
    ],
    "publisher": [
        "AMG GAMES"
    ],
    "platforms": [
        "windows"
    ],
    "required_age": 0,
    "categories": [
        "Single-player",
        "Steam Achievements",
        "Partial Controller Support"
    ],
    "genres": [
        "Action",
        "Indie"
    ],
    "tags": [
        "Action",
        "Indie"
    ],
    "achievements": 10,
    "positive_ratings": 1,
    "negative_ratings": 0,
    "price": 2.09,
    "description": "A shooting game, in which the hero is taken from the modern world and flung into a fantasy world. Use weapons such as assault rifles and magic.The key to conquering this game is to be able to properly use the 3 different properties of fire, ice, and lightning.",
    "header_img": "https://steamcdn-a.akamaihd.net/steam/apps/1017270/header.jpg?t=1551354644",
    "minimum_requirements": "OS: 7/8/10 Processor: Intel i5-4590 equivalent or greater Memory: 8 GB RAM Graphics: Nvidia GeForce GTX 650Ti equivalent or greater Storage: 800 MB available space",
    "recommended_requirements": null,
    "reviews": []
}