{
    "app_id": 1017860,
    "name": "Hentai Time",
    "release_date": "2019-04-11",
    "developer": [
        "F.A.P. time"
    ],
    "publisher": [
        "F.A.P. time"
    ],
    "platforms": [
        "windows"
    ],
    "required_age": 0,
    "categories": [
        "Single-player"
    ],
    "genres": [
        "Casual",
        "Indie",
        "Simulation"
    ],
    "tags": [
        "Nudity",
        "Indie",
        "Casual"
    ],
    "achievements": 0,
    "positive_ratings": 27,
    "negative_ratings": 6,
    "price": 0.79,
    "description": "Hentai time by Fantastic Affected Partial time is a puzzle game, in which you should put blocks in a right place to reproduce the image.",
    "header_img": "https://steamcdn-a.akamaihd.net/steam/apps/1017860/header.jpg?t=1555388993",
    "minimum_requirements": "OS: Windows XP/Vista/7/8/10 Processor: Intel Core 2 Duo (or equivalent) Memory: 1GB RAM MB RAM Graphics: with 512 MB VRAM compatible with DirectX DirectX: Version 9.0 Storage: 300 MB available space Sound Card: Compatible with DirectX",
    "recommended_requirements": "Additional Notes: Requires a 64-bit processor and operating system",
    "reviews": []
}