{
    "app_id": 1017240,
    "name": "DEEP HOLE",
    "release_date": "2019-02-28",
    "developer": [
        "AMG GAMES"
    ],
    "publisher": [
        "AMG GAMES"
    ],
    "platforms": [
        "windows"
    ],
    "required_age": 0,
    "categories": [
        "Single-player",
        "Partial Controller Support"
    ],
    "genres": [
        "Action",
        "Indie"
    ],
    "tags": [
        "Action",
        "Indie"
    ],
    "achievements": 0,
    "positive_ratings": 4,
    "negative_ratings": 0,
    "price": 2.09,
    "description": "&quot;What kind of world is extending beyond that hole?&quot; A 3D exploration Jetpack Akushi game that points to the lowest layer of a vertical hole cave that can not be seen at the bottom, depending on the situation.",
    "header_img": "https://steamcdn-a.akamaihd.net/steam/apps/1017240/header.jpg?t=1551350892",
    "minimum_requirements": "OS: 7/8/10 Processor: Intel i5-4590 equivalent or greater Memory: 8 GB RAM Graphics: Nvidia GeForce GTX 650 Ti equivalent or greater Storage: 800 MB available space",
    "recommended_requirements": null,
    "reviews": []
}