{
    "app_id": 1017580,
    "name": "The Explorer of Night",
    "release_date": "2019-03-22",
    "developer": [
        "Alexandr Bondarenko"
    ],
    "publisher": [
        "Alexandr Bondarenko"
    ],
    "platforms": [
        "windows"
    ],
    "required_age": 0,
    "categories": [
        "Single-player",
        "Steam Achievements",
        "Full controller support"
    ],
    "genres": [
        "Adventure",
        "Indie"
    ],
    "tags": [
        "Indie",
        "Adventure",
        "Platformer"
    ],
    "achievements": 17,
    "positive_ratings": 9,
    "negative_ratings": 2,
    "price": 1.69,
    "description": "The explorer of night is an minimalist platformer, where you need to help the main character to get out of the forest, inhabited by unfriendly enemies and dangerous traps.",
    "header_img": "https://steamcdn-a.akamaihd.net/steam/apps/1017580/header.jpg?t=1555425721",
    "minimum_requirements": "OS: Windows XP Processor: 1.6 GHz+ Memory: 512 MB RAM Graphics: 128 MB DirectX: Version 9.0 Storage: 60 MB available space",
    "recommended_requirements": "OS: Windows 7 or higher Processor: 2.0 GHz+ Memory: 2 GB RAM Graphics: 256 MB DirectX: Version 9.0 Storage: 60 MB available space",
    "reviews": []
}