{
    "app_id": 1017130,
    "name": "Ikao The Lost Souls",
    "release_date": "2019-02-06",
    "developer": [
        "YukiOstudio"
    ],
    "publisher": [
        "YukiOstudio"
    ],
    "platforms": [
        "windows"
    ],
    "required_age": 0,
    "categories": [
        "Single-player",
        "Full controller support"
    ],
    "genres": [
        "Adventure",
        "Indie"
    ],
    "tags": [
        "Indie",
        "Adventure",
        "Platformer"
    ],
    "achievements": 0,
    "positive_ratings": 9,
    "negative_ratings": 4,
    "price": 1.9,
    "description": "Ikao, a little bluish creature, suddenly finds himself in the abyss of time without any memory. After coming out he has no choice but to travel the world in search of answers to the mystery behind his past.",
    "header_img": "https://steamcdn-a.akamaihd.net/steam/apps/1017130/header.jpg?t=1553172784",
    "minimum_requirements": "OS: Vista, Seven, Windows 10 Processor: Intel Core2 Duo E6750 or equivalent / AMD Athlon 64 X2 Dual Core 5000+ or equivalent Memory: 4 GB RAM Graphics: Geforce GT 430 (1024 MB) / Radeon HD 5570 (1024 MB) - ! VERTICALE SYNC ACTIVED ! DirectX: Version 10 Storage: 1500 MB available space Additional Notes: Support controller for play : Microsoft Xbox 360/one/generic, logitech gamepad and other.......(Steam controller is not compatible)",
    "recommended_requirements": null,
    "reviews": []
}