{
    "app_id": 1017940,
    "name": "King of Texas",
    "release_date": "2019-02-21",
    "developer": [
        "King Key Games"
    ],
    "publisher": [
        "King Key Games"
    ],
    "platforms": [
        "windows",
        "mac"
    ],
    "required_age": 0,
    "categories": [
        "Single-player"
    ],
    "genres": [
        "Casual",
        "Simulation",
        "Sports"
    ],
    "tags": [
        "Sexual Content",
        "Sports",
        "Dating Sim"
    ],
    "achievements": 9,
    "positive_ratings": 9,
    "negative_ratings": 10,
    "price": 1.69,
    "description": "Jon Bega’s dream has just come true, he’s been drafted as the new running back for one of America’s best football team, the Dallas Sheriffs. What will happen to this athletic Louisianan when he moves up to Texas to join this new team?",
    "header_img": "https://steamcdn-a.akamaihd.net/steam/apps/1017940/header.jpg?t=1551869703",
    "minimum_requirements": "OS: Vista or higher Processor: 1.8 GHz Pentium 4 Memory: 1 GB RAM Graphics: DirectX compatible card Storage: 500 MB available space",
    "recommended_requirements": "OS: Vista or higher Processor: 2.0 GHz Pentium 4 Memory: 2 GB RAM Graphics: DirectX compatible card Storage: 500 MB available space",
    "reviews": []
}