{
    "app_id": 1017610,
    "name": "Butterfly",
    "release_date": "2019-02-21",
    "developer": [
        "grin robot"
    ],
    "publisher": [
        "grin robot"
    ],
    "platforms": [
        "windows"
    ],
    "required_age": 0,
    "categories": [
        "Single-player"
    ],
    "genres": [
        "Indie"
    ],
    "tags": [
        "Indie",
        "2D",
        "Singleplayer"
    ],
    "achievements": 0,
    "positive_ratings": 9,
    "negative_ratings": 1,
    "price": 1.69,
    "description": "Platformer game with interesting gimmick. You can't jump, so you must bounce off your enemies or use tubes to your advantage. Both platformer skills AND logic are required to complete 40 challenging levels!",
    "header_img": "https://steamcdn-a.akamaihd.net/steam/apps/1017610/header.jpg?t=1550776096",
    "minimum_requirements": "OS: Microsoft® Windows® XP / Vista / 7 / 10 Processor: 1.2GHz processor Memory: 512 MB RAM Graphics: DirectX 8-compatible graphics card with at least 32MB of video memory DirectX: Version 9.0c Storage: 120 MB available space",
    "recommended_requirements": null,
    "reviews": []
}