{
    "app_id": 1017080,
    "name": "RWBY Deckbuilding Game",
    "release_date": "2019-02-14",
    "developer": [
        "80Arcade"
    ],
    "publisher": [
        "Rooster Teeth"
    ],
    "platforms": [
        "windows"
    ],
    "required_age": 0,
    "categories": [
        "Single-player",
        "Online Multi-Player",
        "In-App Purchases"
    ],
    "genres": [
        "Strategy"
    ],
    "tags": [
        "Strategy",
        "Card Game"
    ],
    "achievements": 0,
    "positive_ratings": 54,
    "negative_ratings": 23,
    "price": 0.0,
    "description": "RWBY Deckbuilding Game is a new breed of digital card game where you build your deck to defeat an array of deadly foes, or join forces in raids to take down powerful villains. No packs or boosters to chase. Each expansion is a complete experience.",
    "header_img": "https://steamcdn-a.akamaihd.net/steam/apps/1017080/header.jpg?t=1553905163",
    "minimum_requirements": "OS: Windows® XP/Windows® Vista/Windows® 7/Windows® 8 (latest Service Packs) Processor: Intel Core i3-2120 CPU 3.30 GHz Graphics: 1 GB DirectX 9.0c compatible video card DirectX: Version 9.0c Network: Broadband Internet connection Storage: 1 GB available space",
    "recommended_requirements": null,
    "reviews": []
}