{
    "app_id": 1018980,
    "name": "VKT Prime System Crash",
    "release_date": "2019-02-06",
    "developer": [
        "Mia Blais-Côté"
    ],
    "publisher": [
        "Mia Blais-Côté"
    ],
    "platforms": [
        "windows",
        "mac",
        "linux"
    ],
    "required_age": 0,
    "categories": [
        "Single-player",
        "Steam Achievements",
        "Partial Controller Support",
        "Steam Cloud"
    ],
    "genres": [
        "Casual",
        "Indie"
    ],
    "tags": [
        "Indie",
        "Casual",
        "Simulation"
    ],
    "achievements": 16,
    "positive_ratings": 3,
    "negative_ratings": 0,
    "price": 0.8,
    "description": "A short and linear Crossover staring Alice Lorange, Alt.Lorange, Alex, Denis, Nuri, Taralise and Chiko! With “crashes” and QTEs!",
    "header_img": "https://steamcdn-a.akamaihd.net/steam/apps/1018980/header.jpg?t=1551317659",
    "minimum_requirements": "OS: Windows 7 or later Processor: 1.2 Ghz Memory: 512 MB RAM Graphics: 1280x720 Storage: 122 MB available space",
    "recommended_requirements": null,
    "reviews": []
}