{
    "app_id": 1018960,
    "name": "Thugs Law",
    "release_date": "2019-03-02",
    "developer": [
        "Fabio Cunha"
    ],
    "publisher": [
        "Fabio Cunha"
    ],
    "platforms": [
        "windows"
    ],
    "required_age": 0,
    "categories": [
        "Single-player",
        "Steam Achievements"
    ],
    "genres": [
        "Action",
        "Adventure",
        "Casual",
        "Indie",
        "Early Access"
    ],
    "tags": [
        "Early Access",
        "Action",
        "Indie"
    ],
    "achievements": 3,
    "positive_ratings": 1,
    "negative_ratings": 1,
    "price": 1.69,
    "description": "Thugs take over the police and now they rule the city. People that not respect their law pay with their lives. Get any weapon that you have and face them. Show no mercy. They will show no mercy on you.",
    "header_img": "https://steamcdn-a.akamaihd.net/steam/apps/1018960/header.jpg?t=1552484271",
    "minimum_requirements": "OS: Windows 7 Processor: Core i3 or equivalent Memory: 2 GB RAM Graphics: Nvidia 625m or equivalent Storage: 700 MB available space",
    "recommended_requirements": null,
    "reviews": []
}