{
    "app_id": 1018810,
    "name": "Drumpfy Walls",
    "release_date": "2019-04-19",
    "developer": [
        "Hotbox Garage"
    ],
    "publisher": [
        "Hotbox Garage"
    ],
    "platforms": [
        "windows"
    ],
    "required_age": 18,
    "categories": [
        "Single-player",
        "Steam Achievements",
        "Partial Controller Support"
    ],
    "genres": [
        "Action",
        "Casual",
        "Indie",
        "Sports"
    ],
    "tags": [
        "Action",
        "Indie",
        "Casual"
    ],
    "achievements": 5,
    "positive_ratings": 3,
    "negative_ratings": 0,
    "price": 3.99,
    "description": "Jump into an alternate reality where two great countries, Mer'ca and Mer'xico are politically and literally fighting over a border wall. Play as members of two groups, the &quot;Reds&quot; and the &quot;Blues&quot; as they face off each other in a battle over immigration and future votes.",
    "header_img": "https://steamcdn-a.akamaihd.net/steam/apps/1018810/header.jpg?t=1556402466",
    "minimum_requirements": "OS: Windows 7 Processor: Intel i5 Memory: 2 GB RAM Graphics: 2GB+ Direct 9 GPU DirectX: Version 9.0 Storage: 15 MB available space Sound Card: Sound Blaster",
    "recommended_requirements": "OS: Windows 10 Processor: Intel i7 Memory: 4 GB RAM Graphics: 4GB+ Direct 9 GPU DirectX: Version 9.0 Storage: 15 MB available space Sound Card: Sound Blaster",
    "reviews": []
}