{
    "app_id": 1018900,
    "name": "Let's Learn Japanese! Katakana",
    "release_date": "2019-03-13",
    "developer": [
        "Dr. Cyril Splutterworth"
    ],
    "publisher": [
        "Dr. Cyril Splutterworth"
    ],
    "platforms": [
        "windows"
    ],
    "required_age": 0,
    "categories": [
        "Single-player"
    ],
    "genres": [
        "Casual",
        "Indie"
    ],
    "tags": [
        "Indie",
        "Casual"
    ],
    "achievements": 0,
    "positive_ratings": 2,
    "negative_ratings": 1,
    "price": 2.89,
    "description": "Want to read Japanese? Let's learn Katakana! A game teaching the Japanese alphabet through puzzles and arcade-style challenges.",
    "header_img": "https://steamcdn-a.akamaihd.net/steam/apps/1018900/header.jpg?t=1552464823",
    "minimum_requirements": "OS: Windows 7/8/8.1/10 (32bit/64bit) Processor: 1.5 GHz or higher Memory: 1 GB RAM Network: Broadband Internet connection Storage: 177 MB available space",
    "recommended_requirements": null,
    "reviews": []
}