{
    "app_id": 1018820,
    "name": "Fleet Scrapper",
    "release_date": "2019-02-16",
    "developer": [
        "James Fitzgerald (Cavedens)",
        "David Fitzgerald (Perfectfitz)"
    ],
    "publisher": [
        "Creatorship Games"
    ],
    "platforms": [
        "windows"
    ],
    "required_age": 0,
    "categories": [
        "Single-player",
        "Full controller support"
    ],
    "genres": [
        "Action",
        "Adventure",
        "Indie",
        "Racing",
        "RPG"
    ],
    "tags": [
        "Action",
        "Indie",
        "Racing"
    ],
    "achievements": 0,
    "positive_ratings": 3,
    "negative_ratings": 1,
    "price": 5.19,
    "description": "A physics based space exploration game driven by the story of a young pilot that is working for &quot;The Company&quot; and fleeing from the Interstellar Authority.",
    "header_img": "https://steamcdn-a.akamaihd.net/steam/apps/1018820/header.jpg?t=1550332440",
    "minimum_requirements": "Storage: 300 MB available space",
    "recommended_requirements": null,
    "reviews": []
}