{
    "app_id": 10180,
    "name": "Call of Duty®: Modern Warfare® 2",
    "release_date": "2009-11-11",
    "developer": [
        "Infinity Ward",
        "Aspyr (Mac)"
    ],
    "publisher": [
        "Activision",
        "Aspyr (Mac)"
    ],
    "platforms": [
        "windows",
        "mac"
    ],
    "required_age": 0,
    "categories": [
        "Single-player",
        "Multi-player",
        "Co-op",
        "Steam Achievements",
        "Steam Cloud",
        "Valve Anti-Cheat enabled"
    ],
    "genres": [
        "Action"
    ],
    "tags": [
        "Action",
        "FPS",
        "Multiplayer"
    ],
    "achievements": 50,
    "positive_ratings": 30006,
    "negative_ratings": 2826,
    "price": 19.99,
    "description": "The most-anticipated game of the year and the sequel to the best-selling first-person action game of all time, Modern Warfare 2 continues the gripping and heart-racing action as players face off against a new threat dedicated to bringing the world to the brink of collapse.",
    "header_img": "https://steamcdn-a.akamaihd.net/steam/apps/10180/header.jpg?t=1545235540",
    "minimum_requirements": "OS: Microsoft Windows XP or Windows Vista (Windows 95/98/ME/2000 are unsupported) Processor: Intel Pentium 4 3.2 GHz or AMD Athlon 64 3200+ processor or better supported Memory: 1 GB RAM Graphics: 256 MB NVIDIA GeForce 6600GT or better or ATI Radeon 1600XT or better DirectX®: Microsoft DirectX(R) 9.0c Hard Drive: 12GB of free hard drive space Sound: 100% DirectX 9.0c compatible sound card Internet: Broadband connection and service required for Multiplayer Connectivity. Internet Connection required for activation. Co-op/Multiplayer Hosting: To host Co-op or MP matches, a 2Ghz dual-core or better processor is recommended.",
    "recommended_requirements": null,
    "reviews": [
        {
            "review_text": "The last good Call of Duty.",
            "review_score": "1"
        },
        {
            "review_text": "Man this game brings memories.Well....it all started 6 years ago.I bought the game with the help of my parents of course, i was a kid back then, i know i was that kind of annoying ♥♥♥ kid with a high pitched voice but...man the memories.I made so many clans and fond memories with so many people, we had a sniper clan and ♥♥♥♥...it was truly amazing, i started my own clan and we fought a few times, but lost...of course, i was just a kid with no ♥♥♥♥ing idea what i was doing,but hey...they might be one of the best momeries i had.I had a few friends which got to my heart, its hard to forget them, you know who you are, and if you come by to read this, YOU ROCK! :D.Well, let me get to the point, this game was the pinnacle of gaming, nice graphics, for that time of course, good story..at least in my opinion, and one of the most addictive shooters out there,and god i loved the multiplayer, with all the quick scopes and ♥♥♥♥ .Anyway, long story short,one of the best games i have EVER played, no doubt, thanks tho whoever read this, even now !",
            "review_score": "1"
        },
        {
            "review_text": "I just get swept by all the notsalgia and fond memories from the time I first played it, everytime I play. So my views on the game are partially biased. God, I wish I could bring those days back.   Now, about the game. The graphics are crisp to this day and the multiplayer still gives me a reason to hit it up every now and then. The Campaign is pretty intense and challenging, just like its predecessor. Sometimes it gets so intense, it tends to challenge your emotional stability. Especially the part where... Okay, no spoilers.   People still play this, so yeah, to those of you think this game is dead, it isn't, not yet. I have played all the 3 games in the series and this was the best, for me. Just a wee bit ahead of MW1, and light years ahead of MW3.    Edit : The only concerns are that of hackers plus these ♥♥♥♥♥♥♥ unlock-everything servers that you get connected to without your notice that instantly promote you to level 70. Happened thrice till now and resetting the stats is pretty complicated. ",
            "review_score": "1"
        },
        {
            "review_text": "Remember, no Russian.",
            "review_score": "1"
        },
        {
            "review_text": "best call of duty made!",
            "review_score": "1"
        },
        {
            "review_text": "Remember... No russian........... . . . . . EDIT: for those who gonna comment on my playtime... I've played like 1000+h of this game when it was released (non-steam) but came back to play it online again... which was really bad cause of all the hackers, but I would still recommend buying this game.",
            "review_score": "1"
        },
        {
            "review_text": "I got VAC banned from this game.",
            "review_score": "1"
        },
        {
            "review_text": "I bought this game since 2010.  Is a very good story of this series.The Multiplayer mode is my one of favorite online FPS too!!   But Multiplayer is so much hacker,buff weapons and skills. So sad.",
            "review_score": "1"
        },
        {
            "review_text": "Call of Duty: Modern Warfare 2 is a masterpiece. Its my all time favourite CoD. Buy this instead of the newer ones. Trust me",
            "review_score": "1"
        },
        {
            "review_text": "my favorite call of duty game of all time  +amazing campaign +fun multiplayer +spec ops  +weapons  it's definitely a must get if you're a FPS fan.",
            "review_score": "1"
        },
        {
            "review_text": "okay here is cod of dody advance warfare reviw my mommy boght me this and there are 2 games in my list because of it (???) i was confused so i just click on 1 and then there are other players i n my game and i kill them but whe3n teh ggame lags it is very anoying and every time i die THERE IS LAG so this game is very angry causing and it made my daddy say 'THERE IS NO CAL OF DODY IN THIS HOUSE AGAIN TIMMY' and i said but dad and then i showed him how this game has real world senarios that will turmn me into a man and he was like okay but u better be MLG by next year  then he gave me a bottle of MOUNTAIN DOO and said i was his little xXxMLGxXxQuIkShOtTaxXx which was my (ingame name at the time) gg",
            "review_score": "1"
        },
        {
            "review_text": "Still an awesome game, very replayable and the servers are still active. A happy purchase.",
            "review_score": "1"
        },
        {
            "review_text": "Campaign is gripping. Multiplayer is how it should be. My ChildHood game One of my favourite games, good content and open maps unlike how they are after MW3 Less hackers here than MW3  Buy this in a sale or on a third party website. Not worth £20. The games 7 years old :)",
            "review_score": "1"
        },
        {
            "review_text": "This games makes me think of old times when Mw2 was the best game out there ! I like how players are still active. The thing i like a lot on this game it's the campaign!! I still recommend this game, this game will never die",
            "review_score": "1"
        },
        {
            "review_text": "No Russian...  If you have no idea what that is about, buy the game. Enjoy one of the most powerful/talked about single player missions ever. Other shooters have tried, (including this studio) but none have quite done it like this.",
            "review_score": "1"
        },
        {
            "review_text": "Active community is rude, one of the maps is missing, it is FULL of hackers, it takes too long to level up and most gamemodes are dead with no players.  But it's mw2 so who cares, the gameplay makes up for it.",
            "review_score": "1"
        },
        {
            "review_text": "Fun game, awesome shooting with high pressure.   Twisted Plot. Unforgettable moments.   Soundtracks: Hans Zimmer (enough said)  9.5/10 ",
            "review_score": "1"
        },
        {
            "review_text": "Nice game , but community sucks :(",
            "review_score": "1"
        },
        {
            "review_text": "I like the campaign and, even more, the special operations very much: they are fun to play with a friend and, some of them, very challenging. I prefer those missions which don't have a timer and you don't have to hurry up to finish them. Chill out and play them your way.  About the player vs. player part of the game, which I'm not interested in, I've read in other player's opinions that it's also very well done.  What do I miss in this game? A cooperative campaign, like in CoD World at War, and a FOV slider.",
            "review_score": "1"
        },
        {
            "review_text": "Got the game, because I had it back in the day on xbox. In seriously 2 hours I got into a modded lobby thus giving me everything, so there was no point in playing. A man ddosing me for no other reason, but the fact I used a riot shield and later getting into a few hacked games.  The next day I play with 8 other friends who all got it. Noone plays ground war, so we all queued up for merc. tdm so we could all go against each other (Worst idea ever). At this time we managed to rage at each other, being called '♥♥♥♥♥♥' by both friends and enemies.  Over all, for this 16 hours I have been playing now along with this I am told to drink mountain dew, eat doritos, called 'gay' or '♥♥♥♥♥♥' for using insert any gun here and to smoke weed 'because 420 blaze it'. Also, to not 'hardscope' because all anyone ever uses snipes for is to quick scope.  Note: Looking back. Nothing has changed since the x box version.  10/10",
            "review_score": "1"
        },
        {
            "review_text": "Right, about time I made this review.  I remember this game, when it came out. Everybody was hyped for it, myself included.  And unlike what you might expect, all my skyhigh expectations was suddenly very real. The gameplay was smooth (for a freshly launched game, mind you), the levels were well made, and the action was fast paced.  Now, even after several hundred hours spent in the multiplayer, and many new titles being released since, I still find myself returning to this game from time to time. the amount of players still playing, is ever dwindling, as can be expected with an aging game.  but the feeling this game gives you, of nostalgia, of pure fun and carnage, is unlike any other game out there (save for DOOM 3, and UT 2004). It really is, an all time classic.   If you have yet to play this game, but like fast paced shoot-em-in-the-face-and-laugh type of FPS games, then this is for you. If you on the other hand like FPS games that require more though than duck, run, and shoot, this game (hell, this whole series of games) might not fall to your liking.  However, given that its drop in price of the years, althought still not cheap by any means, it's defo worth a try. If nothing else, to take on your mates, and have a blast that you will all be able to remember.  I hope this provided you with some usefull insight into this game.  All The best  Pvt. Mini",
            "review_score": "1"
        },
        {
            "review_text": "I absolutely love this game! I am not that bigg on CoD games but this on hits the spot. I personaly find it has HOURS in multiplayer that is WELL worth the money. The best part is I eun this gama amazingly well on my laptop/toaster.  [!WARNING!]  With this greatness the is a downfall.There is no Anti-Hack system and it gets a bit risky. I had a guy spout off my IP, service provider and other in a match and I beg that an anti hack is put in place.",
            "review_score": "1"
        },
        {
            "review_text": "R.I.P Ghost and Roach, True heroes",
            "review_score": "1"
        },
        {
            "review_text": "Got a VAC ban from it 10/10",
            "review_score": "1"
        },
        {
            "review_text": "my life between 09-12 summed up",
            "review_score": "1"
        },
        {
            "review_text": "my life between 09-12 summed up",
            "review_score": "1"
        },
        {
            "review_text": "Fun is one of the many ways to describe this game, classic multiplayer but many hackers yet still worth every bit of my time!",
            "review_score": "1"
        },
        {
            "review_text": "bottom text blood type B emoji timbs",
            "review_score": "1"
        },
        {
            "review_text": "Very fun game. Would recommend to everyone who loved COD4. 9.0/10",
            "review_score": "1"
        },
        {
            "review_text": "This game shows you that your mother is a pedophile and got ♥♥♥♥♥ constantely for weeks by 7yo`s. `Kidding,the game is fine,but be advised parents,stop buying this game for your kids,especially on PC!",
            "review_score": "1"
        },
        {
            "review_text": "it's political correctness gone mad!",
            "review_score": "1"
        },
        {
            "review_text": "One of the most finely crafted video games to date. IGN gives it a 10/10",
            "review_score": "1"
        },
        {
            "review_text": "2 Chains",
            "review_score": "1"
        },
        {
            "review_text": "This is still my favourite multiplayer FPS. I've had so much fun with this.  Single player: 29 hours Multiplayer: 1063 hours",
            "review_score": "1"
        },
        {
            "review_text": "Its a really fun to play game especially if you play with friends.This game is actually one of the best games ive ever played,the only thing that makes it look bad and unplayable is that it has around 300 people playing it and it will take hours to find a game.",
            "review_score": "1"
        },
        {
            "review_text": "more aids then Africa",
            "review_score": "1"
        },
        {
            "review_text": "Woah! This game was a blast! There is so much to do such as fighting enemys, glitching, speedrunning, or even mauling people from a helicopter! I have completed spec ops which was really fun to play. Hope your next game comes out soon! Thx IW!",
            "review_score": "1"
        },
        {
            "review_text": "This game gives me wood.",
            "review_score": "1"
        },
        {
            "review_text": "It's a Awesome Game I totaly reccomend it ",
            "review_score": "1"
        },
        {
            "review_text": "Really fun game. I've played it lots both on console and PC. The campaign is the second-best campaign in CoD, CoD 4 being the first imo. You can also play the second game mode which you can play in co-op and get three stars in all missions and stuff, I did it on the Xbox and it's really fun to play with a friend.  Multiplayer is pretty good. It's not as dedication-rewarding as the newer games, prestiging resets everything litteraly so it's not very fun to prestige. The guns are really fun though. Lots of traditional weapons such as UZI and M4A1, good off-hands (shotguns are secondaries, overpowered but fun). All the guns are fun in their own way if you know how to use them. Attachments are as usual. Red dot sights, silencers, noobtubes (which are horribly overpowered in this game and has never been fixed, probably because IW doens't care about gaming experience), nothing new. You can unlock different versions of attachments by using that attachment which is pretty cool. Using the Red Dot Sight unlocks Holographic Sight, using underbarrel grenade launcher unlocks underbarrel shotgun, stuff like that. Emblems and titles are really cool and well-made imo. Killstreaks is nothing new. Care package, chopper support, airstrikes, controlling AC130s weapons and being a chopper gunner, stuff like that. They're cool and fun to get but not original. Maps are really cool. A russian snow map, a woodland map with a really cool cabin on a hill, tight urban combat in an afghanistan-like map, love the maps in this game. They're the best maps in any CoD game imho. You can also buy a map pack that gives you the maps from CoD 4 (not sure if all of them) which is really cool  If you're a CoD fan then this game is nice to play sometimes when you want a good CoD game to not dedicate yourself to or take seriously. Of course, there will be hackers, as in all IW CoD games.",
            "review_score": "1"
        },
        {
            "review_text": "Nice game",
            "review_score": "1"
        },
        {
            "review_text": "I love the Call of Duty games, especially Call of Duty 4: Modern Warfare, and I am glad to announce that Modern Warfare 2 lives up to it's predecessor. The core gameplay is mainly the same, but you'll fight in new settings, with a larger arsenal than ever before. There is also Special Ops mode, which is a very nice addition.   Although the Campaign is very good, my only real complaint is the mission placement. I really didn't like how it constantly switched between the British and U.S. missions. It gave me whiplash. I also found the Multiplayer to be dull, but I don't buy CoD for the Multiplayer anyways.   Overall, the game is worth every cent.  9/10",
            "review_score": "1"
        },
        {
            "review_text": "best game in the world",
            "review_score": "1"
        },
        {
            "review_text": "This is still the pinnacle of the Call of Duty series, let down only by matchmaking.  I would sacrifice many fat goats to the mighty Gaben if the Australian community would thrive again.  Buy this game and play it instead of any of the new yearly money pits.",
            "review_score": "1"
        },
        {
            "review_text": "Remember when Hoodie Allen was the ♥♥♥♥?",
            "review_score": "1"
        },
        {
            "review_text": "it is a legend",
            "review_score": "1"
        },
        {
            "review_text": "Very Best Game Ever. I recommend this to Everyone.",
            "review_score": "1"
        },
        {
            "review_text": "Still the best game of all time",
            "review_score": "1"
        },
        {
            "review_text": "This used to be a very fun and good game. Now it's ruined by all the hackers.",
            "review_score": "1"
        },
        {
            "review_text": "nice freehacks",
            "review_score": "1"
        },
        {
            "review_text": "not the best buy I made",
            "review_score": "1"
        },
        {
            "review_text": "You can throw knife in friendly's croutches to make them look like purnuses, I like it! :D",
            "review_score": "1"
        },
        {
            "review_text": "This game was the only COD that interested me in playing it.  Singleplayer: One of the only COD games with lots of Winter-Pack actions and with Survival-Type save the base missions with Sgt. Foley!   Multiplayer: It was a good multiplayer but the only problem was 1. NO Console 2. Private Matches have no custom classes. 3. No Default Classes. 4. Noobtubers. [But overall it's not that bad if you are a Pro Player after all.",
            "review_score": "1"
        },
        {
            "review_text": "i love this game and it 3 pirson mod i give it a 10 out of 10",
            "review_score": "1"
        },
        {
            "review_text": "its awesome my favorite game ever",
            "review_score": "1"
        },
        {
            "review_text": "th3 betsest gamez ev3r lolz u can shoot people haha   'Its ok' - ign 10/10",
            "review_score": "1"
        },
        {
            "review_text": "Got the game. Quickscoped 100 people in a row. Victory!   10/10",
            "review_score": "1"
        },
        {
            "review_text": "What can I say about it.. It's a very good classic game, good maps, medium weapon selection. The community just isn't the best, in every lobby there's a noobtuber, camper etc.. I recommend this game and I'll give a solid 8.5/10 for it.",
            "review_score": "1"
        },
        {
            "review_text": "I think, this was for me one of the best games in my life. I am proud to have one of the best games ever released.    Thank you OLD Infinty Ward.",
            "review_score": "1"
        },
        {
            "review_text": "nobody plays the multiplayer.",
            "review_score": "1"
        },
        {
            "review_text": "Infinity Ward's just get out! If the developers can use one, then it assemble driving action, quiet passages and perfectly orchestrated script sequences into an intense experience is. Modern Warfare 2 is an incredibly intense experience. But it could be even better if you could put someone with a mind to the story.  SINGLEPLAYER: 81/100 MULTIPLAYER: 89/100",
            "review_score": "1"
        },
        {
            "review_text": "Its a good game",
            "review_score": "1"
        },
        {
            "review_text": "In my opinion,, this call of duty is the best than others!!!!!! :P",
            "review_score": "1"
        },
        {
            "review_text": "I only play campaigns so if you want to know about multi player I can't help you. This campaign was AWSOME!!!!",
            "review_score": "1"
        },
        {
            "review_text": "MW 2 The best of C O D !!!!!!!",
            "review_score": "1"
        },
        {
            "review_text": "Best Call of Duty ever. It ruined my life at one point. Had to buy it again on this account.",
            "review_score": "1"
        },
        {
            "review_text": "Where do I start? Best Call Of Duty of all time. I don't care what other people say about Black Ops 2, Ghost and Advanced Warfare. Here we fight like men, no fancy suits, no unrealistic guns, no 8 year old ragers. Just pure FPS like it suppose to be.If you don't believe me. Come on, I dare you to try this Amazing game. Even a pc that can't run Pac Man can run MW2. 15/10 multiplayer 20/10 CO-OP 12/10 Single player  I recommend this to all the true hardcore FPS guys. It never gets old.   Jake out.",
            "review_score": "1"
        },
        {
            "review_text": "Possibly the best game from the modern warfare series! great graphics for the time and great campaign!",
            "review_score": "1"
        },
        {
            "review_text": "This Game is so prety!! I nead frends (played MW2) !!!!!!! and play team! My english not good",
            "review_score": "1"
        },
        {
            "review_text": "It may not have the best graphics, and it may be already outdated by the new Call of Duty games, but its still a fun game to play, and online is fun for when you have free time, and its cheaper than the other new games, and you can easily run it in any pc or laptop, so its a why not option if you are looking for a shooter game with a good campaign mode and good online for free time.",
            "review_score": "1"
        },
        {
            "review_text": "Really fun campaign/spec ops. Even though it takes a while to find a multiplayer game now, this game is worth it for the single player/co-op alone.",
            "review_score": "1"
        },
        {
            "review_text": "The Best Call Of Duty :D",
            "review_score": "1"
        },
        {
            "review_text": "Perhaps one of the best CODs.If you still haven't played it then you should try it. however it's not as fun as it used to be,and you can start seeing the age of this game",
            "review_score": "1"
        },
        {
            "review_text": "GAME OF THE YEAR 2667",
            "review_score": "1"
        },
        {
            "review_text": "  Better than other CoD games",
            "review_score": "1"
        },
        {
            "review_text": "Still the best COD tied with cod4",
            "review_score": "1"
        },
        {
            "review_text": "Good game beside the modded lobbies. what would you expect for a 5 years old game. still makes the game tons fun",
            "review_score": "1"
        },
        {
            "review_text": "Best cod game ever",
            "review_score": "1"
        },
        {
            "review_text": "10/10 would MP7 again and also ♥♥♥♥ wasteland",
            "review_score": "1"
        },
        {
            "review_text": "Amazing multiplayer!  *THUMBS UP*",
            "review_score": "1"
        },
        {
            "review_text": "Great whilst it was current, single player still a blast!",
            "review_score": "1"
        },
        {
            "review_text": "A GOOD COMPAIN! and a helpfull specialops! try it out! one of the best compain i ever had play! i say 10/10",
            "review_score": "1"
        },
        {
            "review_text": "AWESOME no hackers (so far) and the best cod ever before double jump bullcrap!!!!!!",
            "review_score": "1"
        },
        {
            "review_text": "Very cool game!",
            "review_score": "1"
        },
        {
            "review_text": "I was really good at the game but steam gave me VAC ban on my profile for some reason... sigh..",
            "review_score": "1"
        },
        {
            "review_text": "ITS VERY NICE GAME CUZ JOHN CENA SAID THAT",
            "review_score": "1"
        },
        {
            "review_text": "So worth it there is not alot of hackers at all, still holds up, and is really fun! worth the 20$",
            "review_score": "1"
        },
        {
            "review_text": "I am very displeased with activision ♥♥♥♥♥ and their terrible excuse for a ♥♥♥♥ing game go die!",
            "review_score": "1"
        },
        {
            "review_text": "This is a good game not much story but have a great cooperative Spec Ops mode and a multiplayer mode",
            "review_score": "1"
        },
        {
            "review_text": "TASTE MY  SKILL  STEAL",
            "review_score": "1"
        },
        {
            "review_text": "Death by snipers, grenade launchers, campers and 6 year olds. Multiplayer as it should be. 11/10 would die by trick shot again.",
            "review_score": "1"
        },
        {
            "review_text": "It's definitely worth the money. Very nice campaigns. Very nice guns. Awesome 10/10 baby!",
            "review_score": "1"
        },
        {
            "review_text": "This game is like fighting grasshoppers",
            "review_score": "1"
        },
        {
            "review_text": "Every online match I played ended with a little kid jumping from an inaccessable (almost) area and 360 no-scoping someones ♥♥♥. 10/10 would play with this child again.",
            "review_score": "1"
        },
        {
            "review_text": "Alright",
            "review_score": "1"
        },
        {
            "review_text": "only good if you play it on AIW3 or some other community mod, but yeah other than that pretty good",
            "review_score": "1"
        },
        {
            "review_text": "It's amazingly weird that this game is still relevant. I think that goes to show how this franchise has progressed.",
            "review_score": "1"
        },
        {
            "review_text": "Not gonna lie, Singleplayer is much better than Multiplayer. But overall, it's good.",
            "review_score": "1"
        },
        {
            "review_text": "Pros - Very cool and epic story - Characters - Like a movie :))) - Missions - Its a Epic RIDE!  Cons - Scripted AI  This game has absolutly amazing soundtrack, extremely good story. Everything is really nice!",
            "review_score": "1"
        },
        {
            "review_text": "An epic blast, a worthy sequel to the highly successful original. Includes many improvements and a fresh new single player campaign while keeping the tradition of a polished game engine.",
            "review_score": "1"
        },
        {
            "review_text": "nice game mods and that",
            "review_score": "1"
        },
        {
            "review_text": "Possibly the best game from the modern warfare series! great graphics for the time and great campaign!",
            "review_score": "1"
        },
        {
            "review_text": "still my favorite call of duty game to date, has an excellent multiplayer system.",
            "review_score": "1"
        },
        {
            "review_text": "This is the best call of duty that has ever been made i don't undertsand why call of duty had to become futuristic its ♥♥♥♥♥♥♥t",
            "review_score": "1"
        },
        {
            "review_text": "To many hackers :o",
            "review_score": "1"
        },
        {
            "review_text": "Good Shooter.",
            "review_score": "1"
        },
        {
            "review_text": "this is my favorite call of duty i recommend this game to people who play fps",
            "review_score": "1"
        },
        {
            "review_text": "The only way to buy a game from this franchise at this point......deeply on sale. Really not a bad game SP-wise, matchmaking in MP gets a bit annoying, but at times its nice to just be put in a game.",
            "review_score": "1"
        },
        {
            "review_text": "Good game, I personally prefer the Moder Warfare series. Worth the money, good story and alright graphics, especially for when it was released. Some problems with multi-player such as running into modded games and things, a server browser would be ideal but IW won't update this game anymore.",
            "review_score": "1"
        },
        {
            "review_text": "best game ever.......but i suck at it ",
            "review_score": "1"
        },
        {
            "review_text": "By far one of the best COD multiplayer games!",
            "review_score": "1"
        },
        {
            "review_text": "This is the best game ever!",
            "review_score": "1"
        },
        {
            "review_text": "Taught me how to throw a knife and quickscope. And ruined my life.  -10/10  (P.S. the sound of hitmarker in this game is nice too)",
            "review_score": "1"
        },
        {
            "review_text": "My pesonal the best CoD game",
            "review_score": "1"
        },
        {
            "review_text": "Its a great game!      OMG NOSCOPE MOUNTAIN DEWWWW DORITOES!!! OOHHHHH (every cod kid)",
            "review_score": "1"
        },
        {
            "review_text": "By far the best campaign out of all of the COD series but don't even bother to install multiplayer.",
            "review_score": "1"
        },
        {
            "review_text": "It's definitly the 2nd best CoD that was ever made after CoD4! Even if the hitboxes, the attachments or the perks are, well, a bit annoying, op or whatever else, I still recommend this game, to the people who have not already bought it, 'cause there won't be a CoD that could ever be as good as these two games are!",
            "review_score": "1"
        },
        {
            "review_text": "Best cheap cod game",
            "review_score": "1"
        },
        {
            "review_text": "Probably the best call of duty ever made. I had played it on 360 for such a long time and had to buy it on PC. I was kind of diasspointed that you couldn't use a controller to play it, but after a bit I got use to keyboard and mouse and its so much better. The campaign is still great, probably my favorite in the series before it went to ♥♥♥♥. The graphics still hold up and the game looks relatively good. Multiplayer is still pretty nice, not too many hackers from what i'v experienced so far. All in all my favorite call of duty to date and in my opinion it should be remade.  9/10",
            "review_score": "1"
        },
        {
            "review_text": "A little bit old this days but still good!",
            "review_score": "1"
        },
        {
            "review_text": "Best FPS I've played.",
            "review_score": "1"
        },
        {
            "review_text": "its a really fun party game and also its easy to just launch and have fun. 8/10",
            "review_score": "1"
        },
        {
            "review_text": "10/10, best Cod ",
            "review_score": "1"
        },
        {
            "review_text": "In a timeline this would be smudged around here: Right when CoD got good and Right before CoD got bad. But in a multiplayer timeline this would go where all the multiplayer games would to go for CoD: Hell.",
            "review_score": "1"
        },
        {
            "review_text": "One of the best Modern Warfare in Modern Warfare series and through Call of Duty series by far :D",
            "review_score": "1"
        },
        {
            "review_text": "This is a good game not much story but have a great cooperative Spec Ops mode and a multiplayer mode",
            "review_score": "1"
        },
        {
            "review_text": "  Call of duty ain't so bad after-all.",
            "review_score": "1"
        },
        {
            "review_text": "I love this game.",
            "review_score": "1"
        },
        {
            "review_text": "Game is beautifully put together. Storyline is amazing. Campaign and Multiplayer is mind-blowing and ridiculously fun! I highly recommend for those wanting a nice and smooth FPS game.",
            "review_score": "1"
        },
        {
            "review_text": "Probably the best cod ever! I went back to mw2 after advanced warfare. The new cod titles have gone too far and lost what originally made cod.  However this title is amazing.",
            "review_score": "1"
        },
        {
            "review_text": "  I got vac banned as soon as i opened the game    Best game ever 10/10 really worth your 20 dollars not edited by infinity ward",
            "review_score": "1"
        },
        {
            "review_text": "Campaign:  Golden times of the franchise. Excelent storyline and soundtrack.",
            "review_score": "1"
        },
        {
            "review_text": "Throwback Simulator: Pre Pubescent Edition  10/10 Nostalgia OP",
            "review_score": "1"
        },
        {
            "review_text": "Even up to this date propably the best COD MP ever created. Too bad it's mostly deserted except TDM and full of cheaters nowdays.",
            "review_score": "1"
        },
        {
            "review_text": "'Call of Duty®: Modern Warfare® 2' is a first person shooter that is a sequel to Modern Warfare. The storyline follows 2 different characters (and a few more but for the most part, just 2) It's a great storyline with betrayal and plot twist, and will end fittingly in Modern Warfare 3. Modern Warfare 2 is arguably my favorite game in the Call of Duty series (I lost interest after MW3) and I recommend it. The Online is in fact alive but you have to navigate through a few modded/hacked lobbies (and I believe some may bring a VAC ban). I played MW2 and MW3 quite a bit on my PS3 but as I revisit it, it's just not as fun as it used to be for me. (It's worth a buy while on sale though!)  Pros: Great storyline Nostalgia for some people :) Fun spec ops missions with quite a bit of replayability (though MW3's survival mode is much better) Many environments to explore Cons: Not many 'legit' lobbies left Without a friend, spec op missions aren't nearly as enjoyable",
            "review_score": "1"
        },
        {
            "review_text": "This is the best call of duty that has ever been made i don't undertsand why call of duty had to become futuristic its ♥♥♥♥♥♥♥t",
            "review_score": "1"
        },
        {
            "review_text": "Fantastic game !!! Legendary !!",
            "review_score": "1"
        },
        {
            "review_text": "The greatest of all time. Case closed. ",
            "review_score": "1"
        },
        {
            "review_text": "BEST call OF DUTY ever!",
            "review_score": "1"
        },
        {
            "review_text": "This game's campaign basically just drags you through a series of set pieces for 5-6 hours. Some of those set pieces were interesting and novel enough that I got a reasonable amount of enjoyment out of this game my first time through, but I tried going back to this game and couldn't make it through the first act--the complete lack of player agency combined with the sheer ridiculousness of the game's narrative made it impossible for me to derive any sort of enjoyment from the game. Quite disappointing, because I've replayed the first Modern Warfare game numerous times and enjoyed it quite a lot.  Modern Warfare 2's multiplayer is imbalanced and broken in the way that is hated by people who take the formulaic ADS FPS multiplayer seriously, but I personally like it for exactly the same reasons. If you are the kind of person who loves blowing up scrubs who rage at you for using the 'noob tube,' you may enjoy this. Modern Warfare 2 certainly isn't the only game to let you go all-out with explosives, but Modern Warfare 2 is a Call of Duty game, and for that reason it almost feels like cheating to go online and use the grenade launcher as a primary weapon. When I'm playing a video game, one of my favorite experiences is the feeling of 'I can't believe I'm getting away with this' and on some level, Modern Warfare 2's multiplayer delivers on that. I can't really recommend MW2's multiplayer mode to most people, and I can't say it's a good or even a decent game, but I'm glad that it exists.",
            "review_score": "1"
        },
        {
            "review_text": "Tremendous game. The SP campaign is by far one of the best of all the CoD games!! The music produced by hans zimmer was marvellous in this game  As for the MP, this game could have succeded MW1 by implementing dedicated servers, i still cannot believe they made such a bad bad decision with it.  My Rating: 8/10",
            "review_score": "1"
        },
        {
            "review_text": "Bought this on steam while stationed overseas in Germany. Ended up with the stupid German copy with the edited levels. Great game, horrible purchase :/  If in the military and buying on Steam, verify location modified games or use a vpn.",
            "review_score": "1"
        },
        {
            "review_text": "This game's campaign basically just drags you through a series of set pieces for 5-6 hours. Some of those set pieces were interesting and novel enough that I got a reasonable amount of enjoyment out of this game my first time through, but I tried going back to this game and couldn't make it through the first act--the complete lack of player agency combined with the sheer ridiculousness of the game's narrative made it impossible for me to derive any sort of enjoyment from the game. Quite disappointing, because I've replayed the first Modern Warfare game numerous times and enjoyed it quite a lot.  Modern Warfare 2's multiplayer is imbalanced and broken in the way that is hated by people who take the formulaic ADS FPS multiplayer seriously, but I personally like it for exactly the same reasons. If you are the kind of person who loves blowing up scrubs who rage at you for using the 'noob tube,' you may enjoy this. Modern Warfare 2 certainly isn't the only game to let you go all-out with explosives, but Modern Warfare 2 is a Call of Duty game, and for that reason it almost feels like cheating to go online and use the grenade launcher as a primary weapon. When I'm playing a video game, one of my favorite experiences is the feeling of 'I can't believe I'm getting away with this' and on some level, Modern Warfare 2's multiplayer delivers on that. I can't really recommend MW2's multiplayer mode to most people, and I can't say it's a good or even a decent game, but I'm glad that it exists.",
            "review_score": "1"
        },
        {
            "review_text": "If you want good game, this is good game!!!",
            "review_score": "1"
        },
        {
            "review_text": "One of the best FPS games in last 5 years, its soundtrack, and atmosphere is just ....You gotta experience it on your own.",
            "review_score": "1"
        },
        {
            "review_text": "This game is the best cod out there with the best multiplayer ( in my opinion ).if you like good fps games i recommend this to you (best buy it at sales)",
            "review_score": "1"
        },
        {
            "review_text": "Activision plz ;_; remake this jem!",
            "review_score": "1"
        },
        {
            "review_text": "Your average point-and-click shooter. You play as Call of Duty-Man, and so does everybody else, and your main goal of the game is to be the best CoD-Man in the game for every 5 - 10 minute match you participate in.   Also lots of hacked lobbies. 9.5/10 it's okay",
            "review_score": "1"
        },
        {
            "review_text": "Not just one of the greatest FPS's ever made but one of the greatest video games EVER. It really even is'nt a game...but an experience. The campaign is emmaculate, exciting, emotionally charged, and breath-taking. Multiplayer...is...unbelievable. I have yet to find a game that has a multiplayer mode quite like this one.  10/10",
            "review_score": "1"
        },
        {
            "review_text": "Woah, am I being allowed to do a review? No but seriously, considering the enormity of the responsibility entrusted to me with regards to writing this review, I will do my best not to dissapoint. ♥♥♥♥♥, muehueheuhe.",
            "review_score": "1"
        }
    ]
}