{
    "app_id": 1018930,
    "name": "【SCP】器関ノ彷徨 -The will of a single Tale- 第１部",
    "release_date": "2019-02-15",
    "developer": [
        "Stoner Tomohito"
    ],
    "publisher": [
        "GESTALT-§"
    ],
    "platforms": [
        "windows"
    ],
    "required_age": 0,
    "categories": [
        "Single-player"
    ],
    "genres": [
        "Adventure",
        "Free to Play",
        "Simulation"
    ],
    "tags": [
        "Free to Play",
        "Adventure",
        "Simulation"
    ],
    "achievements": 0,
    "positive_ratings": 30,
    "negative_ratings": 4,
    "price": 0.0,
    "description": "-&quot;Do you believe the actuality now?&quot; When the SCP Foundation moves, you will be a witness of {Project MA-13}.",
    "header_img": "https://steamcdn-a.akamaihd.net/steam/apps/1018930/header.jpg?t=1552146166",
    "minimum_requirements": "OS: Windows 7 Processor: Intel® Core™2 Duo Processor P8700 Memory: 4 GB RAM Storage: 2 GB available space",
    "recommended_requirements": null,
    "reviews": []
}