{
    "app_id": 1018130,
    "name": "Castle Break",
    "release_date": "2019-02-19",
    "developer": [
        "Pauloondra"
    ],
    "publisher": [
        "Pauloondra"
    ],
    "platforms": [
        "windows"
    ],
    "required_age": 0,
    "categories": [
        "Single-player",
        "Steam Achievements",
        "Steam Leaderboards"
    ],
    "genres": [
        "Action",
        "Casual",
        "Indie"
    ],
    "tags": [
        "Action",
        "Indie",
        "Casual"
    ],
    "achievements": 16,
    "positive_ratings": 4,
    "negative_ratings": 0,
    "price": 3.99,
    "description": "Arkanoid with shooting and building meets various enemies in a grand battle versus evil castles with evil eyes",
    "header_img": "https://steamcdn-a.akamaihd.net/steam/apps/1018130/header.jpg?t=1552743352",
    "minimum_requirements": "OS: Windows 7 or newer Processor: existing Memory: 2 GB RAM Graphics: existing Storage: 100 MB available space",
    "recommended_requirements": "OS: Windows 7 or newer Processor: working Memory: 2 GB RAM Graphics: working with 1920x1080 Storage: 100 MB available space Sound Card: working",
    "reviews": []
}