{
    "app_id": 1018730,
    "name": "Tobit",
    "release_date": "2019-02-14",
    "developer": [
        "Vectura Games"
    ],
    "publisher": [
        "Vectura Games"
    ],
    "platforms": [
        "windows"
    ],
    "required_age": 0,
    "categories": [
        "Single-player",
        "Partial Controller Support"
    ],
    "genres": [
        "Adventure",
        "Casual",
        "Indie"
    ],
    "tags": [
        "Adventure",
        "Indie",
        "Casual"
    ],
    "achievements": 0,
    "positive_ratings": 3,
    "negative_ratings": 3,
    "price": 0.0,
    "description": "A relaxing walking simulator game with biblical narration from the book of Tobit. Relive a narrated biblical story of Tobit in an engaging forest environment.",
    "header_img": "https://steamcdn-a.akamaihd.net/steam/apps/1018730/header.jpg?t=1550153179",
    "minimum_requirements": "Requires a 64-bit processor and operating system OS: Windows 7 or higher 64-bit Processor: Intel Core 2 Duo 2GHz, AMD Athlon 64 X2 2GHz Memory: 4 GB RAM Graphics: NVIDIA GTX 660 or AMD RADEON R7 370 DirectX: Version 10 Storage: 5 GB available space",
    "recommended_requirements": "Requires a 64-bit processor and operating system OS: Windows 7 or higher 64-bit Processor: Quad core Intel or AMD processor, 2.5 GHz or faster Memory: 8 GB RAM Graphics: NVIDIA GTX 980 or AMD RADEON R9 390X DirectX: Version 11 Storage: 5 GB available space",
    "reviews": []
}