{
    "app_id": 1018090,
    "name": "2100",
    "release_date": "2019-02-21",
    "developer": [
        "Interactive Gaming Studios"
    ],
    "publisher": [
        "Interactive Gaming Studios"
    ],
    "platforms": [
        "windows"
    ],
    "required_age": 0,
    "categories": [
        "Single-player"
    ],
    "genres": [
        "Action",
        "Adventure",
        "Indie"
    ],
    "tags": [
        "Action",
        "Adventure",
        "Indie"
    ],
    "achievements": 0,
    "positive_ratings": 2,
    "negative_ratings": 2,
    "price": 2.89,
    "description": "Welcome to the year 2100. You have been selected to conduct research on the most advanced space station in all of the history of mankind with the most advanced AI. However, things start to take a turn for the worse when the AI begins to turn against you.",
    "header_img": "https://steamcdn-a.akamaihd.net/steam/apps/1018090/header.jpg?t=1550896798",
    "minimum_requirements": "OS: Windows 7 or higher Processor: i5 3.0 GHz Memory: 8 GB RAM Graphics: 4GB dedicated video card memory Storage: 2 GB available space Additional Notes: May work on systems with lower specifications.",
    "recommended_requirements": null,
    "reviews": []
}