{
    "app_id": 1018420,
    "name": "uuu so smislom",
    "release_date": "2019-03-22",
    "developer": [
        "lastgame"
    ],
    "publisher": [
        "Game for people"
    ],
    "platforms": [
        "windows"
    ],
    "required_age": 0,
    "categories": [
        "Single-player",
        "Steam Achievements"
    ],
    "genres": [
        "Casual",
        "Indie"
    ],
    "tags": [
        "Casual",
        "Indie"
    ],
    "achievements": 61,
    "positive_ratings": 7,
    "negative_ratings": 1,
    "price": 0.79,
    "description": "uuu so smislom! is a simple yet challenging and addictive game. It can be played within few seconds anytime to refresh your mind.",
    "header_img": "https://steamcdn-a.akamaihd.net/steam/apps/1018420/header.jpg?t=1556274370",
    "minimum_requirements": "Минимальные: ОС: Windows xp sp2 Процессор: Pentium® 4 1.5 GHz / Athlon® XP Оперативная память: 100 MB ОЗУ Видеокарта: GeForce 210 590Mhz DirectX: Версии 5.2 Место на диске: 300 MB",
    "recommended_requirements": "Рекомендованные: ОС: Windows 7 Процессор: Pentium® 4 1.5 GHz / Athlon® XP Оперативная память: 250 MB ОЗУ Видеокарта: GeForce 210 590Mhz DirectX: Версии 6.0 Место на диске: 500 MB",
    "reviews": []
}