{
    "app_id": 1018770,
    "name": "Lizardquest-Alien waters",
    "release_date": "2019-02-16",
    "developer": [
        "Avisgames"
    ],
    "publisher": [
        "Avisgames"
    ],
    "platforms": [
        "windows"
    ],
    "required_age": 0,
    "categories": [
        "Single-player"
    ],
    "genres": [
        "Adventure",
        "RPG"
    ],
    "tags": [
        "RPG",
        "Adventure"
    ],
    "achievements": 0,
    "positive_ratings": 0,
    "negative_ratings": 1,
    "price": 5.19,
    "description": "This game is an Adventure game with a Role playing in the beautiful world of the Lizard.",
    "header_img": "https://steamcdn-a.akamaihd.net/steam/apps/1018770/header.jpg?t=1550334219",
    "minimum_requirements": "OS: 7,8,10 Processor: Intel Dual-Core 2GHz or AMD Dual-Core 2GHz Memory: 2 GB RAM Graphics: NVIDIA GeForce 400 series or AMD Radeon HD 6000 series, 2GB Video Card (Minimum Shader Model 5.0) DirectX: Version 11 Storage: 4 GB available space Sound Card: DirectX Compatible Sound Card with latest drivers",
    "recommended_requirements": "OS: 7, 8, 10 Processor: Intel Quad-Core (i5 2300) or AMD Octo-Core (FX 8150) Memory: 4 GB RAM Graphics: NVIDIA GeForce 660Ti or greater, AMD Radeon HD 7950 or greater, 2GB Video Card (Minimum Shader Model 5.0 DirectX: Version 11 Storage: 5 GB available space Sound Card: DirectX Compatible Sound Card with latest drivers",
    "reviews": []
}