{
    "app_id": 1018580,
    "name": "Magic Word Alchemist",
    "release_date": "2019-02-04",
    "developer": [
        "Virtual Bridgeworks"
    ],
    "publisher": [
        "VT Publishing"
    ],
    "platforms": [
        "windows"
    ],
    "required_age": 0,
    "categories": [
        "Single-player"
    ],
    "genres": [
        "Casual"
    ],
    "tags": [
        "Casual",
        "Indie",
        "Puzzle"
    ],
    "achievements": 0,
    "positive_ratings": 2,
    "negative_ratings": 0,
    "price": 3.99,
    "description": "As the Alchemist, overcome challenging word puzzles to collect ingredients for your magical potions. Experience over 500 levels with thousands of hidden words as you complete all 6 magical potions.",
    "header_img": "https://steamcdn-a.akamaihd.net/steam/apps/1018580/header.jpg?t=1556414452",
    "minimum_requirements": "OS: Win 7 32-bit or higher Processor: 2.0 ghz or higher Memory: 500 MB RAM Graphics: 500 Megs VRAM DirectX: Version 9.0 Storage: 500 MB available space",
    "recommended_requirements": null,
    "reviews": []
}