{
    "app_id": 1018060,
    "name": "The Mercenary Rise",
    "release_date": "2019-03-12",
    "developer": [
        "zeroplaystone"
    ],
    "publisher": [
        "zeroplaystone"
    ],
    "platforms": [
        "windows"
    ],
    "required_age": 0,
    "categories": [
        "Single-player"
    ],
    "genres": [
        "Indie",
        "RPG",
        "Strategy",
        "Early Access"
    ],
    "tags": [
        "Early Access",
        "Strategy",
        "Indie"
    ],
    "achievements": 0,
    "positive_ratings": 34,
    "negative_ratings": 19,
    "price": 5.79,
    "description": "It tells the story of Stephen Gray, who inherited his father's legacy and managed the Mercenary Corps of Thunder Anger.",
    "header_img": "https://steamcdn-a.akamaihd.net/steam/apps/1018060/header.jpg?t=1552615071",
    "minimum_requirements": "OS: Windows 7+ 需要64位处理器和操作系统 Processor: Intel i3 Processor Memory: 4 GB RAM Graphics: Graphics Card made within the last 5 years Storage: 1 GB available space",
    "recommended_requirements": null,
    "reviews": []
}