{
    "app_id": 1019260,
    "name": "Micro Mayhem",
    "release_date": "2019-02-08",
    "developer": [
        "OctolabGames"
    ],
    "publisher": [
        "OctolabGames"
    ],
    "platforms": [
        "windows"
    ],
    "required_age": 0,
    "categories": [
        "Local Multi-Player",
        "Shared/Split Screen",
        "Partial Controller Support"
    ],
    "genres": [
        "Action",
        "Casual",
        "Indie",
        "Early Access"
    ],
    "tags": [
        "Early Access",
        "Action",
        "Indie"
    ],
    "achievements": 0,
    "positive_ratings": 1,
    "negative_ratings": 0,
    "price": 7.19,
    "description": "Local multiplayer game: challenge your friends, lots of fun guaranteed! 6 game modes, 3 vehicles and 18 different maps.",
    "header_img": "https://steamcdn-a.akamaihd.net/steam/apps/1019260/header.jpg?t=1549665818",
    "minimum_requirements": "OS: 64-bit Windows 7, Windows 8.1, Windows 10 Processor: Inter Core i5-3550 Memory: 4 GB RAM Graphics: NVIDIA GeForce 760 | AMD R7 265 Storage: 5 GB available space",
    "recommended_requirements": "OS: 64-bit Windows 10 Processor: Intel Core i5-4600 Memory: 4 GB RAM Graphics: NVIDIA GeForce 970 | AMD R9 280 Storage: 5 GB available space",
    "reviews": []
}