{
    "app_id": 1019060,
    "name": "5.84 Wing",
    "release_date": "2019-03-08",
    "developer": [
        "Brouillard"
    ],
    "publisher": [
        "Brouillard"
    ],
    "platforms": [
        "windows"
    ],
    "required_age": 0,
    "categories": [
        "Single-player",
        "Steam Achievements"
    ],
    "genres": [
        "Action",
        "Casual",
        "Indie"
    ],
    "tags": [
        "Action",
        "Indie",
        "Casual"
    ],
    "achievements": 14,
    "positive_ratings": 1,
    "negative_ratings": 0,
    "price": 0.79,
    "description": "5.84 Wing - Minimalist action-adventure game, with many levels for which you have to overcome a lot of obstacles to collect keys and open doors.",
    "header_img": "https://steamcdn-a.akamaihd.net/steam/apps/1019060/header.jpg?t=1552059508",
    "minimum_requirements": "OS: Windows 7 or later Processor: Intel Core i3-4340 / AMD FX-6300 Memory: 4 GB RAM Graphics: Nvidia GeForce GTX 650 / AMD Radeon HD 7850 Storage: 150 MB available space",
    "recommended_requirements": null,
    "reviews": []
}