{
    "app_id": 1019920,
    "name": "Gensokyo Defenders / 幻想郷ディフェンダーズ / 幻想鄉守護者",
    "release_date": "2019-04-24",
    "developer": [
        "Neetpia"
    ],
    "publisher": [
        "Sony Music Entertainment (Japan) Inc. / UNTIES"
    ],
    "platforms": [
        "windows"
    ],
    "required_age": 0,
    "categories": [
        "Single-player",
        "Online Multi-Player",
        "Online Co-op",
        "Steam Achievements",
        "Partial Controller Support",
        "Steam Cloud"
    ],
    "genres": [
        "Action",
        "Strategy"
    ],
    "tags": [
        "Action",
        "Strategy",
        "Anime"
    ],
    "achievements": 20,
    "positive_ratings": 19,
    "negative_ratings": 2,
    "price": 17.99,
    "description": "Use Traps and Spell Cards to fight back the magical masses! Blistering shoot-em-up action meets tactical tower defense as you choose from almost 20 popular characters to stop the fairy onslaught! Take advantage of their unique powers and tricky Traps to freeze, fry, and blow your enemies away!",
    "header_img": "https://steamcdn-a.akamaihd.net/steam/apps/1019920/header.jpg?t=1556118151",
    "minimum_requirements": "OS: Windows7 or newer Processor: intelCorei7 or newer Memory: 2 GB RAM Graphics: GeForceGTX550 or newer DirectX: Version 11 Storage: 2 GB available space",
    "recommended_requirements": null,
    "reviews": []
}