{
    "app_id": 1019250,
    "name": "World War II: TCG",
    "release_date": "2019-02-22",
    "developer": [
        "FrozenShard Games"
    ],
    "publisher": [
        "FrozenShard Games"
    ],
    "platforms": [
        "windows",
        "mac"
    ],
    "required_age": 0,
    "categories": [
        "Single-player",
        "Online Multi-Player",
        "Online Co-op",
        "Shared/Split Screen",
        "Cross-Platform Multiplayer",
        "Steam Achievements",
        "In-App Purchases"
    ],
    "genres": [
        "Free to Play",
        "Simulation",
        "Strategy"
    ],
    "tags": [
        "Free to Play",
        "Strategy",
        "Simulation"
    ],
    "achievements": 54,
    "positive_ratings": 85,
    "negative_ratings": 28,
    "price": 0.0,
    "description": "World War II: TCG is a free-to-play collectible card game. Create your own Army Deck with Tanks, Infantry, Aircrafts, Ships, Submarines and Structures!",
    "header_img": "https://steamcdn-a.akamaihd.net/steam/apps/1019250/header.jpg?t=1556553337",
    "minimum_requirements": "OS: Windows 7 Processor: 2.0GHz Memory: 1 GB RAM Graphics: Any Hardware 3D Accelerated graphics card Network: Broadband Internet connection Storage: 300 MB available space",
    "recommended_requirements": "OS: Windows 10 Processor: 2.4GHz Graphics: Any Hardware 3D Accelerated graphics card Network: Broadband Internet connection Storage: 300 MB available space",
    "reviews": []
}