{
    "app_id": 1019940,
    "name": "Race for Tuning",
    "release_date": "2019-04-19",
    "developer": [
        "A. Strazhev"
    ],
    "publisher": [
        "A. Strazhev"
    ],
    "platforms": [
        "windows"
    ],
    "required_age": 0,
    "categories": [
        "Multi-player",
        "Online Multi-Player",
        "MMO"
    ],
    "genres": [
        "Indie",
        "Massively Multiplayer",
        "Racing",
        "Simulation"
    ],
    "tags": [
        "Simulation",
        "Racing",
        "Indie"
    ],
    "achievements": 0,
    "positive_ratings": 42,
    "negative_ratings": 16,
    "price": 3.99,
    "description": "The city at night, the roar of the engine, nitrous, neon, a tuning... What else do you need for a street race? Burn rubber and become the king of the streets!",
    "header_img": "https://steamcdn-a.akamaihd.net/steam/apps/1019940/header.jpg?t=1555676268",
    "minimum_requirements": "OS: Windows 7 or better Processor: Dual-Core processor Memory: 2 GB RAM Graphics: NVIDIA GeForce GTX 650 Ti DirectX: Version 9.0 Network: Broadband Internet connection Storage: 1 GB available space",
    "recommended_requirements": "OS: Windows 7 or better Processor: Quad-Core processor Memory: 2 GB RAM Graphics: NVIDIA GeForce GTX 1050 Ti DirectX: Version 9.0 Network: Broadband Internet connection Storage: 1 GB available space",
    "reviews": []
}