{
    "app_id": 1019040,
    "name": "Smash team",
    "release_date": "2019-02-05",
    "developer": [
        "Kedexa"
    ],
    "publisher": [
        "Kedexa"
    ],
    "platforms": [
        "windows"
    ],
    "required_age": 0,
    "categories": [
        "Single-player",
        "Multi-player",
        "Online Multi-Player",
        "Local Multi-Player"
    ],
    "genres": [
        "Action",
        "Massively Multiplayer",
        "Early Access"
    ],
    "tags": [
        "Early Access",
        "Action",
        "Massively Multiplayer"
    ],
    "achievements": 0,
    "positive_ratings": 1,
    "negative_ratings": 2,
    "price": 0.79,
    "description": "Multiplayer arenas with different game modes.",
    "header_img": "https://steamcdn-a.akamaihd.net/steam/apps/1019040/header.jpg?t=1549393952",
    "minimum_requirements": "OS: Windows 7/8/10 Processor: core 2 duo Memory: 2 GB RAM Graphics: nvidia gt610 or equivalent Storage: 1500 MB available space Sound Card: Realtek Audio HD",
    "recommended_requirements": null,
    "reviews": []
}