{
    "app_id": 1019710,
    "name": "Repel Aliens 3D",
    "release_date": "2019-02-13",
    "developer": [
        "Tonye Amienyo"
    ],
    "publisher": [
        "Tonye Amienyo"
    ],
    "platforms": [
        "windows"
    ],
    "required_age": 0,
    "categories": [
        "Single-player"
    ],
    "genres": [
        "Indie"
    ],
    "tags": [
        "Indie"
    ],
    "achievements": 0,
    "positive_ratings": 0,
    "negative_ratings": 1,
    "price": 3.99,
    "description": "Shoot down the aliens dropping from the skies and ensure that none reaches the earth's surface",
    "header_img": "https://steamcdn-a.akamaihd.net/steam/apps/1019710/header.jpg?t=1550126535",
    "minimum_requirements": "OS: Windows 7 Processor: Intel Atom Memory: 512 MB RAM",
    "recommended_requirements": "OS: Windows 7 Processor: Intel Atom Memory: 1 GB RAM",
    "reviews": []
}