{
    "app_id": 1019630,
    "name": "ECCHI NEKO GIRLS PUZZLE",
    "release_date": "2019-03-21",
    "developer": [
        "NEXION"
    ],
    "publisher": [
        "NEXION X INC."
    ],
    "platforms": [
        "windows"
    ],
    "required_age": 0,
    "categories": [
        "Single-player",
        "Steam Achievements",
        "Steam Cloud"
    ],
    "genres": [
        "Casual",
        "Indie",
        "RPG",
        "Simulation",
        "Sports",
        "Strategy"
    ],
    "tags": [
        "Casual",
        "Nudity",
        "Indie"
    ],
    "achievements": 26,
    "positive_ratings": 16,
    "negative_ratings": 4,
    "price": 0.99,
    "description": "This game is an ordinary puzzle game. Here you can find your neko girl.",
    "header_img": "https://steamcdn-a.akamaihd.net/steam/apps/1019630/header.jpg?t=1553190340",
    "minimum_requirements": "OS: Windows 7 / 8 (8.1) / 10 Processor: Intel Core i3 (2.9 GHz) or AMD equivalen Memory: 512 MB RAM Graphics: 256 DirectX: Version 9.0 Storage: 200 MB available space",
    "recommended_requirements": null,
    "reviews": []
}