{
    "app_id": 1019020,
    "name": "The Abbey - Director's cut",
    "release_date": "2019-03-06",
    "developer": [
        "Alcachofa Soft"
    ],
    "publisher": [
        "Erbe Software"
    ],
    "platforms": [
        "windows"
    ],
    "required_age": 0,
    "categories": [
        "Single-player"
    ],
    "genres": [
        "Adventure"
    ],
    "tags": [
        "Adventure",
        "Point & Click"
    ],
    "achievements": 0,
    "positive_ratings": 2,
    "negative_ratings": 1,
    "price": 9.29,
    "description": "The best adventure of Alcachofa Soft.",
    "header_img": "https://steamcdn-a.akamaihd.net/steam/apps/1019020/header.jpg?t=1551916934",
    "minimum_requirements": "OS: Windows XP Processor: 1.4 GHz Memory: 512 MB RAM Graphics: 128 MB GeForce 4 / Radeon 9500 Storage: 8 GB available space",
    "recommended_requirements": "OS: Windows 7 Processor: 1.4 GHz Memory: 512 MB RAM Graphics: 128 MB GeForce 4 / Radeon 9500 Storage: 8 GB available space",
    "reviews": []
}