{
    "app_id": 1019580,
    "name": "Mortadelo y Filemón: Una aventura de cine - Edición especial",
    "release_date": "2019-03-13",
    "developer": [
        "Alcachofa Soft"
    ],
    "publisher": [
        "Erbe Software"
    ],
    "platforms": [
        "windows"
    ],
    "required_age": 0,
    "categories": [
        "Single-player",
        "Local Co-op"
    ],
    "genres": [
        "Adventure"
    ],
    "tags": [
        "Adventure",
        "Point & Click",
        "Comedy"
    ],
    "achievements": 0,
    "positive_ratings": 3,
    "negative_ratings": 2,
    "price": 9.29,
    "description": "The return of the adventures &quot;Two sloppy cowboys&quot; and &quot;Terror, horror and fear&quot; in a special edition that is the best and most modern work of the Spanish studio Alcachofa Soft in the franchise.",
    "header_img": "https://steamcdn-a.akamaihd.net/steam/apps/1019580/header.jpg?t=1552522025",
    "minimum_requirements": "OS: Windows XP, Vista o newer version of Windows Memory: 128 MB RAM Storage: 1 GB available space",
    "recommended_requirements": "OS: Windows 7 and 10 Memory: 128 MB RAM Storage: 1 GB available space",
    "reviews": []
}