{
    "app_id": 1019150,
    "name": "Apolune",
    "release_date": "2019-02-06",
    "developer": [
        "Lost Astronaut Studios"
    ],
    "publisher": [
        "Lost Astronaut Studios"
    ],
    "platforms": [
        "windows"
    ],
    "required_age": 0,
    "categories": [
        "Single-player",
        "Local Co-op",
        "Shared/Split Screen",
        "Steam Achievements",
        "Partial Controller Support"
    ],
    "genres": [
        "Action",
        "Casual",
        "Indie"
    ],
    "tags": [
        "Action",
        "Indie",
        "Casual"
    ],
    "achievements": 22,
    "positive_ratings": 1,
    "negative_ratings": 0,
    "price": 5.19,
    "description": "Apolune is a minimalist, endless procedural evolutionary space war. Enjoy fighting wave after wave of enemy starships in a classic &quot;2D&quot; simulation that evolves and mutates as you fight on, victorious. Defend the Earth from hordes of vile aliens in your simple craft: point-and-shoot.",
    "header_img": "https://steamcdn-a.akamaihd.net/steam/apps/1019150/header.jpg?t=1549458020",
    "minimum_requirements": "OS: Windows 10 Processor: Core 2 Duo or Greater Memory: 4 GB RAM Graphics: OpenGL Storage: 1300 MB available space Sound Card: Required",
    "recommended_requirements": "OS: Windows 10 Processor: Intel i5 or i7 Series Graphics: NVIDIA Storage: 1300 MB available space Sound Card: Required",
    "reviews": []
}