{
    "app_id": 1020340,
    "name": "Audica",
    "release_date": "2019-03-07",
    "developer": [
        "Harmonix Music Systems, Inc"
    ],
    "publisher": [
        "Harmonix Music Systems, Inc"
    ],
    "platforms": [
        "windows"
    ],
    "required_age": 0,
    "categories": [
        "Single-player"
    ],
    "genres": [
        "Action",
        "Indie",
        "Early Access"
    ],
    "tags": [
        "Early Access",
        "Rhythm",
        "Music"
    ],
    "achievements": 0,
    "positive_ratings": 132,
    "negative_ratings": 34,
    "price": 15.49,
    "description": "Audica™ is a VR “rhythm shooter” that combines Harmonix’s award-winning music gameplay with precision shooting mechanics and a killer soundtrack, all set in a mesmerizing cosmic arena.",
    "header_img": "https://steamcdn-a.akamaihd.net/steam/apps/1020340/header.jpg?t=1551978033",
    "minimum_requirements": "OS: Windows 10 or newer Processor: Intel i3-6100 / AMD Ryzen 3 1200, FX4350 or greater Memory: 8 GB RAM Graphics: NVIDIA GTX 960 4GB / AMD Radeon R9 290 or greater",
    "recommended_requirements": "OS: Windows 10 or newer Processor: Intel i5-4590 / AMD Ryzen 5 1500X or greater Memory: 8 GB RAM Graphics: NVIDIA GTX 1060 / AMD Radeon RX 480 or greater",
    "reviews": []
}