{
    "app_id": 1020360,
    "name": "魔杖战争 Wand Wars: Rise",
    "release_date": "2019-02-09",
    "developer": [
        "Nomad Studio"
    ],
    "publisher": [
        "Nomad Studio"
    ],
    "platforms": [
        "windows"
    ],
    "required_age": 0,
    "categories": [
        "Single-player",
        "Steam Cloud"
    ],
    "genres": [
        "Action",
        "Adventure",
        "Indie",
        "RPG"
    ],
    "tags": [
        "Action",
        "Indie",
        "Adventure"
    ],
    "achievements": 0,
    "positive_ratings": 0,
    "negative_ratings": 2,
    "price": 7.19,
    "description": "Wand Wars: Rise is an innovative roguelike magic action adventure game with easy style by Unreal Engine 4, single mode has 8-10 hours play time to experience the whole world.",
    "header_img": "https://steamcdn-a.akamaihd.net/steam/apps/1020360/header.jpg?t=1549778245",
    "minimum_requirements": "Requires a 64-bit processor and operating system OS: Windows 7 SP1, Windows 8.1, or Windows 10 Processor: Intel® i5-4590 / AMD FX 8350 equivalent or greater Memory: 8 GB RAM Graphics: NVIDIA GeForce® GTX 960 / AMD Radeon™ R9 280 equivalent or greater DirectX: Version 11 Storage: 10 GB available space",
    "recommended_requirements": "Requires a 64-bit processor and operating system OS: Windows 7 SP1, Windows 8.1, or Windows 10 Processor: Intel® i5-4590 / AMD FX 8350 equivalent or greater Memory: 8 GB RAM Graphics: NVIDIA GeForce® GTX 970 / AMD Radeon™ R9 290 equivalent or greater DirectX: Version 11 Storage: 10 GB available space",
    "reviews": []
}