{
    "app_id": 1020610,
    "name": "Apoapsis",
    "release_date": "2019-02-25",
    "developer": [
        "Construct Core Works"
    ],
    "publisher": [
        "Construct Core Works"
    ],
    "platforms": [
        "windows"
    ],
    "required_age": 0,
    "categories": [
        "Single-player"
    ],
    "genres": [
        "Action",
        "Adventure",
        "Indie"
    ],
    "tags": [
        "Action",
        "Adventure",
        "Indie"
    ],
    "achievements": 5,
    "positive_ratings": 2,
    "negative_ratings": 2,
    "price": 2.09,
    "description": "15 Minute Metroidvania, with a jetpack",
    "header_img": "https://steamcdn-a.akamaihd.net/steam/apps/1020610/header.jpg?t=1551547253",
    "minimum_requirements": "OS: Windows 10 Processor: I5 4710 Memory: 100 MB RAM Graphics: Integrated Storage: 30 MB available space Sound Card: No requirement",
    "recommended_requirements": "OS: Windows 10 Processor: I5 4710 Memory: 100 MB RAM Graphics: Integrated Storage: 30 MB available space Sound Card: No requirement",
    "reviews": []
}