{
    "app_id": 1020940,
    "name": "Owyn's Adventure",
    "release_date": "2019-04-03",
    "developer": [
        "Gazoid"
    ],
    "publisher": [
        "Gazoid"
    ],
    "platforms": [
        "windows",
        "mac"
    ],
    "required_age": 0,
    "categories": [
        "Single-player",
        "Steam Achievements",
        "Partial Controller Support"
    ],
    "genres": [
        "Adventure",
        "Indie"
    ],
    "tags": [
        "Indie",
        "Adventure",
        "Pixel Graphics"
    ],
    "achievements": 13,
    "positive_ratings": 23,
    "negative_ratings": 1,
    "price": 1.69,
    "description": "Call Grandpops and tell him that dinner's ready? What sounds like a straightforward task from Mum becomes an adventure when Owyn leaves the safety of his house and enters a garden world where threats abound, and not even the slowest of creatures can be trusted...",
    "header_img": "https://steamcdn-a.akamaihd.net/steam/apps/1020940/header.jpg?t=1554328830",
    "minimum_requirements": "OS: Windows 7 or newer Processor: Intel Core i3 M380 Memory: 1 GB RAM Graphics: Intel HD 2500 DirectX: Version 9.0 Storage: 120 MB available space",
    "recommended_requirements": null,
    "reviews": []
}