{
    "app_id": 1020480,
    "name": "Nasty",
    "release_date": "2019-02-06",
    "developer": [
        "Fun Infused Games"
    ],
    "publisher": [
        "Fun Infused Games"
    ],
    "platforms": [
        "windows"
    ],
    "required_age": 0,
    "categories": [
        "Single-player",
        "Local Multi-Player",
        "Local Co-op",
        "Shared/Split Screen",
        "Full controller support",
        "Steam Cloud"
    ],
    "genres": [
        "Action",
        "Indie"
    ],
    "tags": [
        "Action",
        "Indie"
    ],
    "achievements": 0,
    "positive_ratings": 2,
    "negative_ratings": 1,
    "price": 0.79,
    "description": "The world is under siege by evil forces. It is up to you alone or teamed with a partner to save humanity in this fast-pasted, action/platform shooting extravaganza. Do you have what it takes to complete 100 levels of non-stop excitement and prove that good can triumph over evil?",
    "header_img": "https://steamcdn-a.akamaihd.net/steam/apps/1020480/header.jpg?t=1549459309",
    "minimum_requirements": "OS: Windows 7/8/10 Processor: Intel/AMD Memory: 128 MB RAM Storage: 220 MB available space",
    "recommended_requirements": "OS: Windows 7/8/10 Processor: Intel/AMD Memory: 128 MB RAM Storage: 220 MB available space",
    "reviews": []
}