{
    "app_id": 1020520,
    "name": "Hellink",
    "release_date": "2019-03-07",
    "developer": [
        "Ikigai"
    ],
    "publisher": [
        "Ikigai"
    ],
    "platforms": [
        "windows",
        "mac",
        "linux"
    ],
    "required_age": 0,
    "categories": [
        "Single-player"
    ],
    "genres": [
        "Indie"
    ],
    "tags": [
        "Indie",
        "Free to Play",
        "Point & Click"
    ],
    "achievements": 0,
    "positive_ratings": 29,
    "negative_ratings": 1,
    "price": 0.0,
    "description": "The first visual novel about fake news! Investigate in 2044 in a humorous and cyberpunk universe. Counter your opponents' lies and thwart the plot that threatens Néo-Sorbonne!",
    "header_img": "https://steamcdn-a.akamaihd.net/steam/apps/1020520/header.jpg?t=1552071731",
    "minimum_requirements": "OS: Windows 7 Processor: Low end - Intel Core 2 Duo @ 1Ghz Memory: 1 GB RAM Graphics: Low end - Mobile Intel 4 Series DirectX: Version 10 Storage: 250 MB available space Sound Card: Low end Additional Notes: -",
    "recommended_requirements": null,
    "reviews": []
}