{
    "app_id": 1020980,
    "name": "Match Three Pirates! Heir to Davy Jones",
    "release_date": "2019-04-19",
    "developer": [
        "Graphium Studio"
    ],
    "publisher": [
        "Graphium Studio"
    ],
    "platforms": [
        "windows",
        "mac"
    ],
    "required_age": 0,
    "categories": [
        "Single-player",
        "Steam Achievements"
    ],
    "genres": [
        "Casual"
    ],
    "tags": [
        "Casual"
    ],
    "achievements": 15,
    "positive_ratings": 1,
    "negative_ratings": 0,
    "price": 3.99,
    "description": "Challenging and fun Match 3 Adventure game, where you enter a swashbuckling magic world of legendary pirate. Bobby disappears in Davy Jones’ Locker... Can you save him in time?",
    "header_img": "https://steamcdn-a.akamaihd.net/steam/apps/1020980/header.jpg?t=1555693125",
    "minimum_requirements": "OS: Windows 98/ME/2000/XP/Vista/7/8/10 Processor: 1.3 GHz Memory: 2048 MB RAM Graphics: 256 MB VRAM DirectX: Version 9.0 Storage: 450 MB available space Sound Card: any",
    "recommended_requirements": "OS: Windows 7/8/10 Processor: 1.7 GHz Memory: 4000 MB RAM Graphics: 512 MB VRAM DirectX: Version 9.0 Storage: 450 MB available space Sound Card: any",
    "reviews": []
}