{
    "app_id": 1020270,
    "name": "Demon Hunter 5: Ascendance",
    "release_date": "2019-04-04",
    "developer": [
        "Brave Giant LTD"
    ],
    "publisher": [
        "Artifex Mundi"
    ],
    "platforms": [
        "windows",
        "mac",
        "linux"
    ],
    "required_age": 0,
    "categories": [
        "Single-player",
        "Steam Achievements",
        "Steam Cloud"
    ],
    "genres": [
        "Adventure",
        "Casual"
    ],
    "tags": [
        "Adventure",
        "Casual",
        "Hidden Object"
    ],
    "achievements": 24,
    "positive_ratings": 8,
    "negative_ratings": 3,
    "price": 11.39,
    "description": "You slump into your chair after another day of investigations. Just as you start to lose yourself in the glow of the TV screen, the telephone rings. The museum curator needs your help - a tourist has gone missing. You smirk at his warning of paranormal goings-on; that's what Demon Hunters are for.",
    "header_img": "https://steamcdn-a.akamaihd.net/steam/apps/1020270/header.jpg?t=1554393381",
    "minimum_requirements": "OS: Windows 7, Windows 8, Windows 10 Processor: 2.0 GHz Memory: 1 GB RAM Graphics: 256 MB VRAM Storage: 2 GB available space",
    "recommended_requirements": "OS: Windows 7, Windows 8, Windows 10 Processor: 2.5 GHz Memory: 1 GB RAM Graphics: 512 MB VRAM Storage: 2 GB available space",
    "reviews": []
}