{
    "app_id": 1020660,
    "name": "Wrecked Destruction Simulator",
    "release_date": "2019-02-15",
    "developer": [
        "TAS Systems"
    ],
    "publisher": [
        "TAS Systems"
    ],
    "platforms": [
        "windows",
        "mac"
    ],
    "required_age": 0,
    "categories": [
        "Single-player"
    ],
    "genres": [
        "Racing",
        "Simulation",
        "Early Access"
    ],
    "tags": [
        "Early Access",
        "Simulation",
        "Racing"
    ],
    "achievements": 0,
    "positive_ratings": 7,
    "negative_ratings": 5,
    "price": 7.19,
    "description": "Want to see Grandma get hit by a Semi Truck? Make it happen Want to see an old man walk into an exploding napalm canister? Make it happen Want to see an F1 car slam through a cow and ploy through a TV? Make it happen While in Early Access, the game will be updated 100% based on the community.",
    "header_img": "https://steamcdn-a.akamaihd.net/steam/apps/1020660/header.jpg?t=1552429848",
    "minimum_requirements": "OS: Windows 7 Processor: 2.4Ghz Dual Core Memory: 4 GB RAM Graphics: NVIDIA GTX 460 or equivalent DirectX: Version 11 Storage: 2 GB available space",
    "recommended_requirements": "OS: Windows 7 Processor: 2.4Ghz Quad Core Memory: 6 GB RAM DirectX: Version 11 Storage: 2 GB available space",
    "reviews": []
}