{
    "app_id": 1020650,
    "name": "Commando Fodder: War Dogs",
    "release_date": "2019-03-01",
    "developer": [
        "DPAD-FTW"
    ],
    "publisher": [
        "DPAD-FTW"
    ],
    "platforms": [
        "windows"
    ],
    "required_age": 0,
    "categories": [
        "Single-player",
        "Steam Achievements"
    ],
    "genres": [
        "Action",
        "Casual",
        "Indie",
        "Strategy",
        "Early Access"
    ],
    "tags": [
        "Early Access",
        "Action",
        "Casual"
    ],
    "achievements": 10,
    "positive_ratings": 7,
    "negative_ratings": 0,
    "price": 1.69,
    "description": "Commando Fodder: War Dogs is a traditional RTS, where you have to lead your platoon to victory by crushing the enemy using AK47's, rockets and mines!",
    "header_img": "https://steamcdn-a.akamaihd.net/steam/apps/1020650/header.jpg?t=1551789402",
    "minimum_requirements": "OS: Windows 7 Processor: 1.6Ghz AMD or Intel Dual Core Memory: 2 GB RAM Graphics: Nvidia or AMD DirectX: Version 9.0c Storage: 500 MB available space Sound Card: Direct X Compatible",
    "recommended_requirements": "OS: Windows 10 Processor: 2.0Ghz AMD or Intel Quad Core Memory: 3 GB RAM Graphics: Nvidia or AMD DirectX: Version 9.0c Storage: 500 MB available space Sound Card: Direct X Compatible",
    "reviews": []
}