{
    "app_id": 1020250,
    "name": "Flying in Labyrinth",
    "release_date": "2019-02-17",
    "developer": [
        "NRDSlab"
    ],
    "publisher": [
        "NRDSlab"
    ],
    "platforms": [
        "windows"
    ],
    "required_age": 0,
    "categories": [
        "Single-player"
    ],
    "genres": [
        "Action",
        "Casual",
        "Indie",
        "Racing"
    ],
    "tags": [
        "Action",
        "Indie",
        "Casual"
    ],
    "achievements": 0,
    "positive_ratings": 4,
    "negative_ratings": 1,
    "price": 1.69,
    "description": "Dynamic VR runner on a flying platform controlled by the movements of your body in randomly generated labyrinths.",
    "header_img": "https://steamcdn-a.akamaihd.net/steam/apps/1020250/header.jpg?t=1550402690",
    "minimum_requirements": "OS: Windows 10 Processor: Intel Core i5 or better/similar Memory: 8 GB RAM Graphics: NVIDIA GeForce GTX970 Storage: 800 MB available space",
    "recommended_requirements": null,
    "reviews": []
}