{
    "app_id": 1020470,
    "name": "Evoland Legendary Edition",
    "release_date": "2019-02-07",
    "developer": [
        "Shiro Games"
    ],
    "publisher": [
        "Shiro Games"
    ],
    "platforms": [
        "windows",
        "mac",
        "linux"
    ],
    "required_age": 0,
    "categories": [
        "Single-player",
        "Steam Achievements",
        "Full controller support",
        "Steam Cloud"
    ],
    "genres": [
        "Action",
        "Adventure",
        "Casual",
        "Indie",
        "RPG"
    ],
    "tags": [
        "Action",
        "Adventure",
        "RPG"
    ],
    "achievements": 65,
    "positive_ratings": 100,
    "negative_ratings": 14,
    "price": 14.99,
    "description": "Evoland Legendary Edition brings you two great and unique RPGs, with their graphic style and gameplay changing as you progress through the game!",
    "header_img": "https://steamcdn-a.akamaihd.net/steam/apps/1020470/header.jpg?t=1550507638",
    "minimum_requirements": "Минимальные: ОС: Windows Vista or better Процессор: Intel 2.0ghz Core 2 Duo or equivalent Оперативная память: 4 GB ОЗУ Видеокарта: Nvidia 260 GTS / Radeon HD 4850 or better DirectX: Версии 10 Место на диске: 1 GB",
    "recommended_requirements": "Рекомендованные: ОС: Windows 7 or better Процессор: Intel i5 3.1 Ghz Quad core Оперативная память: 8 GB ОЗУ Видеокарта: Nvidia GTX 660 / Radeon HD 7800 or better DirectX: Версии 10 Место на диске: 2 GB",
    "reviews": []
}