{
    "app_id": 1020930,
    "name": "在末日前夕等待放晴",
    "release_date": "2019-02-26",
    "developer": [
        "考未學社×Mirailogy Studio"
    ],
    "publisher": [
        "考未學社×Mirailogy Studio"
    ],
    "platforms": [
        "windows"
    ],
    "required_age": 0,
    "categories": [
        "Single-player"
    ],
    "genres": [
        "Casual",
        "Indie"
    ],
    "tags": [
        "Indie",
        "Casual",
        "Visual Novel"
    ],
    "achievements": 0,
    "positive_ratings": 8,
    "negative_ratings": 0,
    "price": 8.29,
    "description": "In the May of the Month, one of the Tamshui’s school had wind &amp; rain always. Jia Wei, a campus student who met a girl called Gabriel in the graduation of the eve. Many types of coincidence connected them together, running repeatedly in campus on rainy day.",
    "header_img": "https://steamcdn-a.akamaihd.net/steam/apps/1020930/header.jpg?t=1553351799",
    "minimum_requirements": "OS:",
    "recommended_requirements": "OS: Windows 7/10 Processor: 1.8 GHz Pentium 4 Memory: 2 GB RAM Graphics: 1280 x 720 DirectX: Version 9.0c Storage: 2 GB available space",
    "reviews": []
}