{
    "app_id": 1020640,
    "name": "R.I.C.A",
    "release_date": "2019-02-15",
    "developer": [
        "Seldom Ludious"
    ],
    "publisher": [
        "Seldom Ludious"
    ],
    "platforms": [
        "windows"
    ],
    "required_age": 0,
    "categories": [
        "Single-player",
        "Steam Achievements",
        "Full controller support"
    ],
    "genres": [
        "Adventure",
        "Free to Play",
        "Indie",
        "RPG"
    ],
    "tags": [
        "Free to Play",
        "Adventure",
        "RPG"
    ],
    "achievements": 6,
    "positive_ratings": 65,
    "negative_ratings": 4,
    "price": 0.0,
    "description": "A little girl, Hinata, finding her missing cat in a mysterious and dangerous castle. This place once belonged to the famous Duke Shewell's family, but it is abandoned now. And there is a big secret hidden in this castle.",
    "header_img": "https://steamcdn-a.akamaihd.net/steam/apps/1020640/header.jpg?t=1551809548",
    "minimum_requirements": "OS: WindowsR 7/8/8.1/10 (32bit/64bit) Processor: Intel Core 2 Duo or better Memory: 2 GB RAM Graphics: DirectX 9/OpenGL 4.1 capable GPU DirectX: Version 9.0 Storage: 500 MB available space",
    "recommended_requirements": null,
    "reviews": []
}