{
    "app_id": 1020020,
    "name": "Dimension Two",
    "release_date": "2019-03-08",
    "developer": [
        "AeroRider"
    ],
    "publisher": [
        "AeroRider"
    ],
    "platforms": [
        "windows"
    ],
    "required_age": 0,
    "categories": [
        "Steam Workshop",
        "Includes level editor"
    ],
    "genres": [
        "Animation & Modeling",
        "Utilities",
        "Early Access"
    ],
    "tags": [
        "Early Access",
        "Animation & Modeling",
        "Utilities"
    ],
    "achievements": 0,
    "positive_ratings": 13,
    "negative_ratings": 1,
    "price": 3.99,
    "description": "DimensionTwo, Animate your anime wife! You can interact with all kinds of anime wife on the desktop, and you can make it yourself, so that your wife in your beloved static picture will be alive!",
    "header_img": "https://steamcdn-a.akamaihd.net/steam/apps/1020020/header.jpg?t=1555056081",
    "minimum_requirements": "Requires a 64-bit processor and operating system OS: Windows 7 64bit Processor: 1.66 GHz Intel i3 or equivalent Memory: 1 GB RAM Graphics: HD Graphics 4000 or above DirectX: Version 9.0c Storage: 500 MB available space",
    "recommended_requirements": "Requires a 64-bit processor and operating system OS: Windows 7 64bit Processor: 2.0 GHz Intel i5 or equivalent Memory: 2 GB RAM Graphics: NVIDIA GeForce GTX 660, AMD HD7800, 2 GB VRAM or above DirectX: Version 9.0c Storage: 1000 MB available space",
    "reviews": []
}