{
    "app_id": 1020410,
    "name": "Narco Strike",
    "release_date": "2019-03-28",
    "developer": [
        "Free Initiative Games"
    ],
    "publisher": [
        "Free Initiative Games"
    ],
    "platforms": [
        "windows"
    ],
    "required_age": 0,
    "categories": [
        "Single-player",
        "Partial Controller Support"
    ],
    "genres": [
        "Action",
        "Adventure",
        "Early Access"
    ],
    "tags": [
        "Early Access",
        "Action",
        "Gore"
    ],
    "achievements": 0,
    "positive_ratings": 6,
    "negative_ratings": 4,
    "price": 0.0,
    "description": "Action game based on real events, in which you take on the role of a drug dealer.",
    "header_img": "https://steamcdn-a.akamaihd.net/steam/apps/1020410/header.jpg?t=1556498441",
    "minimum_requirements": "OS: Windows® XP o 2000 Processor: Intel Pentium 4 a 2.0 Ghz, AMD Athlon XP o procesador equivalente Memory: 512 MB RAM Graphics: Intel Graphics Media Accelerator 950 or equivalent Storage: 800 MB available space Sound Card: Soundcard compatible with DirectX 9.0c",
    "recommended_requirements": "OS: Windows 7 or higher Processor: Intel Pentium 4 a 2.4 GHz o equivalente Memory: 1 GB RAM Graphics: ATI Radeon X800 / NVIDIA GeForce 7600 / Intel HD Graphics 2000 or higher Storage: 1 GB available space Sound Card: Soundcard compatible with DirectX 9.0c",
    "reviews": []
}