{
    "app_id": 1020010,
    "name": "Fantasy Island",
    "release_date": "2019-02-18",
    "developer": [
        "BoringGame"
    ],
    "publisher": [
        "BoringGame"
    ],
    "platforms": [
        "windows"
    ],
    "required_age": 0,
    "categories": [
        "Single-player"
    ],
    "genres": [
        "Action",
        "Adventure",
        "Casual",
        "Indie"
    ],
    "tags": [
        "Action",
        "Indie",
        "Casual"
    ],
    "achievements": 0,
    "positive_ratings": 0,
    "negative_ratings": 1,
    "price": 0.79,
    "description": "This is a simple crossbar game, simple screen, simple operation. If you like simple game fun, try it out.",
    "header_img": "https://steamcdn-a.akamaihd.net/steam/apps/1020010/header.jpg?t=1550489887",
    "minimum_requirements": "OS: Windows 7/8/10 Processor: Intel Pentium Processor Memory: 1 GB RAM Storage: 200 MB available space",
    "recommended_requirements": "OS: Windows 7/8/10 Memory: 4 GB RAM Storage: 500 MB available space",
    "reviews": []
}