{
    "app_id": 1020390,
    "name": "Beat Blaster",
    "release_date": "2019-02-15",
    "developer": [
        "Ivanovich Games"
    ],
    "publisher": [
        "Ivanovich Games"
    ],
    "platforms": [
        "windows"
    ],
    "required_age": 0,
    "categories": [
        "Single-player",
        "Steam Leaderboards"
    ],
    "genres": [
        "Action",
        "Adventure",
        "Casual",
        "Indie",
        "Racing",
        "Simulation"
    ],
    "tags": [
        "Action",
        "Indie",
        "Casual"
    ],
    "achievements": 30,
    "positive_ratings": 6,
    "negative_ratings": 1,
    "price": 15.49,
    "description": "Beat Blaster is a VR game in which the player must master the art of shooting, running and dodging obstacles and enemies. An original mix of styles with each level offering a new challenge.",
    "header_img": "https://steamcdn-a.akamaihd.net/steam/apps/1020390/header.jpg?t=1550639842",
    "minimum_requirements": "Requires a 64-bit processor and operating system OS: Windows 7 SP1 or newer Processor: Intel Core i5 4590 or AMD FX 8350 or greater Memory: 4 GB RAM Graphics: Nvidia GeForce GTX 970/AMD Radeon R9 290 equivalent or greater Storage: 500 MB available space Sound Card: Windows Compatible Sound Card Additional Notes: Virtual Reality required",
    "recommended_requirements": "Requires a 64-bit processor and operating system OS: Windows 7 SP1 or newer Processor: Intel Core i5 4590 or AMD FX 8350 or greater Memory: 8 GB RAM Graphics: Nvidia GeForce GTX 970/AMD Radeon R9 290 equivalent or greater Storage: 500 MB available space Sound Card: Windows Compatible Sound Card Additional Notes: Virtual Reality required",
    "reviews": []
}