{
    "app_id": 1020090,
    "name": "Overcome",
    "release_date": "2019-02-27",
    "developer": [
        "Overcome Studios"
    ],
    "publisher": [
        "Overcome Studios"
    ],
    "platforms": [
        "windows",
        "mac"
    ],
    "required_age": 0,
    "categories": [
        "Single-player",
        "Steam Achievements",
        "Full controller support",
        "Steam Cloud"
    ],
    "genres": [
        "Action",
        "Adventure",
        "Indie"
    ],
    "tags": [
        "Action",
        "Indie",
        "Adventure"
    ],
    "achievements": 13,
    "positive_ratings": 10,
    "negative_ratings": 1,
    "price": 8.29,
    "description": "Beat your inner demons without attacking them, in this extremely difficult platformer about how grief changes one's perception of the world. It is an expression of the developer's experience with cancer and heartbreak.",
    "header_img": "https://steamcdn-a.akamaihd.net/steam/apps/1020090/header.jpg?t=1551290242",
    "minimum_requirements": "OS: Windows 7 or later Processor: Intel i3 or better Memory: 1 GB RAM Storage: 130 MB available space",
    "recommended_requirements": null,
    "reviews": []
}