{
    "app_id": 1020600,
    "name": "Extreme Truck Simulator",
    "release_date": "2019-02-15",
    "developer": [
        "A Nostru"
    ],
    "publisher": [
        "A Nostru"
    ],
    "platforms": [
        "windows"
    ],
    "required_age": 0,
    "categories": [
        "Single-player"
    ],
    "genres": [
        "Casual",
        "Indie",
        "Racing",
        "Simulation",
        "Sports"
    ],
    "tags": [
        "Casual",
        "Racing",
        "Indie"
    ],
    "achievements": 0,
    "positive_ratings": 5,
    "negative_ratings": 1,
    "price": 1.69,
    "description": "Extreme Truck Simulator is a new funny truck game unique through its gameplay. If you thought this truck simulator will be easy, think again!",
    "header_img": "https://steamcdn-a.akamaihd.net/steam/apps/1020600/header.jpg?t=1551207586",
    "minimum_requirements": "OS: Windows XP x64 Processor: Intel Celeron Graphics: Intel HD graphics Storage: 200 MB available space",
    "recommended_requirements": "OS: Windows 10 x64 Processor: Intel i3 Graphics: GT 730 Storage: 200 MB available space",
    "reviews": []
}