{
    "app_id": 1020590,
    "name": "Space Pilgrim Academy: Reunion",
    "release_date": "2019-03-29",
    "developer": [
        "Pilgrim Adventures"
    ],
    "publisher": [
        "GrabTheGames"
    ],
    "platforms": [
        "windows"
    ],
    "required_age": 0,
    "categories": [
        "Single-player",
        "Steam Achievements",
        "Full controller support"
    ],
    "genres": [
        "Adventure",
        "Indie"
    ],
    "tags": [
        "Adventure",
        "Indie"
    ],
    "achievements": 12,
    "positive_ratings": 10,
    "negative_ratings": 0,
    "price": 1.69,
    "description": "Margaret Dale crosses the galaxy in search of her lost mother, determined to solve once and for all the mysteries surrounding the destruction of Latona station.",
    "header_img": "https://steamcdn-a.akamaihd.net/steam/apps/1020590/header.jpg?t=1554650162",
    "minimum_requirements": "OS: Windows 7/8/8.1/10 Processor: Intel Core2 Duo or better Memory: 2 GB RAM DirectX: Version 9.0 Storage: 800 MB available space",
    "recommended_requirements": null,
    "reviews": []
}