{
    "app_id": 1021700,
    "name": "Little Reds Forest Fun",
    "release_date": "2019-02-11",
    "developer": [
        "Virtual Bridgeworks"
    ],
    "publisher": [
        "VT Publishing"
    ],
    "platforms": [
        "windows"
    ],
    "required_age": 0,
    "categories": [
        "Single-player",
        "Steam Achievements"
    ],
    "genres": [
        "Adventure",
        "Casual",
        "Indie",
        "Strategy"
    ],
    "tags": [
        "Casual",
        "Strategy",
        "Adventure"
    ],
    "achievements": 1,
    "positive_ratings": 4,
    "negative_ratings": 0,
    "price": 3.99,
    "description": "Little Red is on her way to grandmas house, but to get there she will need your help. Help her through 480 different brain teasing puzzles to find her way through the forests.",
    "header_img": "https://steamcdn-a.akamaihd.net/steam/apps/1021700/header.jpg?t=1549924223",
    "minimum_requirements": "OS: Win 7 32-bit or higher Processor: 2.0 ghz or higher Memory: 500 MB RAM Graphics: 500 Megs VRAM DirectX: Version 9.0 Storage: 500 MB available space",
    "recommended_requirements": null,
    "reviews": []
}