{
    "app_id": 1021840,
    "name": "Asteroid Hideout",
    "release_date": "2019-03-14",
    "developer": [
        "toxicbrain"
    ],
    "publisher": [
        "toxicbrain"
    ],
    "platforms": [
        "windows"
    ],
    "required_age": 0,
    "categories": [
        "Single-player",
        "Steam Achievements",
        "Full controller support"
    ],
    "genres": [
        "Action",
        "Casual",
        "Indie"
    ],
    "tags": [
        "Casual",
        "Indie",
        "Action"
    ],
    "achievements": 3,
    "positive_ratings": 3,
    "negative_ratings": 1,
    "price": 2.09,
    "description": "Similar to a classic asteroids game you pilot a spaceship through an asteroid belt, but additionally fight waves of enemies. Every hit gives you some score and increases your score multiplier. Go for the highscore! Progress by unlocking more ships and applying upgrades and dive into higher difficulties!",
    "header_img": "https://steamcdn-a.akamaihd.net/steam/apps/1021840/header.jpg?t=1554034191",
    "minimum_requirements": "Requires a 64-bit processor and operating system OS: Windows 7 Processor: i5 Memory: 2 GB RAM Graphics: NVIDIA GTX 660 DirectX: Version 11 Network: Broadband Internet connection Storage: 250 MB available space",
    "recommended_requirements": "Requires a 64-bit processor and operating system",
    "reviews": []
}