{
    "app_id": 1021640,
    "name": "Fold",
    "release_date": "2019-03-05",
    "developer": [
        "Once A Bird"
    ],
    "publisher": [
        "Once A Bird"
    ],
    "platforms": [
        "windows"
    ],
    "required_age": 0,
    "categories": [
        "Single-player",
        "Steam Achievements",
        "Steam Cloud"
    ],
    "genres": [
        "Casual",
        "Indie"
    ],
    "tags": [
        "Casual",
        "Indie",
        "Puzzle"
    ],
    "achievements": 7,
    "positive_ratings": 6,
    "negative_ratings": 0,
    "price": 2.09,
    "description": "Fold and expand blocks until only one of each color remains in this original puzzler.",
    "header_img": "https://steamcdn-a.akamaihd.net/steam/apps/1021640/header.jpg?t=1551828042",
    "minimum_requirements": "OS: Windows 7 SP1+ Processor: SSE2 instruction set support Memory: 2 GB RAM Graphics: Shader model 2 capable card DirectX: Version 9.0c Storage: 100 MB available space",
    "recommended_requirements": null,
    "reviews": []
}