{
    "app_id": 1021130,
    "name": "Trucking",
    "release_date": "2019-02-27",
    "developer": [
        "Another world"
    ],
    "publisher": [
        "Another world"
    ],
    "platforms": [
        "windows"
    ],
    "required_age": 0,
    "categories": [
        "Single-player"
    ],
    "genres": [
        "Indie",
        "Simulation",
        "Early Access"
    ],
    "tags": [
        "Early Access",
        "Indie",
        "Simulation"
    ],
    "achievements": 0,
    "positive_ratings": 4,
    "negative_ratings": 0,
    "price": 12.39,
    "description": "Do you like trucks? Love to do everything with your own hands? Then repair, buy, transport cargo. Maximum interactivity. Maximum capacity. work is.",
    "header_img": "https://steamcdn-a.akamaihd.net/steam/apps/1021130/header.jpg?t=1552578070",
    "minimum_requirements": "OS: Windows XP / Windows Vista / Windows 7 / Windows 8 / Windows 10 Processor: x86 compatible 2.3GHz or faster Memory: 2 GB RAM Graphics: 512MB NVIDIA GeForce 6800 series or ATI Radeon X800 series or better DirectX: Version 9.0 Storage: 2 GB available space Sound Card: DirectX 9.0c compatible 16-bit sound card",
    "recommended_requirements": "OS: Windows 7 / Windows 10 Processor: x86 compatible 3.2GHz or faster Memory: 6 GB RAM Graphics: 1.5GB NVIDIA GeForce 500 series or ATI Radeon 6000 series or better DirectX: Version 9.0 Storage: 2 GB available space",
    "reviews": []
}