{
    "app_id": 1021260,
    "name": "Chocolate makes you happy: St.Patrick's Day",
    "release_date": "2019-02-06",
    "developer": [
        "Blender Games"
    ],
    "publisher": [
        "Blender Games"
    ],
    "platforms": [
        "windows"
    ],
    "required_age": 0,
    "categories": [
        "Single-player",
        "Steam Achievements"
    ],
    "genres": [
        "Casual",
        "Indie"
    ],
    "tags": [
        "Casual",
        "Indie",
        "Family Friendly"
    ],
    "achievements": 100,
    "positive_ratings": 2,
    "negative_ratings": 6,
    "price": 0.79,
    "description": "Casual colorful physical puzzle with sweets, jumpers, teleports, accelerators, reverse gravity, traps, treadmills, clovers, rainbows, St.Patrick's Day art and explosions.",
    "header_img": "https://steamcdn-a.akamaihd.net/steam/apps/1021260/header.jpg?t=1553272202",
    "minimum_requirements": "OS: Windows 7, 8.1, 10 Processor: Intel or AMD 2 GHz Memory: 2 GB RAM Graphics: Any",
    "recommended_requirements": null,
    "reviews": []
}