{
    "app_id": 1021690,
    "name": "Game Studio Simulator（我要做游戏）",
    "release_date": "2019-03-05",
    "developer": [
        "FunLab骆驼"
    ],
    "publisher": [
        "WhiteLakeStudio"
    ],
    "platforms": [
        "windows"
    ],
    "required_age": 0,
    "categories": [
        "Single-player",
        "Steam Achievements",
        "Steam Cloud"
    ],
    "genres": [
        "Casual",
        "Indie",
        "Simulation",
        "Strategy"
    ],
    "tags": [
        "Casual",
        "Strategy",
        "Indie"
    ],
    "achievements": 58,
    "positive_ratings": 133,
    "negative_ratings": 19,
    "price": 1.69,
    "description": "Make a Game Company for your self！Get it work，Run for Rich！",
    "header_img": "https://steamcdn-a.akamaihd.net/steam/apps/1021690/header.jpg?t=1556091122",
    "minimum_requirements": "OS: Windows 7+ Processor: AMD Athlon X4 5350, Intel Core i3-2100T or equivalent Memory: 4 GB RAM Graphics: GeForce GTX 480M, Radeon HD 6790 or equivalent DirectX: Version 9.0 Storage: 100 MB available space Sound Card: Yes",
    "recommended_requirements": "OS: Windows 7+ Processor: AMD Athlon X4 605e, Intel Celeron G1610 or equivalent Memory: 4 GB RAM Graphics: Radeon HD 7850, GeForce GTX 470 or equivalent DirectX: Version 9.0 Storage: 100 MB available space Sound Card: Yes",
    "reviews": []
}