{
    "app_id": 1021680,
    "name": "Music Escape (Beta Edition)",
    "release_date": "2019-02-22",
    "developer": [
        "2049VR"
    ],
    "publisher": [
        "2049VR"
    ],
    "platforms": [
        "windows"
    ],
    "required_age": 0,
    "categories": [
        "Single-player",
        "Steam Leaderboards"
    ],
    "genres": [
        "Casual",
        "Indie",
        "Early Access"
    ],
    "tags": [
        "Early Access",
        "Indie",
        "Casual"
    ],
    "achievements": 0,
    "positive_ratings": 7,
    "negative_ratings": 2,
    "price": 7.49,
    "description": "Music Escape allows you to play VR Rhythm as your favorite Superhero! Do you have what it takes to master Adamantium Claws or Light Nanchakus? How long can you combo for while disarming music bombs and dodging lasers? Test yourself against the world's mightiest superheroes.",
    "header_img": "https://steamcdn-a.akamaihd.net/steam/apps/1021680/header.jpg?t=1556459864",
    "minimum_requirements": "Requires a 64-bit processor and operating system OS: Windows 7/8.1/10 (64bit) Processor: Intel Core i5-4590 (AMD FX 8350) or better Memory: 4 GB RAM Graphics: GeForce GTX 970 (AMD Radeon R9 290) or better DirectX: Version 11 Storage: 1 GB available space",
    "recommended_requirements": "Requires a 64-bit processor and operating system OS: Windows 7/8.1/10 (64bit) Processor: Intel Core i7-6700K (AMD FX 9590) or better Graphics: GeForce GTX 1060 (AMD RX 480) equivalent or better DirectX: Version 11 Storage: 1 GB available space",
    "reviews": []
}