{
    "app_id": 1021820,
    "name": "Dumb test: Check your teammates",
    "release_date": "2019-02-11",
    "developer": [
        "CSM"
    ],
    "publisher": [
        "W.T.B."
    ],
    "platforms": [
        "windows"
    ],
    "required_age": 0,
    "categories": [
        "Single-player",
        "Steam Achievements"
    ],
    "genres": [
        "Casual",
        "Indie",
        "Simulation"
    ],
    "tags": [
        "Casual",
        "Indie",
        "Simulation"
    ],
    "achievements": 5,
    "positive_ratings": 3,
    "negative_ratings": 1,
    "price": 0.77,
    "description": "Before you invite a friend to the team, let him pass this game!",
    "header_img": "https://steamcdn-a.akamaihd.net/steam/apps/1021820/header.jpg?t=1549874834",
    "minimum_requirements": "OS: Windows XP\\Vista\\7\\8\\10 Processor: 1.2 Ghz+ Memory: 512 MB RAM Graphics: Compatible with DirectX 9 Storage: 69 MB available space Additional Notes: Keyboard, mouse",
    "recommended_requirements": null,
    "reviews": []
}