{
    "app_id": 1021950,
    "name": "When the Darkness comes",
    "release_date": "2019-03-01",
    "developer": [
        "Sirhaian"
    ],
    "publisher": [
        "Sirhaian"
    ],
    "platforms": [
        "windows"
    ],
    "required_age": 0,
    "categories": [
        "Single-player",
        "Steam Achievements"
    ],
    "genres": [
        "Adventure",
        "Free to Play",
        "Indie"
    ],
    "tags": [
        "Free to Play",
        "Psychological Horror",
        "Indie"
    ],
    "achievements": 32,
    "positive_ratings": 2966,
    "negative_ratings": 301,
    "price": 0.0,
    "description": "When the Darkness comes is a walking simulator whose glitchy and dark tale tries to illustrate the hardships of depression and anxiety through a variety of imaginary digital landscapes.",
    "header_img": "https://steamcdn-a.akamaihd.net/steam/apps/1021950/header.jpg?t=1551818224",
    "minimum_requirements": "OS: Windows 7 Processor: Intel Core i5-3xxx Memory: 2 GB RAM Graphics: Nvidia Geforce 970 DirectX: Version 10 Storage: 550 MB available space",
    "recommended_requirements": "OS: Windows 7,8,10 Processor: Intel Core i7-2600 and up, or similar. Memory: 2 GB RAM Graphics: Nvidia Geforce 1060 and up, or similar. DirectX: Version 10 Storage: 550 MB available space",
    "reviews": []
}