{
    "app_id": 1021860,
    "name": "Unravel Cyndy",
    "release_date": "2019-02-10",
    "developer": [
        "DreamBig Games"
    ],
    "publisher": [
        "DreamBig Games"
    ],
    "platforms": [
        "windows"
    ],
    "required_age": 18,
    "categories": [
        "Single-player"
    ],
    "genres": [
        "Indie"
    ],
    "tags": [
        "Nudity",
        "Sexual Content",
        "Indie"
    ],
    "achievements": 19,
    "positive_ratings": 2,
    "negative_ratings": 0,
    "price": 1.69,
    "description": "Unravel Cyndy is a jigsaw puzzle game, containing 64 sexy and sexual 3D CGI renders, featuring cool and relaxing gameplay.",
    "header_img": "https://steamcdn-a.akamaihd.net/steam/apps/1021860/header.jpg?t=1549871528",
    "minimum_requirements": "OS: Windows 8.1 Processor: Dual Core Processor (i3 or equivalent) Memory: 2 GB RAM Graphics: 1GB of Video Ram DirectX: Version 10 Storage: 250 MB available space",
    "recommended_requirements": "OS: Windows 8.1 or above Processor: Dual Core Processor (i3 or higher) Memory: 4 GB RAM Graphics: 2GB of Video Ram DirectX: Version 11 Storage: 300 MB available space",
    "reviews": []
}