{
    "app_id": 1021120,
    "name": "PraeBot",
    "release_date": "2019-02-22",
    "developer": [
        "KEꞰ",
        "EasyWays Team"
    ],
    "publisher": [
        "KEꞰ",
        "EasyWays"
    ],
    "platforms": [
        "windows"
    ],
    "required_age": 0,
    "categories": [
        "Single-player",
        "Steam Achievements",
        "Partial Controller Support",
        "Steam Cloud"
    ],
    "genres": [
        "Action",
        "Indie"
    ],
    "tags": [
        "Action",
        "Indie",
        "Platformer"
    ],
    "achievements": 46,
    "positive_ratings": 6,
    "negative_ratings": 3,
    "price": 0.79,
    "description": "PraeBot - hardcorish platformer simulator in real time. Without registration. Or other MMS stuff. Do you have nerves of steel? Well, we’ll check that. This game will make you regret your existence.",
    "header_img": "https://steamcdn-a.akamaihd.net/steam/apps/1021120/header.jpg?t=1550859302",
    "minimum_requirements": "OS: Windows XP/Vista/7 Processor: 1GHz Processor Memory: 2 GB RAM Graphics: Intel Graphics HD DirectX: Version 9.0 Storage: 100 MB available space",
    "recommended_requirements": "OS: Microsoft Windows 10 Processor: i9-9990X Memory: 256 GB RAM Graphics: Nvidia Tesla P100 16GB DirectX: Version 12 Storage: 100 MB available space",
    "reviews": []
}