{
    "app_id": 1021850,
    "name": "Blood Memery|血色记忆",
    "release_date": "2019-02-14",
    "developer": [
        "CCYY"
    ],
    "publisher": [
        "CCYY"
    ],
    "platforms": [
        "windows"
    ],
    "required_age": 0,
    "categories": [
        "Single-player",
        "Steam Achievements",
        "Steam Cloud"
    ],
    "genres": [
        "Adventure",
        "Indie",
        "RPG"
    ],
    "tags": [
        "Sexual Content",
        "RPG",
        "Indie"
    ],
    "achievements": 20,
    "positive_ratings": 51,
    "negative_ratings": 0,
    "price": 2.09,
    "description": "Take earphones, listen to the helpless voice, listen to the angry complaint. To the left heaven to the right hell. The whole story is presented in the form of a fictional voice diary. A monologue diary is used to show you the tragic experience of a abducted girl and the painful choices it faces.",
    "header_img": "https://steamcdn-a.akamaihd.net/steam/apps/1021850/header.jpg?t=1551270820",
    "minimum_requirements": "OS: Windows 7 or later Processor: Intel Core 2 Due E6300 or AMD althon X2 5000+ Memory: 1024 MB RAM Graphics: NVIDIA 7300GT or ATI X1600 Storage: 500 MB available space",
    "recommended_requirements": null,
    "reviews": []
}