{
    "app_id": 1022630,
    "name": "Tankorama",
    "release_date": "2019-03-13",
    "developer": [
        "GO Dizajn"
    ],
    "publisher": [
        "GO Dizajn"
    ],
    "platforms": [
        "windows"
    ],
    "required_age": 0,
    "categories": [
        "Single-player",
        "Steam Achievements",
        "Partial Controller Support",
        "Steam Leaderboards"
    ],
    "genres": [
        "Action",
        "Casual",
        "Indie"
    ],
    "tags": [
        "Action",
        "Indie",
        "Casual"
    ],
    "achievements": 16,
    "positive_ratings": 4,
    "negative_ratings": 0,
    "price": 5.19,
    "description": "TANKORAMA is an old school top-down shoot ‘em up game with modern graphics and addictive gameplay. Control HOVERING TANKS, destroy enemies, collect power ups and challenge wicked bosses in single player. Show who is THE BOSS on Earth!",
    "header_img": "https://steamcdn-a.akamaihd.net/steam/apps/1022630/header.jpg?t=1552489446",
    "minimum_requirements": "OS: Windows 7 Processor: Core 2 Duo - 2.7 GHz or AMD equivalent Memory: 4 GB RAM Graphics: DirectX 9.0 compatible graphics card DirectX: Version 9.0 Storage: 350 MB available space",
    "recommended_requirements": null,
    "reviews": []
}