{
    "app_id": 1022530,
    "name": "SUBARACITY",
    "release_date": "2019-04-03",
    "developer": [
        "ESQUADRA"
    ],
    "publisher": [
        "Flyhigh Works"
    ],
    "platforms": [
        "windows"
    ],
    "required_age": 0,
    "categories": [
        "Single-player",
        "Steam Achievements",
        "Partial Controller Support"
    ],
    "genres": [
        "Casual",
        "Indie"
    ],
    "tags": [
        "Casual",
        "Indie"
    ],
    "achievements": 12,
    "positive_ratings": 1,
    "negative_ratings": 1,
    "price": 3.99,
    "description": "SubaraCity is a city-making puzzle game, giving a fresh spin on the block-matching genre!",
    "header_img": "https://steamcdn-a.akamaihd.net/steam/apps/1022530/header.jpg?t=1554340719",
    "minimum_requirements": "OS: Windows 10 Processor: 2GHz Graphics: DirectX11 compatible DirectX: Version 11 Storage: 180 MB available space",
    "recommended_requirements": null,
    "reviews": []
}