{
    "app_id": 1022180,
    "name": "And I Must Scream",
    "release_date": "2019-03-04",
    "developer": [
        "Stitched Mouth Studios"
    ],
    "publisher": [
        "Stitched Mouth Studios"
    ],
    "platforms": [
        "windows"
    ],
    "required_age": 0,
    "categories": [
        "Single-player",
        "Steam Achievements"
    ],
    "genres": [
        "Action",
        "Adventure",
        "Indie"
    ],
    "tags": [
        "Action",
        "Adventure",
        "Indie"
    ],
    "achievements": 1,
    "positive_ratings": 4,
    "negative_ratings": 2,
    "price": 0.0,
    "description": "And I Must Scream is an experience horror game that takes the player through a journey of kid's imagination of how he perceives the world around him. Control Max as he navigates the literal and metaphorical landscapes of trauma on his search for strength and acceptance.",
    "header_img": "https://steamcdn-a.akamaihd.net/steam/apps/1022180/header.jpg?t=1551749180",
    "minimum_requirements": "OS: Windows 10 Processor: Intel Core i5 Memory: 3 GB RAM Graphics: Nvidia GTX 660 DirectX: Version 12 Storage: 830 MB available space Sound Card: Not Required",
    "recommended_requirements": "OS: Windows 10 Processor: Intel Core i5 Memory: 6 GB RAM Graphics: Nvidia GTX 1060 DirectX: Version 12 Storage: 1 GB available space Sound Card: Not Required",
    "reviews": []
}