{
    "app_id": 1022130,
    "name": "CLASH! - Battle Arena",
    "release_date": "2019-02-20",
    "developer": [
        "Mason Butterwick"
    ],
    "publisher": [
        "Mason Butterwick"
    ],
    "platforms": [
        "windows"
    ],
    "required_age": 0,
    "categories": [
        "Single-player",
        "Multi-player",
        "Local Multi-Player",
        "Full controller support"
    ],
    "genres": [
        "Action",
        "Indie"
    ],
    "tags": [
        "Action",
        "Indie",
        "Fighting"
    ],
    "achievements": 12,
    "positive_ratings": 2,
    "negative_ratings": 2,
    "price": 4.79,
    "description": "Fight your friends in local multiplayer, or hone your skills in the single-player training mode. Create an opening or outmaneuver your opponent to seize victory. And parry incoming attacks with perfect timing!",
    "header_img": "https://steamcdn-a.akamaihd.net/steam/apps/1022130/header.jpg?t=1550666131",
    "minimum_requirements": "OS: Windows 7 Processor: Intel Core 2 Duo 2.1 ghz or equivalent Memory: 2 GB RAM Graphics: 2nd Generation Intel Core HD Graphics (2000/3000), 256MB Storage: 35 MB available space",
    "recommended_requirements": null,
    "reviews": []
}