{
    "app_id": 1022840,
    "name": "The Adventures of Jason and the Argonauts",
    "release_date": "2019-02-08",
    "developer": [
        "PixQuake"
    ],
    "publisher": [
        "HH-Games"
    ],
    "platforms": [
        "windows"
    ],
    "required_age": 0,
    "categories": [
        "Single-player"
    ],
    "genres": [
        "Casual"
    ],
    "tags": [
        "Casual",
        "Match 3"
    ],
    "achievements": 0,
    "positive_ratings": 5,
    "negative_ratings": 0,
    "price": 3.99,
    "description": "This exciting Match 3 adventure game takes you on a journey beyond the edge of the world. Join ancient Greek heroes in search of the Golden Fleece.",
    "header_img": "https://steamcdn-a.akamaihd.net/steam/apps/1022840/header.jpg?t=1549616350",
    "minimum_requirements": "OS: Windows XP/ME/Vista/7/8/10 Processor: 1.0GHz CPU Memory: 128 MB RAM Graphics: 128MB DirectX: Version 9.0 Storage: 1 GB available space Sound Card: DirectX compatible sound card",
    "recommended_requirements": "OS: Windows XP/ME/Vista/7/8/10 Processor: 1.2GHz CPU Memory: 256 MB RAM Graphics: 256MB DirectX: Version 9.0 Storage: 1 GB available space Sound Card: DirectX compatible sound card",
    "reviews": []
}