{
    "app_id": 1022610,
    "name": "Alchemic Dungeons DX",
    "release_date": "2019-02-14",
    "developer": [
        "Q-Cumber Factory"
    ],
    "publisher": [
        "Flyhigh Works"
    ],
    "platforms": [
        "windows"
    ],
    "required_age": 0,
    "categories": [
        "Single-player",
        "Partial Controller Support"
    ],
    "genres": [
        "RPG"
    ],
    "tags": [
        "RPG",
        "Rogue-like",
        "Pixel Graphics"
    ],
    "achievements": 0,
    "positive_ratings": 6,
    "negative_ratings": 0,
    "price": 5.79,
    "description": "Blending rogue-like dungeon exploration with item crafting, Alchemic Dungeons DX is a game of endless variety!",
    "header_img": "https://steamcdn-a.akamaihd.net/steam/apps/1022610/header.jpg?t=1550153186",
    "minimum_requirements": "OS: Windows XP/Windows Vista/Windows 7/Windows 8/Windows 10 Processor: Intel Core 2 Duo Memory: 1 GB RAM DirectX: Version 9.0 Storage: 400 MB available space",
    "recommended_requirements": "OS: Windows 7/Windows 8/Windows 10 Processor: Intel Core i7 Memory: 2 GB RAM DirectX: Version 9.0 Storage: 400 MB available space",
    "reviews": []
}