{
    "app_id": 1022000,
    "name": "Lyantei",
    "release_date": "2019-02-22",
    "developer": [
        "Sweet Slush Games"
    ],
    "publisher": [
        "Sweet Slush Games"
    ],
    "platforms": [
        "windows"
    ],
    "required_age": 0,
    "categories": [
        "Single-player",
        "Partial Controller Support"
    ],
    "genres": [
        "Casual",
        "Indie"
    ],
    "tags": [
        "Indie",
        "Casual",
        "Visual Novel"
    ],
    "achievements": 0,
    "positive_ratings": 1,
    "negative_ratings": 1,
    "price": 6.19,
    "description": "Work at your aunt's inn and help your guests with their problems. Can your decisions save your aunt's livelihood or will all the labour be in vain?",
    "header_img": "https://steamcdn-a.akamaihd.net/steam/apps/1022000/header.jpg?t=1550836821",
    "minimum_requirements": "OS: Windows 7 Processor: 1.8 GHz Dual-Core CPU Memory: 4 GB RAM Graphics: Integrated graphics Storage: 200 MB available space",
    "recommended_requirements": null,
    "reviews": []
}