{
    "app_id": 1022640,
    "name": "Lgnorant girl doll",
    "release_date": "2019-02-15",
    "developer": [
        "wandwand"
    ],
    "publisher": [
        "wandwad"
    ],
    "platforms": [
        "windows"
    ],
    "required_age": 0,
    "categories": [
        "Single-player"
    ],
    "genres": [
        "Casual",
        "Indie",
        "RPG"
    ],
    "tags": [
        "Casual",
        "RPG",
        "Indie"
    ],
    "achievements": 0,
    "positive_ratings": 1,
    "negative_ratings": 1,
    "price": 7.19,
    "description": "Lgnorant girl doll is a game of two girls traveling in a wide world. They confront a lot of trials for their own mission. One person is a calm doll girl Another person is an emotional girl They will combine power and fight against terrible enemies Through the fields and dungeons, they become stronger.",
    "header_img": "https://steamcdn-a.akamaihd.net/steam/apps/1022640/header.jpg?t=1550231602",
    "minimum_requirements": "最低配置: 操作系统: windows7,8,10 处理器: 1.6 GHz 内存: 4 GB RAM 图形: intel Graphics DirectX 版本: 9.0 存储空间: 需要 200 MB 可用空间 声卡: DirectX 9.0 Compatible Sound",
    "recommended_requirements": null,
    "reviews": []
}