{
    "app_id": 1022170,
    "name": "VehiCraft",
    "release_date": "2019-03-22",
    "developer": [
        "Heart Fragment Studio"
    ],
    "publisher": [
        "Heart Fragment Studio"
    ],
    "platforms": [
        "windows"
    ],
    "required_age": 0,
    "categories": [
        "Single-player",
        "Steam Workshop",
        "Steam Cloud"
    ],
    "genres": [
        "Casual",
        "Indie",
        "Simulation",
        "Early Access"
    ],
    "tags": [
        "Early Access",
        "Indie",
        "Casual"
    ],
    "achievements": 0,
    "positive_ratings": 1,
    "negative_ratings": 2,
    "price": 8.29,
    "description": "This is a vehicle sandbox crafting game that you can build different ground vehicles to fight other vehicles. This game gives the maximum freedom for object placement and customisation for your vehicle.",
    "header_img": "https://steamcdn-a.akamaihd.net/steam/apps/1022170/header.jpg?t=1554355292",
    "minimum_requirements": "OS: Windows 7 SP1+ Processor: Quad Core 3+ ghz CPU Memory: 4 GB RAM Graphics: GTX 960 DirectX: Version 10 Storage: 250 MB available space",
    "recommended_requirements": "OS: Windows 10 Processor: i5-3570K or FX 8350 Memory: 8 GB RAM Graphics: GTX 1070 DirectX: Version 12 Storage: 500 MB available space",
    "reviews": []
}