{
    "app_id": 1022870,
    "name": "Luminos",
    "release_date": "2019-04-11",
    "developer": [
        "dev4play"
    ],
    "publisher": [
        "dev4play"
    ],
    "platforms": [
        "windows"
    ],
    "required_age": 0,
    "categories": [
        "Single-player",
        "Steam Achievements"
    ],
    "genres": [
        "Casual",
        "Indie"
    ],
    "tags": [
        "Indie",
        "Casual"
    ],
    "achievements": 13,
    "positive_ratings": 15,
    "negative_ratings": 0,
    "price": 2.09,
    "description": "When the colours of the world are no more… Little Lumi must embark on a journey across a variety of wonderful sceneries to bring them back. Let the adventure begin!",
    "header_img": "https://steamcdn-a.akamaihd.net/steam/apps/1022870/header.jpg?t=1554997930",
    "minimum_requirements": "OS: Windows 7/8/10 Processor: Intel Core i3 Memory: 2 GB RAM Graphics: GeForce GTX 580 / Radeon HD 7770 Storage: 1 GB available space Sound Card: Integrated",
    "recommended_requirements": null,
    "reviews": []
}