{
    "app_id": 1022770,
    "name": "Beyond Enemy Lines: Operation Arctic Hawk",
    "release_date": "2019-03-07",
    "developer": [
        "Polygon Art"
    ],
    "publisher": [
        "Polygon Art"
    ],
    "platforms": [
        "windows"
    ],
    "required_age": 0,
    "categories": [
        "Single-player",
        "Steam Achievements",
        "Partial Controller Support",
        "Steam Cloud"
    ],
    "genres": [
        "Action",
        "Indie"
    ],
    "tags": [
        "Action",
        "Indie",
        "Singleplayer"
    ],
    "achievements": 27,
    "positive_ratings": 6,
    "negative_ratings": 4,
    "price": 3.99,
    "description": "Think your way in, observe the enemies and sneak into their base. Rescue an as hostage held agent from an unknown arms dealer, adapt to changing weather conditions, and use the the darkness of the night to your favor in this unforgiving, intense experience where skill and tactical decisions matter!",
    "header_img": "https://steamcdn-a.akamaihd.net/steam/apps/1022770/header.jpg?t=1551968402",
    "minimum_requirements": "Requires a 64-bit processor and operating system OS: Windows 7 64Bit Processor: Intel Core i5-2500K CPU or equivalent Memory: 4 GB RAM Graphics: 4 DirectX: Version 11 Storage: 7 GB available space Additional Notes: Requirements for 1080p @ 60FPS, no official support for mobile or integrated GPU",
    "recommended_requirements": "Requires a 64-bit processor and operating system OS: Windows 10 64Bit Processor: Intel Core i7 4790k CPU or equivalent Memory: 6 GB RAM Graphics: Geforce GTX 970 or AMD Radeon R9 290 DirectX: Version 11 Storage: 7 GB available space Additional Notes: Requirements for 1080p @ 60FPS, no official support for mobile or integrated GPU",
    "reviews": []
}