{
    "app_id": 10220,
    "name": "Postal III",
    "release_date": "2012-02-17",
    "developer": [
        "Trashmasters"
    ],
    "publisher": [
        "Akella"
    ],
    "platforms": [
        "windows"
    ],
    "required_age": 18,
    "categories": [
        "Single-player",
        "Steam Achievements"
    ],
    "genres": [
        "Action"
    ],
    "tags": [
        "Action",
        "Dark Humor",
        "Gore"
    ],
    "achievements": 38,
    "positive_ratings": 641,
    "negative_ratings": 1101,
    "price": 8.99,
    "description": "Good or Insane? The choice is yours. Following the Apocalyptic end to the Postal Dude’s week in Paradise, we follow him and his insane pitbull Champ as they emigrate to its appropriately named sister city, Catharsis.",
    "header_img": "https://steamcdn-a.akamaihd.net/steam/apps/10220/header.jpg?t=1487954225",
    "minimum_requirements": "OS: Windows 7 / Vista / XP Processor: 3.0 Ghz P4, Dual Core 2.0 (or higher) or AMD64X2 (or higher)  Memory: 1GP XP/2GB Vista Hard Disk Space: 13.5 GB Video Card: Video card must 128MB or more and should be a DirectX 9 –compatible with support for Pixel Shaders  DirectX®: 9.0c Sound: DirectX 9.0c Compatible",
    "recommended_requirements": null,
    "reviews": [
        {
            "review_text": "I got this game for free from RWS, but i think they only did that because they wanted to violate me somehow.",
            "review_score": "-1"
        },
        {
            "review_text": "Sack of ♥♥♥♥. It's one of those games where you constantly have to babysit NPC's who are so ♥♥♥♥♥♥♥♥ they can't even follow you to the objective (meaning you can't win.)  Waste of money, and I paid $5 for it.",
            "review_score": "-1"
        },
        {
            "review_text": "Play Postal 2 instead of this garbage",
            "review_score": "-1"
        },
        {
            "review_text": "This is the edgy annoying teenager of video games. Do not, I repeat, DO NOT BUY THIS GAME. Even RWS (Running With Scissors, the developers of the previous two Postal games) have dissed this game. You know it's bad when developers diss an installment of their own franchise. It's not even entertaining in the really bad game sense, it's just pure try-hard garbage. Put your money towards Postal 2, or hell, any other game, but do not even get close to this game.",
            "review_score": "-1"
        },
        {
            "review_text": "As a huge fan of committing attrocities in Postal 2, I'm sorry to say I had to give up on this weak ♥♥♥ game. Gone is the open world, free form fun. No, now we need to follow some half-baked linear story as if that was ever anyone's interest in this franchise. How is grabbing cats and decking soccer mums anything compared to filling a bank with grenades, pouring in gasoline and making it rain like a stripclub of flaming meat-paste. This is the diet coke of evil.",
            "review_score": "-1"
        },
        {
            "review_text": "Well, I was really looking forward to this when I saw it, hoping it was as silly as the first two games, but amazingly enough, it's got less story than Postal 2, and the camera shaking, oh lord, that was hard to cope with while playing it, and then it was made with the Source engine, which you can see pretty much straight away, I would stay away from this game unless you have a gut of steel and don't want to play it for the story. No freeroaming up to where I've gotten, which is very sad.",
            "review_score": "-1"
        },
        {
            "review_text": "I got this game for free, but I cant shake the feeling that I got ripped off somehow...",
            "review_score": "-1"
        },
        {
            "review_text": "If you really love the Postal franchise you'll love the humor and enjoy the characters and you WILL have fun. It's dysfunctional and wrong, nothing is sacred and that's all that matters. A couple new weapons are a real winner (badgersaw, beehive) and the missing anthrax infected cow heads and missing taliban WMD rocket launcher is a real bummer. Half the fun I have with Postal 2 is the AFFECT of a biological agent trap or the automatic spreading of sick on a populace as postal dude stands by, innocent. I missed people running up to stop near me and say 'I...' only to begin vomiting blood and die - because of some devious mischief I had nothing at all to do with, I promise. Postal III lacks this depth of game play. It is somewhat linear. Not completely on rails, but not free. But when you've got Ron Jeremy, Sarah Palin, Gary Coleman's face, Osamma Bin Laden, homo cowboy thegway biker gangs, Krotchy and all the racism and political jokes you could ever want just waiting for you...you would be cheating yourself to not at least give this game a try. I got the game and played it through and I regret nothing.",
            "review_score": "1"
        },
        {
            "review_text": "This game is just a crap...   Nothing works the way it should and killing stuff just feels boring, even shooting sperm paper feels boring.  It is not nearly as open as the second game and feels more like a corridor shooter (even if it isn't).   I recommend picking up the second installment in the series instead.    2/10",
            "review_score": "-1"
        },
        {
            "review_text": "I am not going to make a review about the story or the sense of the game. Postal 2 was a well made game with a nice way to play.  But Postal 3 is such a bad compiled bunch of time wasting. The controls are horrobly. The loading times are also terrible. All cutscenes (even uif you skip them) are annoying.  I was realy looking for a good time in Postal 3 and haveing some fun listening to all the critical comments and events.  I am sorry to say but Postal 3 sucks. (Just to keep the slang of Postal)",
            "review_score": "-1"
        },
        {
            "review_text": "Payed $40 for this on release. I wanna buy it for a m8 as a joke, but the thought of spending a total of $50 altogether leaves a bad taste in my mouth.",
            "review_score": "-1"
        },
        {
            "review_text": "Press shiny red button to crash.",
            "review_score": "-1"
        },
        {
            "review_text": "i enjoyed this more than i should have   catnades",
            "review_score": "1"
        },
        {
            "review_text": "Runs ♥♥♥♥♥♥ but it's a fun ♥♥♥ game.",
            "review_score": "1"
        },
        {
            "review_text": "I sure enjoyed Postal 2... Now there's a Postal 3 on the Source Engine! The trailers and gameplay look cool, nothing too serious just messing around. Is this game worth buying? No. Not at all. Back when this was first released the publishers of this game released it early by mistake (a month!) later on the game was re-released a few months later. It was a complete disaster. The steam version is in Russian, and there is no legit or 'legal' way should I say to get this game into English. The game is very buggy, very poor performance and frame rate issues, clunky controls, the game is just bad. Don't buy it. Ever.",
            "review_score": "-1"
        },
        {
            "review_text": "whose ♥♥♥♥ing idea was this",
            "review_score": "-1"
        },
        {
            "review_text": "fun game buggy but over all its not too bad  ",
            "review_score": "1"
        },
        {
            "review_text": "Dont buy this game unless it is £2 / $3.50 its just not worth any more than that. I am a fan of the Postal series so i was happy to buy it, i knew it would be bad from reviews but wanted to play the story through for storyline reasons.  Dont buy it unless you have played Postal 2 as it could put you off the series  This on the other hand is a complete knock up of a game, its buggy and its incomplete.  Theres no way the game can be fixed because akella wont release the source code to RWS . Why !?  couldnt they just make more money if the game was better? i dont know the polotics and im not bothered...them &amp; running with scissors issues not mine   So basically a badly broken game, bugs glitches, no crashes for me but others have said they had them.  It does have some humour but not like postal 2 .   But all in all a let down , and a prime example in gaming of 'what could have been'",
            "review_score": "-1"
        },
        {
            "review_text": "Fun to play, but doesn't work without downloading and installing a patch online. For months I thought I had thrown 20 bucks in the trash.",
            "review_score": "-1"
        },
        {
            "review_text": "Being a big fan of Postal 2, I got this one as soon as it was released, but it was so terribly unfinished, that I was forced to delete it after 20 minutes. By now Running With Scissors forums officially call P3 'rip-off made by Akella' and unfortunately that's all you need to know.   Stay away!!!",
            "review_score": "-1"
        },
        {
            "review_text": "This game is the biggest turd... it is so bug ridden that it is embarrasing. All the stupid things should add up to something fun in a dumb way, but because everything functions so poorly it ends up being frustrating. Also I have no idea who at RWS said that this game, essentially Postal 2 with updated graphics, should be third person. Whoever suggested it should be forced to play this game for hours on end, and believe me when I say that is quite the sadistic torture.",
            "review_score": "-1"
        },
        {
            "review_text": "Avoid this game. Here's why it is delayed: Valve wants a complete game on Steam. Duke Nukem Forever may have been dated and buggy, but when compared to Postal 3, DNF suddenly turns into Skyrim quality entertainment.",
            "review_score": "-1"
        },
        {
            "review_text": "I enjoyed the first postal and postal 2 for the B grade gore and humour. Don't come into this expecting fluid gun control and movement. There are MANY bugs. I have not encountered any that are breakable to the story but more a laughing matter. But they do not overall detract from the humorous gameplay and storyline behind the the sadley aged source engine used. However the good/bad moral alignment can be a little difficult as some missions require you to be bad to complete them. Again, not a major issue for somebody willing to take the time to look past these issues and play it in the same thought as the prequels. Even the controls feel the same. A fun romp through a wild story filled with cursing and blood spurts so over the top you would think they were made to look that way. Hell, you can craft a gun that shoots a cat off it by its butt hole!!! Running with scissors, you have done a good job in all the harsh remarks this game brought with it. Although an ingame map would have been handy...... Still much of the game to play, but first impressions are good. Graphics: 6-7. Gameplay: 7. Overall: 7",
            "review_score": "1"
        },
        {
            "review_text": "Akella's POSTAL Spin off (AKA Postal III) is a game I would no longer recommend to anyone. It's full of bugs and glitches, most of the weapons are rubbish, the AI is horrendous, the frame rate will randomly shoot down at times, no free roam for you until you finish the story and despite the fact that this game was released in 2012 in the UK and Europe, it's using the same version of the Source engine that was used in Half-Life 2: Episode 2. Akella and TrashMasters have completely abandoned the game, so why should you buy this unfinished mess?   Most of the staff at Running With Scissors don't even like this game. If you want to play a good Postal game, buy Postal 2.",
            "review_score": "-1"
        },
        {
            "review_text": "the 1st ♥♥♥♥ing level is laggy as ♥♥♥♥ and the enimes repawn soon as you kill them the controls belong in a mgs game and %20 the humor belongs in duke nuke em' not postal and do not use impuse 101 unless you want ur game to crash",
            "review_score": "-1"
        },
        {
            "review_text": "Postal 2 is a much better game. Go buy that instead the devs are still working on it. This is just bad.",
            "review_score": "-1"
        },
        {
            "review_text": "Don't bother with this game. It's so riddled with bugs it's not worth playing. When the Russian developer took over the duties from Running With Scissors they had no clue what a Postal game is supposed to be. Postal's about sick humor but giving you a mission that involves picking up used kleenex from a porno peep show is not just sick, it's just gross.   The controls are confusing, the graphics stuck in 2005 and the story disgusting. In short if the game is free and you're a 12 year old that likes to eat your own boogers this game is great...  ",
            "review_score": "-1"
        },
        {
            "review_text": "Love this game! :D",
            "review_score": "1"
        },
        {
            "review_text": "DO NOT BUY THIS GAME!!!   Even now that it's finally on sale for a very low price of 4.99 I still have to say that you should not spend money on this. The game is extremely buggy, the combat barely works, the crosshair doesn't actually show where you're aiming with most weapons, grenades fall through the floor, the game stutters during gun fights on a way more than capable machine. Don't buy this game, get Postal 2 paradise lost instead. I'm getting a refund for this right now.",
            "review_score": "-1"
        },
        {
            "review_text": "wow what happend to postal? Postal 2 was amazing and funny but what is this?  also it crashes all 20min it is not enjoyable!!!!",
            "review_score": "-1"
        },
        {
            "review_text": "Don't listen to what any reviewers or idiotic youtube comments say. This game is AWESOME. It's not as bad as people say it is, and doesn't deserve the ratings it's getting. The only reason it gets bad ratings is because it's offensive. But the same thing went for Postal 2, and the offensive part was what made it fun. Sure some people hate it because of that, but they obviously don't know it's all in good fun, and they can't take a joke. Postal 3 is a vast improvement over the last game. The graphics are the best, the new weapons are fun, missions are fun and interesting and actually require some thought, and don't even get me started on the soundtrack. If you want crazy, destructive fun, you've come to the wrong place. If you want insane, Earth-shattering, slaughter-festivities and violent good times, then welcome.",
            "review_score": "1"
        },
        {
            "review_text": "-Awfull Grapics -Awfull Gameplay -Game Crashed 14 times in 2 hours -Looks like Postal 2 -3rd person suddenly ? -Idiotic AI -Grapical Glitches -Fun weapons -Over the top crazy stuff  All in all the game sucks big time for the fact that it has more bugs then is funny, I can live with the poor grapics and the idiotic AI, What is not acceptable is the ♥♥♥♥♥♥♥♥ 3rd Person view wich makes aiming a hell, The fact that the AI is ♥♥♥♥♥♥♥♥ and attacking them seems like your attack some sort of weird dummy, Overal very disappointing A giant downer to all the fans   Running with Scissors you should be ashamed to have produced this, I have seen freeware games made by amateurs wich easily are better then this.  -a hint to all DO NOT BUY THIS GAME- (sorry RWS but I cant recommend this it feels like a crappy game from 2006)",
            "review_score": "-1"
        },
        {
            "review_text": "Half good gameplay with a sprinkle of humour drowned in bugs and repetitive sauce Do yourself a favor and get postal 2, better game on all points",
            "review_score": "-1"
        },
        {
            "review_text": "This is one of the buggiest games I've ever played: constant crashing, game breaking bugs, the works. Long story short, it was developed by a different developer than the one that made the first two Postal games, and it was released in alpha and seemingly abandoned. Do not buy.",
            "review_score": "-1"
        },
        {
            "review_text": "Complete waste of time and money, The game was ♥♥♥♥. Didn't even have an open world like Postal 2. The FPS was horrible, Seems the game wasn't optimized at all. The AI was about the worst I have ever seen, No challenge at all. The story sucked, and just everything else about it was completely dissapointing. Unless you get paid to play it, Don't waste your time.",
            "review_score": "-1"
        },
        {
            "review_text": "its not as bad as everybody puts its a big disapointment as far as being a postal game you feel guided through the game it doesnt feel as open worldly and as exploring as it did in the 2nd one if you ask me this one had better and more fun blood affects but do does the second one and the second one is more fun. and if your new to postal just do yourslef a favora and buy the second one and never play the ♥♥♥♥ing campain",
            "review_score": "-1"
        },
        {
            "review_text": "This game is a horrible waste of money. If your interested in what postal is suppose to be like go over and pick up postal 2 its quite a bit older but compare to this piece of ♥♥♥♥ its godlike. Save your money.",
            "review_score": "-1"
        },
        {
            "review_text": "Wow were to begin... well im Far over the system rec...8 core 4,01 GHZ . 16 gb system ram. gefore 680 gtx 2gb.. still first 2-3 missions around 60fps. after that its a lag fest around 14-22 fps and 15 crashes before i got past the uwe boll thingy... no spoilers...  Havent finished it but game is kinda postal fun but way to crahsy for me.  still whats not to hate/love about postal?.. hate the game and all its mechanics... but the story is ok.. dont expect postal 2 gameplay.. and hey its a story so dont expect a postal game.  Still like the fact theat they braught a story in. but still all game mechanics suck. but cant really stop trying doe.  God game just not wurth any cash its not finished and probably never will be.",
            "review_score": "-1"
        },
        {
            "review_text": "Overall It was a good game. Good graphics and funny.  Pros: Runs good Source engine Graphics Gore Characters  Cons: Runs bad in massive gunfights Feels kinda cheap since a lot of the sounds are default source sounds. Couldnt find a good balance of the volume, its either you can hear people when they speak but go deaf in gunfights or people are super quiet and guns are decent. Some missions stop working and have to be replayed  ",
            "review_score": "1"
        },
        {
            "review_text": "I found Postal 2 one of my guilty pleasures but this game, whilst having its good moments, is a letdown. It feels unfinished and is buggy. The missions are repetitive. You dont expect much from a Postal game and although I finished the game, it was a chore to do so.",
            "review_score": "-1"
        },
        {
            "review_text": "Great game. I love the postal series and all it's chaotic, bloody, comedic madness.",
            "review_score": "1"
        },
        {
            "review_text": "This game is ♥♥♥♥, don't play.",
            "review_score": "-1"
        },
        {
            "review_text": "Personly it sucks.",
            "review_score": "-1"
        },
        {
            "review_text": "This game in not bad or good",
            "review_score": "1"
        },
        {
            "review_text": "+ There's the postal dude + There is the postal humor (Cats, terrorists , stereotypes...) + Still violent + There's Uwe Boll, Ron Jeremy, etc.   - Third person  - Linear (but there's a free roam when you end the game) - Uses a lot of disc space - Maybe it comes from my computer , but everytime there's a lot of action... THIS LAGS AS HELL AND I WANT TO GO POSTAL FOR REAL AND TO SHOOT MY COMPUTER WITH A SHOTGUN TO PEE ON IT  - AWFUL loading time (You'll waste most of your time in the loading screens) - It kinda ruins the postal franchise and even the original postal developpers (RWS) won't sell it on their site - Even the postal dude says 'GTA physics are better' (That's actually funny)  I recommend it when it's on sale and only to the big postal fans",
            "review_score": "1"
        },
        {
            "review_text": "♥♥♥♥ this game, buy postal 2 instead",
            "review_score": "-1"
        },
        {
            "review_text": "Not Good enough 11/10 cause its a ... Yes  would play not again",
            "review_score": "1"
        },
        {
            "review_text": "Terrible! Yet fun.  But really, get Postal 2 instead.",
            "review_score": "1"
        },
        {
            "review_text": "Graphics: 1/10 Gameplay: 1/10 Originallity: 5/10 Longevity: 3/10 Story: 2/10  Overall: 2/10",
            "review_score": "-1"
        },
        {
            "review_text": "just buy postal 2 and not this ♥♥♥♥",
            "review_score": "-1"
        },
        {
            "review_text": "I'd rather draw blood from my neck than play this game for an extended period of time. The trailer says, 'could you ask for more?' Yes, yes you could. I would ask for a refund for this unfunny, boring, broken mess.",
            "review_score": "-1"
        },
        {
            "review_text": "Just do not buy this scam. It is crashing after 1 min. It simply DOES NOT WORK.",
            "review_score": "-1"
        },
        {
            "review_text": "Gave 10 euro for Postal 3. It isnt for all people but i like it. Rated 71/100. Still more amusing than TellTale Games *****. Even glitches with Source engine(!) didnt ruined my good time with this game. I know what those russians done to RWS, and i hope RWS learned a leason. Desi, am waiting for the paradise Lost and Postal 1 remake.",
            "review_score": "1"
        },
        {
            "review_text": "One of the worst shooters ever made. Don't buy this, it's nothing like previous Postal games.",
            "review_score": "-1"
        },
        {
            "review_text": "If you like better than Duke Nukem Humor, then you will enjoy this game. If you thought Postal 2 was good, this one is even better. More sex, humor, gore, I mean whats not to like.  Pros: Good Jokes, Gore, Sexual Humor &amp; Themes, Dismemberment, all out mayhem as long as you can stay alive.  Cons: Is loaded with bugs, the occasional load screen freeze, So Save often.   Other than the bugs, its a good game to kill time, and if your looking for a good laugh, buy it.  Is it worth the $20? Not really, best to buy it when it goes on sale.",
            "review_score": "1"
        },
        {
            "review_text": "Bought this game = I've made a terrible mistake with my life  0/10",
            "review_score": "-1"
        },
        {
            "review_text": "  i love the game and the serries but this game is realy broken so many glitches the aming is of some stuff isnt working and in one miss i cant even move i press any key and he start to run back words into a wall and u cant even do and thing it the misson were u pic a side any way that it if it was so bugy it would be awsome",
            "review_score": "1"
        },
        {
            "review_text": "  It's very hard to say how I feel about Postal 3.    I'd star off by saying it's a broken piece of ♥♥♥♥ game. It really is. It's broken all the way down to the achievements. It's extremely linear and the 'free roam' maps are small as hell. when you initially play, your like wtf did I just play, but then, you play the good side of the story. -- I even hate to say this but the good story version of the game seemed to be more of a overall game, even the boss fights were actually boss fights to an extent...    (the ending was actually pretty epic with the tank battle)     The fact that this alone allows you to draw out the gameplay factor a bit does kind of give it a replay value... Kind Of.... This is when 17 levels actually becomes 27 levels and you actually kinda feel bad for the game, because you start to see it's potential..... This is when you really want to give it   At Least a 7/10   but ... you know it's   really a 5/10   and you can't recommend it to anyone because it's very incomplete....  ____   5/10   ____  Maybe someday a team will come along and fix it.",
            "review_score": "-1"
        },
        {
            "review_text": "It's fun, just don't buy if you expect it to be like Postal 2.",
            "review_score": "1"
        },
        {
            "review_text": "This is a game that 1) is annoying, 2) It is boring 3) Simple things are hard to do. 4) I wish i could get my money back as it has not asked my for the product key yet....",
            "review_score": "-1"
        },
        {
            "review_text": "Yea, how I should start, Postal 3 is not a bad game at all, the story is funny, but the end... Emmm... Seems like that will be the last Postal part... Daaaaammmmnnnn...  About the Game:  Pysik isn't the best at shooting, it's often like the realistic from Team Fortress 2.  Also, f you want to hit someone with a meele weapon you often miss the target.   Well, at least I can say 7/10!   Dude: 'I regret nothing! by Playn' that Game!' ",
            "review_score": "1"
        },
        {
            "review_text": "DON'T ♥♥♥♥ING BUY THIS GAME! srsly dont do it. 6.022x10^-23 /10.",
            "review_score": "-1"
        },
        {
            "review_text": "Fun game and very brutal game! Unfortunately, not become the blockbuster as hoped! Many crashes, too short, too buggy and bad Performence. 6,5/10",
            "review_score": "1"
        },
        {
            "review_text": "The game is a fairy tale about love and honor. You play as young knight, who wish to honor his kingdom by spreading love and vanquishing evil.  What else did you expect?",
            "review_score": "1"
        },
        {
            "review_text": "uncle ben is a nigg er ha this game is like putting a ♥♥♥♥ in a cherio #tower♥♥♥♥ ",
            "review_score": "1"
        },
        {
            "review_text": "ron jeremy and violence what else do you need?",
            "review_score": "1"
        },
        {
            "review_text": "Anyone remember that film with Jon Favreau losing his job at a restaurant, inspiring him to become a legendery food truck chef? Maybe that one film with Paul Rudd and Michael Douglas, the one where Paul Rudd gets out of prison and steals a suit from Michael Douglas that allows him to become the size of an ant? How about that awesome TV series about Sean Bean that has Sean Bean killed in the first season? If you loved those gems, then you'll love Postal III. Why will you love Postal III, you may ask? You just will. You will love Postal III.",
            "review_score": "1"
        },
        {
            "review_text": "Underated    This game is very fun   its just diffrent from postal 2 so people hate it",
            "review_score": "1"
        },
        {
            "review_text": "10/10 so funny and so many dirty jokes it made my day shine even brighter thank you.",
            "review_score": "1"
        },
        {
            "review_text": "I cannot fathom that I paid money for this debacle of a trainwreck. The missions make no sense, the enemies are either too stupid to kill you; or, kill you in mere seconds without any chance of you doing anything about it.   The game runs at a staggering, mindblowing, ten frames per seconds at nearly all times. The voice acting is atrocious, the NPCs could not be any more vapid and shallow. The guns are unsatisfying, and most of the other weapons are just plain stupid and have no purpose other than shock value.   I can't wrap my mind around how this 'game' ever got the green light to get this far. Please, only consider installing this 'game' if they pay you to do so. Stay away from this distasteful, poor designed 'game' that was clearly made by immature ten-year-olds. Because, no matter how you slice it, it was clearly targeted for them, too. You have been warned.",
            "review_score": "-1"
        },
        {
            "review_text": "Compared to the previous Postal titles, this game isn't so great. 6/10",
            "review_score": "-1"
        }
    ]
}