{
    "app_id": 1022280,
    "name": "CosPuzzle: Giu Hellsing",
    "release_date": "2019-03-07",
    "developer": [
        "AnimeBomb"
    ],
    "publisher": [
        "AnimeBomb"
    ],
    "platforms": [
        "windows"
    ],
    "required_age": 0,
    "categories": [
        "Single-player",
        "Steam Achievements",
        "Partial Controller Support",
        "Steam Cloud"
    ],
    "genres": [
        "Casual",
        "Indie",
        "RPG",
        "Simulation"
    ],
    "tags": [
        "Casual",
        "Indie",
        "Simulation"
    ],
    "achievements": 100,
    "positive_ratings": 4,
    "negative_ratings": 4,
    "price": 0.79,
    "description": "CosPuzzle: Giu Hellsing is a game for cosplay lovers, you can play a nice game and be rewarded with photos of a cosplayer with different clothes.",
    "header_img": "https://steamcdn-a.akamaihd.net/steam/apps/1022280/header.jpg?t=1551983364",
    "minimum_requirements": "Минимальные: ОС: Windows 7/8/10 Процессор: 2 Ghz Dual Core Оперативная память: 2 GB ОЗУ Место на диске: 100 MB",
    "recommended_requirements": null,
    "reviews": []
}