{
    "app_id": 1022650,
    "name": "LeonWaan MineSweeper",
    "release_date": "2019-02-08",
    "developer": [
        "LeonWaan Games"
    ],
    "publisher": [
        "LeonWaan Games"
    ],
    "platforms": [
        "windows",
        "mac"
    ],
    "required_age": 0,
    "categories": [
        "Single-player"
    ],
    "genres": [
        "Adventure",
        "Casual",
        "Indie",
        "RPG",
        "Simulation",
        "Strategy"
    ],
    "tags": [
        "Casual",
        "Indie",
        "Strategy"
    ],
    "achievements": 25,
    "positive_ratings": 3,
    "negative_ratings": 2,
    "price": 0.79,
    "description": "MineSweeper for all ages",
    "header_img": "https://steamcdn-a.akamaihd.net/steam/apps/1022650/header.jpg?t=1549678336",
    "minimum_requirements": "OS: Windows XP/Vista/7/8/10 Processor: 2 Ghz Dual Core Memory: 2 GB RAM Graphics: Intel HD Graphics 4000 DirectX: Version 9.0c Storage: 100 MB available space Sound Card: Any",
    "recommended_requirements": null,
    "reviews": []
}