{
    "app_id": 1022270,
    "name": "Cartacombs",
    "release_date": "2019-02-19",
    "developer": [
        "YawningDad"
    ],
    "publisher": [
        "YawningDad"
    ],
    "platforms": [
        "windows",
        "linux"
    ],
    "required_age": 0,
    "categories": [
        "Single-player",
        "Steam Achievements"
    ],
    "genres": [
        "Action",
        "Indie"
    ],
    "tags": [
        "Action",
        "Indie"
    ],
    "achievements": 11,
    "positive_ratings": 2,
    "negative_ratings": 0,
    "price": 1.69,
    "description": "Buckle up, hold on tight, and don't stop shooting! Cartacombs is a 2D endless-runner/shooter. Careen through mine shafts and caverns in your cart, leaping and blasting the monsters that lurk in the deep parts of the earth. Power up your weapon and cart, and see how far you can go!",
    "header_img": "https://steamcdn-a.akamaihd.net/steam/apps/1022270/header.jpg?t=1550677455",
    "minimum_requirements": "OS: Windows 7 and above Processor: 1.2 GHz Memory: 512 MB RAM Graphics: 256MB DirectX: Version 10 Storage: 100 MB available space",
    "recommended_requirements": null,
    "reviews": []
}