{
    "app_id": 1022370,
    "name": "CupGuess",
    "release_date": "2019-04-15",
    "developer": [
        "Funny"
    ],
    "publisher": [
        "Funny"
    ],
    "platforms": [
        "windows"
    ],
    "required_age": 0,
    "categories": [
        "Single-player",
        "Steam Achievements"
    ],
    "genres": [
        "Casual",
        "Early Access"
    ],
    "tags": [
        "Early Access",
        "Casual",
        "Nudity"
    ],
    "achievements": 1,
    "positive_ratings": 5,
    "negative_ratings": 6,
    "price": 2.09,
    "description": "This is a casual game of guessing cups, you will play with a beautiful girl. If you guess wrong, she will not develop the following story with you, so in order to enhance the relationship with her, you need to keep your eyes wide open and guess every story correctly.",
    "header_img": "https://steamcdn-a.akamaihd.net/steam/apps/1022370/header.jpg?t=1555378372",
    "minimum_requirements": "OS: Windows7 Processor: i3 7100 Memory: 4056 MB RAM Graphics: gtx 730 DirectX: Version 9.0c Storage: 600 MB available space Sound Card: Sound Blaster Z",
    "recommended_requirements": null,
    "reviews": []
}