{
    "app_id": 1022010,
    "name": "Oliver's Adventures in the Fairyland",
    "release_date": "2019-02-18",
    "developer": [
        "LuchinVladimir"
    ],
    "publisher": [
        "IndieMax"
    ],
    "platforms": [
        "windows"
    ],
    "required_age": 0,
    "categories": [
        "Single-player",
        "Steam Achievements"
    ],
    "genres": [
        "Action",
        "Adventure",
        "Indie"
    ],
    "tags": [
        "Indie",
        "Adventure",
        "Action"
    ],
    "achievements": 16,
    "positive_ratings": 18,
    "negative_ratings": 2,
    "price": 3.99,
    "description": "A small andventure metroidvania game, where you playing as our-time teenager, who was summoned by wizard in fantasy world! And that wizard gave him a quest - return stolen king's treasures!",
    "header_img": "https://steamcdn-a.akamaihd.net/steam/apps/1022010/header.jpg?t=1552992870",
    "minimum_requirements": "OS: Windows Vista or newer Processor: 2.0+ GHz Memory: 512 MB RAM Graphics: Integrated Graphics Storage: 50 MB available space Sound Card: Integrated Audio",
    "recommended_requirements": null,
    "reviews": []
}