{
    "app_id": 1022550,
    "name": "Neon Infinity",
    "release_date": "2019-02-13",
    "developer": [
        "Halcyon Day Digital Co"
    ],
    "publisher": [
        "Halcyon Day Digital Co"
    ],
    "platforms": [
        "windows"
    ],
    "required_age": 0,
    "categories": [
        "Single-player",
        "Multi-player",
        "Local Multi-Player",
        "Co-op",
        "Local Co-op",
        "Shared/Split Screen",
        "Full controller support"
    ],
    "genres": [
        "Action",
        "Indie"
    ],
    "tags": [
        "Indie",
        "Action",
        "Shoot 'Em Up"
    ],
    "achievements": 0,
    "positive_ratings": 3,
    "negative_ratings": 0,
    "price": 0.79,
    "description": "80's neon drenched, couch co-op, endless high score fest, space arcade shooter!",
    "header_img": "https://steamcdn-a.akamaihd.net/steam/apps/1022550/header.jpg?t=1550055896",
    "minimum_requirements": "OS: Windows 7 Processor: Intel (R) Celeron (R) CPU N3350 @ 1.10 GHz Memory: 2 GB RAM Graphics: Intel (R) HD Graphics 500 Storage: 300 MB available space Sound Card: Realtek High Definition Audio Additional Notes: A T86 calculator could probably run this.",
    "recommended_requirements": null,
    "reviews": []
}