{
    "app_id": 1022920,
    "name": "Two Clusters: Kain",
    "release_date": "2019-02-24",
    "developer": [
        "Two Clusters"
    ],
    "publisher": [
        "Two Clusters"
    ],
    "platforms": [
        "windows"
    ],
    "required_age": 0,
    "categories": [
        "Single-player"
    ],
    "genres": [
        "Free to Play",
        "Indie",
        "RPG",
        "Early Access"
    ],
    "tags": [
        "Early Access",
        "Free to Play",
        "RPG"
    ],
    "achievements": 0,
    "positive_ratings": 2,
    "negative_ratings": 1,
    "price": 0.0,
    "description": "Follow Kain's space adventure.",
    "header_img": "https://steamcdn-a.akamaihd.net/steam/apps/1022920/header.jpg?t=1551014614",
    "minimum_requirements": "OS: Windows 10 Processor: Dual core (i3 or Ryzen 3) Memory: 4 GB RAM Graphics: Intel iGPU or better Storage: 300 MB available space",
    "recommended_requirements": null,
    "reviews": []
}