{
    "app_id": 1022780,
    "name": "Animal Fight Club",
    "release_date": "2019-04-19",
    "developer": [
        "Marco Amadei"
    ],
    "publisher": [
        "Corvostudio di Amadei Marco"
    ],
    "platforms": [
        "windows",
        "mac"
    ],
    "required_age": 0,
    "categories": [
        "Single-player",
        "Multi-player",
        "Online Multi-Player",
        "Cross-Platform Multiplayer",
        "Steam Achievements",
        "Full controller support",
        "Steam Workshop",
        "Steam Cloud",
        "Includes level editor"
    ],
    "genres": [
        "Action",
        "Adventure",
        "Indie",
        "Massively Multiplayer",
        "Simulation",
        "Strategy"
    ],
    "tags": [
        "Strategy",
        "Action",
        "Indie"
    ],
    "achievements": 15,
    "positive_ratings": 38,
    "negative_ratings": 8,
    "price": 2.95,
    "description": "Invent new creatures by mixing real or legendary animals in thousands of possible combinations, create an army and fight in the singleplayer campaign or in online multiplayer against friends or random challengers!",
    "header_img": "https://steamcdn-a.akamaihd.net/steam/apps/1022780/header.jpg?t=1556534043",
    "minimum_requirements": "OS: Windows 7 Processor: Intel Pentium Memory: 512 MB RAM Graphics: Intel HD 600 DirectX: Version 9.0 Storage: 256 MB available space",
    "recommended_requirements": "OS: Windows 10 Processor: Intel i3 Memory: 512 MB RAM Graphics: Nvidia gtx 750ti DirectX: Version 11 Storage: 256 MB available space",
    "reviews": []
}