{
    "app_id": 1022040,
    "name": "Candy Mandy",
    "release_date": "2019-03-06",
    "developer": [
        "Easy Games"
    ],
    "publisher": [
        "Easy Games"
    ],
    "platforms": [
        "windows"
    ],
    "required_age": 0,
    "categories": [
        "Single-player"
    ],
    "genres": [
        "Casual",
        "Indie"
    ],
    "tags": [
        "Indie",
        "Casual"
    ],
    "achievements": 0,
    "positive_ratings": 1,
    "negative_ratings": 1,
    "price": 0.79,
    "description": "Classic game in the popular &quot;three in a row&quot; genre.",
    "header_img": "https://steamcdn-a.akamaihd.net/steam/apps/1022040/header.jpg?t=1551888452",
    "minimum_requirements": "OS: Windows 7 Processor: Dual Core CPU Memory: 2048 MB RAM Graphics: 512mb Storage: 130 MB available space",
    "recommended_requirements": null,
    "reviews": []
}