{
    "app_id": 1022320,
    "name": "Crypto Crisis: Education Edition",
    "release_date": "2019-02-18",
    "developer": [
        "Armoured Beans"
    ],
    "publisher": [
        "Armoured Beans"
    ],
    "platforms": [
        "windows",
        "mac",
        "linux"
    ],
    "required_age": 0,
    "categories": [
        "Single-player"
    ],
    "genres": [
        "Indie",
        "Simulation",
        "Strategy"
    ],
    "tags": [
        "Strategy",
        "Indie",
        "Simulation"
    ],
    "achievements": 0,
    "positive_ratings": 1,
    "negative_ratings": 0,
    "price": 6.19,
    "description": "Let's help Principal Trotter and technology teacher Kieran build the school of the future. The Education Edition is a simplified and easier to play version of the original Crypto Crisis that has been designed for a younger audience and more casual players.",
    "header_img": "https://steamcdn-a.akamaihd.net/steam/apps/1022320/header.jpg?t=1550526502",
    "minimum_requirements": "OS: Windows 10 Memory: 1 GB RAM Graphics: Intel UHD Graphics 620 or equivalent DirectX: Version 11 Storage: 2 GB available space",
    "recommended_requirements": "OS: Windows 10 Memory: 2 GB RAM Graphics: Dedicated graphics card DirectX: Version 12 Storage: 2 GB available space",
    "reviews": []
}