{
    "app_id": 1023410,
    "name": "3 GEEKS",
    "release_date": "2019-02-22",
    "developer": [
        "Romuald Serrado"
    ],
    "publisher": [
        "Adipson Studio"
    ],
    "platforms": [
        "windows"
    ],
    "required_age": 0,
    "categories": [
        "Single-player"
    ],
    "genres": [
        "Adventure"
    ],
    "tags": [
        "Adventure",
        "Indie",
        "Point & Click"
    ],
    "achievements": 0,
    "positive_ratings": 5,
    "negative_ratings": 1,
    "price": 9.29,
    "description": "A post-nuclear point and click adventure in which you control three neurotic geeks who've escaped from a madhouse",
    "header_img": "https://steamcdn-a.akamaihd.net/steam/apps/1023410/header.jpg?t=1554808128",
    "minimum_requirements": "OS: Windows XP Processor: Pentium Memory: 1 GB RAM Graphics:  DirectX: Version 9.0 Storage: 1 GB available space Additional Notes: The game is configured for a default launch in French. Please launch the file winsetup.exe and choose from the drop-down menu of the 'Gameplay setting' dialog box, but you can select your language also in the game itself on its homepage by clicking on the flag of your language.",
    "recommended_requirements": "OS: Windows 7 Processor: Pentium Memory: 2 GB RAM Graphics:  DirectX: Version 9.0 Storage: 2 GB available space Additional Notes: The game is configured for a default launch in French. Please launch the file winsetup.exe and choose from the drop-down menu of the 'Gameplay setting' dialog box, but you can select your language also in the game itself on its homepage by clicking on the flag of your language.",
    "reviews": []
}