{
    "app_id": 1023060,
    "name": "Yet Another Survival Game",
    "release_date": "2019-02-28",
    "developer": [
        "RewindApp"
    ],
    "publisher": [
        "RewindApp"
    ],
    "platforms": [
        "windows"
    ],
    "required_age": 0,
    "categories": [
        "Single-player"
    ],
    "genres": [
        "Action",
        "Adventure",
        "Casual",
        "Indie",
        "Racing"
    ],
    "tags": [
        "Indie",
        "Casual",
        "Adventure"
    ],
    "achievements": 0,
    "positive_ratings": 5,
    "negative_ratings": 4,
    "price": 0.79,
    "description": "A virus ravaged the planet, and you are one of the last survivors! Alone, you will have to survive in a hostile world populated by fierce creatures!",
    "header_img": "https://steamcdn-a.akamaihd.net/steam/apps/1023060/header.jpg?t=1553533152",
    "minimum_requirements": "Requires a 64-bit processor and operating system OS: Windows 7/8/10 - 64bits Processor: 2 GHz Intel Pentium 4 or AMD Athlon or equivalent Memory: 2 GB RAM Graphics: Intel HD Graphique Storage: 2 GB available space Sound Card: All",
    "recommended_requirements": "Requires a 64-bit processor and operating system",
    "reviews": []
}