{
    "app_id": 1023960,
    "name": "Easter!",
    "release_date": "2019-02-13",
    "developer": [
        "FG"
    ],
    "publisher": [
        "FG"
    ],
    "platforms": [
        "windows"
    ],
    "required_age": 0,
    "categories": [
        "Single-player"
    ],
    "genres": [
        "Adventure",
        "Indie",
        "Simulation"
    ],
    "tags": [
        "Indie",
        "Adventure",
        "Simulation"
    ],
    "achievements": 0,
    "positive_ratings": 0,
    "negative_ratings": 5,
    "price": 0.79,
    "description": "World &quot;Easter!&quot; big and mysterious, roam and explore it!",
    "header_img": "https://steamcdn-a.akamaihd.net/steam/apps/1023960/header.jpg?t=1550166616",
    "minimum_requirements": "OS: Windows 7/8/8.1/10 Processor: Intel Pentium Memory: 2 GB RAM Graphics: nVidia GeForce series 512MB Memory Storage: 200 MB available space",
    "recommended_requirements": "OS: Windows 7/8/8.1/10 Processor: Intel Pentium Memory: 2 GB RAM Graphics: nVidia GeForce series 512MB Memory Storage: 200 MB available space",
    "reviews": []
}