{
    "app_id": 1023690,
    "name": "Nurse Love Syndrome",
    "release_date": "2019-04-18",
    "developer": [
        "KOGADO STUDIO"
    ],
    "publisher": [
        "Degica"
    ],
    "platforms": [
        "windows"
    ],
    "required_age": 0,
    "categories": [
        "Single-player",
        "Steam Achievements",
        "Steam Cloud"
    ],
    "genres": [
        "Adventure"
    ],
    "tags": [
        "Adventure",
        "Visual Novel",
        "Anime"
    ],
    "achievements": 13,
    "positive_ratings": 17,
    "negative_ratings": 0,
    "price": 30.99,
    "description": "Meet cheerful Kaori Sawai, fresh out of nursing school, as she joins Yurigahama Hospital. Surviving a near death experience as a child left her with a desire to become a nurse and &quot;healing hands&quot; that let her relieve pain in patients just by touching them.",
    "header_img": "https://steamcdn-a.akamaihd.net/steam/apps/1023690/header.jpg?t=1555653853",
    "minimum_requirements": "OS: Windows 7/8/10 Processor: 2.0 GHz or better Memory: 2 GB RAM Graphics: DirectX 8.1 capable GPU Storage: 4 GB available space Sound Card: DirectX 8.1 capable",
    "recommended_requirements": null,
    "reviews": []
}