{
    "app_id": 1023120,
    "name": "Erotic girls match 3",
    "release_date": "2019-02-27",
    "developer": [
        "hallunazigames"
    ],
    "publisher": [
        "hallunazigames"
    ],
    "platforms": [
        "windows"
    ],
    "required_age": 0,
    "categories": [
        "Single-player"
    ],
    "genres": [
        "Casual",
        "Strategy"
    ],
    "tags": [
        "Nudity",
        "Sexual Content",
        "Casual"
    ],
    "achievements": 0,
    "positive_ratings": 2,
    "negative_ratings": 5,
    "price": 0.79,
    "description": "Become the Chosen One and help the hot girls get ready for a three-in-a-row puzzle party. Pass the levels. Collect resources, discover the history of hot girls.",
    "header_img": "https://steamcdn-a.akamaihd.net/steam/apps/1023120/header.jpg?t=1551290516",
    "minimum_requirements": "OS: Windows 7 or newer: 32bit / 64bit Processor: Core 2 Duo or higher Memory: 2 GB RAM Graphics: DirectX11 Compatible GPU with 512 MB Video RAM Storage: 150 MB available space Sound Card: DirectX compatible sound card",
    "recommended_requirements": null,
    "reviews": []
}