{
    "app_id": 1023870,
    "name": "Northern Lights",
    "release_date": "2019-02-18",
    "developer": [
        "DimleTeam"
    ],
    "publisher": [
        "DimleTeam"
    ],
    "platforms": [
        "windows"
    ],
    "required_age": 0,
    "categories": [
        "Single-player",
        "Steam Achievements",
        "Partial Controller Support"
    ],
    "genres": [
        "Action",
        "Adventure",
        "Indie"
    ],
    "tags": [
        "Adventure",
        "Indie",
        "Action"
    ],
    "achievements": 5,
    "positive_ratings": 11,
    "negative_ratings": 11,
    "price": 1.69,
    "description": "While the Great Stargazer is deeply sleeping, the Celestial Guardians protect the equilibrium of the forgotten world…",
    "header_img": "https://steamcdn-a.akamaihd.net/steam/apps/1023870/header.jpg?t=1550541633",
    "minimum_requirements": "OS: Windows Vista / 7 / 8 / 10 – 64 bits Processor: 2.2 GHz Dual Core CPU Memory: 4 GB RAM Graphics: 1024 MB NVIDIA GeForce 9800GTX / ATI Radeon HD 3xxx series Storage: 1 GB available space",
    "recommended_requirements": "OS: Windows Vista / 7 / 8 / 10 – 64 bits Processor: 3.0 GHz Quad Core CPU Memory: 8 GB RAM Graphics: 2GB NVIDIA GTX 660 / Radeon RX 460 or better Storage: 1 GB available space",
    "reviews": []
}