{
    "app_id": 1023280,
    "name": "Solitaire Bliss Collection",
    "release_date": "2019-04-15",
    "developer": [
        "Mongoose Net Ltd."
    ],
    "publisher": [
        "Mongoose Net Ltd."
    ],
    "platforms": [
        "windows",
        "mac"
    ],
    "required_age": 0,
    "categories": [
        "Single-player"
    ],
    "genres": [
        "Casual"
    ],
    "tags": [
        "Casual"
    ],
    "achievements": 0,
    "positive_ratings": 1,
    "negative_ratings": 0,
    "price": 19.49,
    "description": "Take a break and enjoy Solitaire Bliss Collection - the ultimate Solitaire collection with over 100 variants in one bundle, including all-time classics like Klondike, Spider Solitaire, Freecell, Tripeaks and Pyramid Solitaire.",
    "header_img": "https://steamcdn-a.akamaihd.net/steam/apps/1023280/header.jpg?t=1555680029",
    "minimum_requirements": "OS: Windows 10 / 8 / 7 Memory: 1 GB RAM DirectX: Version 10 Storage: 300 MB available space",
    "recommended_requirements": "OS: Windows 10 / 8 / 7 Memory: 1 GB RAM DirectX: Version 10 Storage: 300 MB available space",
    "reviews": []
}