{
    "app_id": 1023320,
    "name": "Clown Thug Cop Zombies",
    "release_date": "2019-02-11",
    "developer": [
        "TWOODY PRODUCTIONS"
    ],
    "publisher": [
        "TWOODY PRODUCTIONS"
    ],
    "platforms": [
        "windows"
    ],
    "required_age": 0,
    "categories": [
        "Single-player"
    ],
    "genres": [
        "Action",
        "Free to Play",
        "Indie"
    ],
    "tags": [
        "Free to Play",
        "Action",
        "Indie"
    ],
    "achievements": 0,
    "positive_ratings": 37,
    "negative_ratings": 10,
    "price": 0.0,
    "description": "One of the best games of this era. This is an intense game for intense players. WARNING: you may not be able to handle this level of intesity.",
    "header_img": "https://steamcdn-a.akamaihd.net/steam/apps/1023320/header.jpg?t=1552924083",
    "minimum_requirements": "OS: Windows 7 Processor: Intel i5 or higher Memory: 4 GB RAM Graphics: NVIDIA GeForce 660Ti or greater, AMD Radeon HD 7950 or greater, 2GB Video Card DirectX: Version 11 Storage: 600 MB available space",
    "recommended_requirements": null,
    "reviews": []
}