{
    "app_id": 1023510,
    "name": "Matanga",
    "release_date": "2019-03-07",
    "developer": [
        "Volokitin Andrey"
    ],
    "publisher": [
        " Volokitin Andrey"
    ],
    "platforms": [
        "windows"
    ],
    "required_age": 0,
    "categories": [
        "Single-player",
        "Steam Achievements"
    ],
    "genres": [
        "Action",
        "Adventure",
        "Indie"
    ],
    "tags": [
        "Action",
        "Adventure",
        "Indie"
    ],
    "achievements": 6,
    "positive_ratings": 10,
    "negative_ratings": 3,
    "price": 5.79,
    "description": "Are you not afraid of horror anymore? You are mistaken! The inhabitant of these places - Matanga, is always glad to new guests in his lair and is ready to prove to you that there is always a place for fear! Test your ability to survive in a fight with a local maniac. The game is not for the faint of heart!",
    "header_img": "https://steamcdn-a.akamaihd.net/steam/apps/1023510/header.jpg?t=1554129060",
    "minimum_requirements": "Requires a 64-bit processor and operating system OS: Windows 7 Processor: Intel Core 2 Duo E8400 Memory: 4000 MB RAM Graphics: NVIDIA GeForce GTS 450 Storage: 4000 MB available space",
    "recommended_requirements": "Requires a 64-bit processor and operating system OS: Windows 7 Processor: Intel Core i5 4460 Memory: 4000 MB RAM Graphics: NVIDIA GeForce GTX 660 Storage: 4000 MB available space",
    "reviews": []
}