{
    "app_id": 1023980,
    "name": "V.L.A.D.i.K",
    "release_date": "2019-03-01",
    "developer": [
        "Narko Games"
    ],
    "publisher": [
        "Narko Games"
    ],
    "platforms": [
        "windows"
    ],
    "required_age": 0,
    "categories": [
        "Single-player"
    ],
    "genres": [
        "Action",
        "Adventure",
        "RPG",
        "Early Access"
    ],
    "tags": [
        "Early Access",
        "RPG",
        "Gore"
    ],
    "achievements": 0,
    "positive_ratings": 60,
    "negative_ratings": 44,
    "price": 5.19,
    "description": "Explore the open world, go through different tasks, ride a car, hire people to your gang. All this adventure takes place in the beautiful distant expanses of Russia. Play as an ordinary guy named Vlad.",
    "header_img": "https://steamcdn-a.akamaihd.net/steam/apps/1023980/header.jpg?t=1551629902",
    "minimum_requirements": "OS: Windows /7/8/10 Processor: Quad-core Intel or AMD, 3 GHz or faster Memory: 8 GB RAM Graphics: NVIDIA GTX 1050ti or AMD Radeon RX 550 DirectX: Version 11 Storage: 23 GB available space Sound Card: DirectX Compatible Sound Card with latest drivers Additional Notes: I advise you to use SSD for instant game loading",
    "recommended_requirements": "OS: Windows /7/8/10 Processor: AMD Ryzen 7 or intel core i7 Memory: 16 GB RAM Graphics: Nvidia geforce gtx 1070 or AMD Radeon RX 590 DirectX: Version 11 Storage: 23 GB available space Sound Card: DirectX Compatible Sound Card with latest drivers Additional Notes: I advise you to use SSD for instant game loading",
    "reviews": []
}