{
    "app_id": 1023570,
    "name": "PUZZLE: ANIMALS",
    "release_date": "2019-02-12",
    "developer": [
        "AFBIK Studio"
    ],
    "publisher": [
        "AFBIK Studio"
    ],
    "platforms": [
        "windows"
    ],
    "required_age": 0,
    "categories": [
        "Single-player",
        "Steam Achievements",
        "Steam Cloud"
    ],
    "genres": [
        "Adventure",
        "Casual",
        "Free to Play",
        "Indie"
    ],
    "tags": [
        "Indie",
        "Casual",
        "Adventure"
    ],
    "achievements": 20,
    "positive_ratings": 1,
    "negative_ratings": 1,
    "price": 0.79,
    "description": "PUZZLE: ANIMALS - a logical game in which your task is to collect puzzles and get a picture of different animals.",
    "header_img": "https://steamcdn-a.akamaihd.net/steam/apps/1023570/header.jpg?t=1549969590",
    "minimum_requirements": "OS: Windows XP, Vista, 7,8,10 Processor: 2.0 GHz CPU Dual Core Memory: 1024 MB RAM Graphics: 512 MB Storage: 100 MB available space Sound Card: Any Additional Notes: Use headphones for better experience!",
    "recommended_requirements": "OS: Windows XP, Vista, 7,8,10 Processor: Core i3 or higher Memory: 1024 MB RAM Graphics: 1 GB Storage: 100 MB available space Sound Card: Any Additional Notes: Use headphones for better experience!",
    "reviews": []
}