{
    "app_id": 1023150,
    "name": "Cyborg Invasion Shooter 3: Savior Of The World",
    "release_date": "2019-03-11",
    "developer": [
        "Tero Lunkka",
        "BlackThug"
    ],
    "publisher": [
        "Tero Lunkka"
    ],
    "platforms": [
        "windows"
    ],
    "required_age": 0,
    "categories": [
        "Single-player"
    ],
    "genres": [
        "Action",
        "Adventure",
        "Indie"
    ],
    "tags": [
        "Action",
        "Adventure",
        "Indie"
    ],
    "achievements": 0,
    "positive_ratings": 12,
    "negative_ratings": 3,
    "price": 2.09,
    "description": "Cyborg Trilogy last part. Cyborg has got new human transform. Kill different enemies, run and try to find teleport to other levels and save the world.",
    "header_img": "https://steamcdn-a.akamaihd.net/steam/apps/1023150/header.jpg?t=1552839584",
    "minimum_requirements": "OS: windows 8 Processor: i5 Memory: 8 GB RAM Graphics: nvidia 900 series DirectX: Version 9.0 Storage: 10 GB available space Sound Card: Direct x9",
    "recommended_requirements": "OS: Windows 8.1 Processor: i7 Memory: 12 GB RAM Graphics: nvidia 1000 series DirectX: Version 9.0 Storage: 10 GB available space Sound Card: Direct x9",
    "reviews": []
}