{
    "app_id": 1023550,
    "name": "Rogue Star Rescue",
    "release_date": "2019-03-08",
    "developer": [
        "Chute Apps"
    ],
    "publisher": [
        "Chute Apps"
    ],
    "platforms": [
        "windows",
        "mac"
    ],
    "required_age": 0,
    "categories": [
        "Single-player",
        "Partial Controller Support"
    ],
    "genres": [
        "Action",
        "Adventure",
        "Indie",
        "Strategy",
        "Early Access"
    ],
    "tags": [
        "Early Access",
        "Action",
        "Indie"
    ],
    "achievements": 0,
    "positive_ratings": 7,
    "negative_ratings": 0,
    "price": 11.39,
    "description": "Rogue Star Rescue is a fast-paced roguelite bullet hell shooter with tower defense elements. Shoot your way through diverse alien planets while strategically gathering traps and resources for the epic boss fights. Defend your planet and stop the catastrophic Rogue Star from annihilating everything.",
    "header_img": "https://steamcdn-a.akamaihd.net/steam/apps/1023550/header.jpg?t=1555522319",
    "minimum_requirements": "Requires a 64-bit processor and operating system OS: Windows 7 or later Processor: Intel Core 2 Duo E6320 (2*1866) or equivalent Memory: 1 GB RAM Graphics: GeForce 7600 GS (512 MB) or equivalent Storage: 1 GB available space",
    "recommended_requirements": "Requires a 64-bit processor and operating system",
    "reviews": []
}