{
    "app_id": 1024280,
    "name": "The Cradle of Ruin/毁灭的摇篮/ほろびのゆりかご",
    "release_date": "2019-02-27",
    "developer": [
        "CHARON"
    ],
    "publisher": [
        "Hakoniwa Studio"
    ],
    "platforms": [
        "windows"
    ],
    "required_age": 0,
    "categories": [
        "Single-player",
        "Full controller support"
    ],
    "genres": [
        "Adventure",
        "RPG",
        "Simulation"
    ],
    "tags": [
        "Adventure",
        "RPG",
        "Simulation"
    ],
    "achievements": 10,
    "positive_ratings": 38,
    "negative_ratings": 0,
    "price": 2.09,
    "description": "Hotarou lives in a white shelter together with four females. They never doubt the happiness in their daily life, but it suddenly comes to the end one day. The first but the most difficult choice lies in front of him, he have to do something to escape from the circling and repeating tragedy before the whole world is destroyed.",
    "header_img": "https://steamcdn-a.akamaihd.net/steam/apps/1024280/header.jpg?t=1551416619",
    "minimum_requirements": "最低配置: 操作系统: Windows® 7/8/8.1/10 处理器: Intel Core i Processor Series (Low Voltage Processor is not supported) 内存: 512 MB RAM 图形: HD Graphics 620 存储空间: 需要 1 GB 可用空间",
    "recommended_requirements": "推荐配置: 操作系统: Windows® 7/8/8.1/10 处理器: Intel Core i Processor Series (Low Voltage Processor is not supported) 内存: 1 GB RAM 图形: GeForce GTX 1030 存储空间: 需要 1 GB 可用空间",
    "reviews": []
}