{
    "app_id": 10240,
    "name": "A Stroke of Fate: Operation Valkyrie",
    "release_date": "2011-10-28",
    "developer": [
        "SPLine"
    ],
    "publisher": [
        "Akella"
    ],
    "platforms": [
        "windows"
    ],
    "required_age": 0,
    "categories": [
        "Single-player"
    ],
    "genres": [
        "Adventure"
    ],
    "tags": [
        "Adventure",
        "Point & Click"
    ],
    "achievements": 0,
    "positive_ratings": 15,
    "negative_ratings": 10,
    "price": 4.99,
    "description": "Operation Valkyrie is a famous plan of the German Resistance to overthrow the tyrannical Nazi government. Standartenfuhrer Gerhard Mayer, a patriot who works in Reich Security Head Office learns that Gestapo has tracked down the conspirators.",
    "header_img": "https://steamcdn-a.akamaihd.net/steam/apps/10240/header.jpg?t=1447354813",
    "minimum_requirements": "OS: Windows XP/Vista/7Processor: Pentium IV / Athlon 2 GHzMemory: 1024 MB RAMHard Disk Space: 1.5 GBVideo Card: 256 MB 3D video card (Geforce 4 / Radeon 9500, resolution 1280x1024 or higher)DirectX&reg;: 9.0",
    "recommended_requirements": null,
    "reviews": [
        {
            "review_text": "I'm so extemly aroused by the main character of Gerhard Meyer in his uniform that I can't properly focus on the game.",
            "review_score": "1"
        }
    ]
}