{
    "app_id": 1024250,
    "name": "Firon",
    "release_date": "2019-03-01",
    "developer": [
        "F8tality games"
    ],
    "publisher": [
        "F8tality games"
    ],
    "platforms": [
        "windows"
    ],
    "required_age": 0,
    "categories": [
        "Single-player"
    ],
    "genres": [
        "Adventure",
        "RPG"
    ],
    "tags": [
        "Adventure",
        "RPG"
    ],
    "achievements": 0,
    "positive_ratings": 1,
    "negative_ratings": 1,
    "price": 0.0,
    "description": "The story follows Firon in his life which takes a turn in an unexpected direction when strange things start happening in his peaceful town.",
    "header_img": "https://steamcdn-a.akamaihd.net/steam/apps/1024250/header.jpg?t=1554208641",
    "minimum_requirements": "OS: Microsoft® Windows® XP/Vista/7/8/10 Processor: Intel® Pentium®4 1.5GHz Memory: 256 MB RAM Graphics: 1024x768 or better video resolution in High Color mode Storage: 100 MB available space",
    "recommended_requirements": null,
    "reviews": []
}