{
    "app_id": 1024730,
    "name": "Murder Machine Mini",
    "release_date": "2019-04-07",
    "developer": [
        "Bjoern Grunewald"
    ],
    "publisher": [
        "GruneGames"
    ],
    "platforms": [
        "windows"
    ],
    "required_age": 0,
    "categories": [
        "Single-player",
        "Partial Controller Support"
    ],
    "genres": [
        "Action",
        "Indie"
    ],
    "tags": [
        "Action",
        "Indie",
        "FPS"
    ],
    "achievements": 0,
    "positive_ratings": 2,
    "negative_ratings": 0,
    "price": 9.29,
    "description": "Wake up my little machine and try again. MURDER MACHINE MINI is a tactical FirstPersonShooter unlike any other. No cover, no autoaim, no instanthit, no handholding. A think - move - shoot game.",
    "header_img": "https://steamcdn-a.akamaihd.net/steam/apps/1024730/header.jpg?t=1554655107",
    "minimum_requirements": "OS: Winows 7 or after Processor: Dual Core Memory: 4 GB RAM Graphics: Integrated Mobile Video Card Storage: 500 MB available space",
    "recommended_requirements": "OS: Winows 7 or after Processor: Quad Core Memory: 8 GB RAM Graphics: Super Expensive Video Card Storage: 999 MB available space",
    "reviews": []
}