{
    "app_id": 1024860,
    "name": "BFGE (Bartender Flair Game)",
    "release_date": "2019-02-28",
    "developer": [
        "Gazflair3d"
    ],
    "publisher": [
        "Gazflair3d"
    ],
    "platforms": [
        "windows"
    ],
    "required_age": 0,
    "categories": [
        "Single-player"
    ],
    "genres": [
        "Indie",
        "Simulation",
        "Sports"
    ],
    "tags": [
        "Indie",
        "Simulation",
        "Sports"
    ],
    "achievements": 0,
    "positive_ratings": 5,
    "negative_ratings": 0,
    "price": 15.49,
    "description": "BFGE (Bartender Flair Game)-a simulator of the bartender virtuoso.The main character is Flairbartender!!!Flair Bartender-a bartender who will prepare you a cocktail juggling shakers and bottles so that you do not even notice how you will be in front of your drink!",
    "header_img": "https://steamcdn-a.akamaihd.net/steam/apps/1024860/header.jpg?t=1551426877",
    "minimum_requirements": "OS: Windows 7 64bit Processor: Intel Core i5-2500K / AMD FX-6300 Memory: 4 MB RAM Graphics: Nvidia GTX 470 / AMD RadeonHD 5850 DirectX: Version 11 Storage: 1500 MB available space",
    "recommended_requirements": "OS: Windows 10 64bit Processor: Intel Core i7-7700 / AMD Ryzen 5 1600 Memory: 16 MB RAM Graphics: Nvidia GTX 1070 / AMD Radeon RX 580 DirectX: Version 11 Storage: 1500 MB available space",
    "reviews": []
}