{
    "app_id": 1024780,
    "name": "Capture the planet: Cute War",
    "release_date": "2019-02-20",
    "developer": [
        "ImperiumGame"
    ],
    "publisher": [
        "ImperiumGame "
    ],
    "platforms": [
        "windows"
    ],
    "required_age": 0,
    "categories": [
        "Single-player"
    ],
    "genres": [
        "Indie"
    ],
    "tags": [
        "Indie"
    ],
    "achievements": 0,
    "positive_ratings": 1,
    "negative_ratings": 2,
    "price": 0.79,
    "description": "In the game you have to shoot a slingshot funny animals, in order to destroy the buildings that prevent them from living normally.",
    "header_img": "https://steamcdn-a.akamaihd.net/steam/apps/1024780/header.jpg?t=1553331733",
    "minimum_requirements": "OS: Windows XP/7/8/8.1/10 Processor: Intel Pentium Memory: 512 MB RAM Graphics: Intel HD graphics 400 or later Storage: 128 MB available space",
    "recommended_requirements": null,
    "reviews": []
}