{
    "app_id": 102400,
    "name": "Vertex Dispenser",
    "release_date": "2011-06-10",
    "developer": [
        "Michael Brough"
    ],
    "publisher": [
        "Michael Brough"
    ],
    "platforms": [
        "windows",
        "mac"
    ],
    "required_age": 0,
    "categories": [
        "Single-player",
        "Multi-player",
        "Co-op",
        "Cross-Platform Multiplayer",
        "Steam Achievements",
        "Steam Cloud",
        "Stats"
    ],
    "genres": [
        "Action",
        "Indie",
        "Strategy"
    ],
    "tags": [
        "Strategy",
        "Action",
        "Indie"
    ],
    "achievements": 12,
    "positive_ratings": 20,
    "negative_ratings": 9,
    "price": 6.99,
    "description": "#app_102400_short_desc",
    "header_img": "https://steamcdn-a.akamaihd.net/steam/apps/102400/header.jpg?t=1447354189",
    "minimum_requirements": "OS: Windows XP/Vista/7 Processor: 1.6GHz Memory: 512MB Hard Disk Space: 30MB Video Card: 128MB",
    "recommended_requirements": null,
    "reviews": []
}