{
    "app_id": 1024600,
    "name": "SkydiVeR",
    "release_date": "2019-02-28",
    "developer": [
        "KR Games"
    ],
    "publisher": [
        "Star Consult S.r.l."
    ],
    "platforms": [
        "windows"
    ],
    "required_age": 0,
    "categories": [
        "Single-player",
        "Partial Controller Support"
    ],
    "genres": [
        "Indie",
        "Simulation",
        "Sports"
    ],
    "tags": [
        "Sports",
        "Indie",
        "Simulation"
    ],
    "achievements": 0,
    "positive_ratings": 2,
    "negative_ratings": 8,
    "price": 3.99,
    "description": "&quot;All you need is 20 seconds of insane courage and I promise you something great will come of it&quot; - B. Mee SkydiVeR is the first parachuting simulator specifically made for VR. Launch yourself into the sky like never before!",
    "header_img": "https://steamcdn-a.akamaihd.net/steam/apps/1024600/header.jpg?t=1555666093",
    "minimum_requirements": "OS: Windows 7 Processor: i5-4590 Memory: 8 GB RAM Graphics: NVIDIA GTX 970 DirectX: Version 10 Storage: 2 GB available space",
    "recommended_requirements": "OS: Windows 10 Processor: i7-7700 Memory: 16 GB RAM Graphics: NVIDIA GTX 1060 DirectX: Version 11 Storage: 3 GB available space",
    "reviews": []
}