{
    "app_id": 1024450,
    "name": "DINO VR",
    "release_date": "2019-02-28",
    "developer": [
        "K3I"
    ],
    "publisher": [
        "K3I"
    ],
    "platforms": [
        "windows"
    ],
    "required_age": 0,
    "categories": [
        "Single-player"
    ],
    "genres": [
        "Action",
        "Adventure",
        "Indie"
    ],
    "tags": [
        "Action",
        "Indie",
        "Adventure"
    ],
    "achievements": 0,
    "positive_ratings": 0,
    "negative_ratings": 1,
    "price": 15.49,
    "description": "SF Fantasy genre game that suppresses dinosaurs that have been transformed to mutant types by terrorist groups. release scheduled for February 2019!!",
    "header_img": "https://steamcdn-a.akamaihd.net/steam/apps/1024450/header.jpg?t=1552265433",
    "minimum_requirements": "Минимальные: ОС: Windows10 Процессор: i5 - 4590 Оперативная память: 8 GB ОЗУ Видеокарта: 4GB VRAM DirectX: Версии 11 Место на диске: 5 GB Дополнительно: HTC VIVE",
    "recommended_requirements": "Рекомендованные: ОС: Windows10 Процессор: i7-4770 Оперативная память: 16 GB ОЗУ Видеокарта: 6GB VRAM DirectX: Версии 11 Место на диске: 10 GB Дополнительно: HTC VIVE",
    "reviews": []
}