{
    "app_id": 1024540,
    "name": "Alien League",
    "release_date": "2019-03-01",
    "developer": [
        "Kraken Ink."
    ],
    "publisher": [
        "Kraken Ink."
    ],
    "platforms": [
        "windows"
    ],
    "required_age": 0,
    "categories": [
        "Multi-player",
        "Local Multi-Player",
        "Co-op",
        "Local Co-op",
        "Shared/Split Screen",
        "Full controller support"
    ],
    "genres": [
        "Action",
        "Casual",
        "Indie"
    ],
    "tags": [
        "Action",
        "Indie",
        "Casual"
    ],
    "achievements": 0,
    "positive_ratings": 3,
    "negative_ratings": 0,
    "price": 10.99,
    "description": "Alien League is a 2 to 4 player local multiplayer party game. Play through 70 fast-paced intense minigames, compete in the Board, earn Totems and fight to become the new Champion!",
    "header_img": "https://steamcdn-a.akamaihd.net/steam/apps/1024540/header.jpg?t=1556044548",
    "minimum_requirements": "OS: Windows 7, 8 or 10 Memory: 4 GB RAM Graphics: Dedicated GPU recommended Storage: 200 MB available space",
    "recommended_requirements": null,
    "reviews": []
}