{
    "app_id": 1024330,
    "name": "Bhavacakra Grace",
    "release_date": "2019-02-27",
    "developer": [
        "Two Clusters"
    ],
    "publisher": [
        "Two Clusters"
    ],
    "platforms": [
        "windows"
    ],
    "required_age": 0,
    "categories": [
        "Single-player"
    ],
    "genres": [
        "Adventure",
        "Free to Play",
        "Indie",
        "RPG"
    ],
    "tags": [
        "Free to Play",
        "Adventure",
        "RPG"
    ],
    "achievements": 0,
    "positive_ratings": 2,
    "negative_ratings": 2,
    "price": 0.0,
    "description": "Will Grace succeed in her job as a mercenary?",
    "header_img": "https://steamcdn-a.akamaihd.net/steam/apps/1024330/header.jpg?t=1551296023",
    "minimum_requirements": "OS: Windows 10 Processor: Dual core (i3 or Ryzen 3) Memory: 4 GB RAM Graphics: Intel iGPU or better Storage: 400 MB available space",
    "recommended_requirements": null,
    "reviews": []
}