{
    "app_id": 1024970,
    "name": "Quantum Legend - VR Experience",
    "release_date": "2019-03-04",
    "developer": [
        "BeiJing FlyDream Interactive co.,ltd"
    ],
    "publisher": [
        "BeiJing FlyDream Interactive co.,ltd"
    ],
    "platforms": [
        "windows"
    ],
    "required_age": 0,
    "categories": [
        "Single-player"
    ],
    "genres": [
        "Action",
        "Adventure",
        "Free to Play",
        "Indie"
    ],
    "tags": [
        "Action",
        "Free to Play",
        "Indie"
    ],
    "achievements": 0,
    "positive_ratings": 7,
    "negative_ratings": 8,
    "price": 0.0,
    "description": "A sneak action game,This software only provides visual and survival mode experience.",
    "header_img": "https://steamcdn-a.akamaihd.net/steam/apps/1024970/header.jpg?t=1552189483",
    "minimum_requirements": "Requires a 64-bit processor and operating system OS: W10 Processor: intel(r)core(tm)i7-6700cpu @ 3.40ghz 16GB Memory: 16 GB RAM Graphics: GeForce GTX 1070 DirectX: Version 11 Storage: 5 GB available space Sound Card: Creative Sound Blaster Audigy 4 II",
    "recommended_requirements": "Requires a 64-bit processor and operating system OS: W10 Processor: intel core i7 6900k Memory: 32 GB RAM Graphics: GeForce GTX 1080Ti DirectX: Version 11 Storage: 5 GB available space Sound Card: Creative Sound Blaster Recon3D PCIe 3D",
    "reviews": []
}