{
    "app_id": 1024670,
    "name": "Ruination",
    "release_date": "2019-03-08",
    "developer": [
        "Zachary Lee"
    ],
    "publisher": [
        "Zachary Lee"
    ],
    "platforms": [
        "windows"
    ],
    "required_age": 0,
    "categories": [
        "Single-player",
        "Steam Achievements",
        "Full controller support"
    ],
    "genres": [
        "Action",
        "Indie"
    ],
    "tags": [
        "Action",
        "Indie"
    ],
    "achievements": 7,
    "positive_ratings": 10,
    "negative_ratings": 3,
    "price": 0.79,
    "description": "Navigate a hostile alien world full of monstrous creatures! Battle mighty bosses! Wield a vast array of brutal weaponry! Fight your way to the core of the planet and complete your mission... or die.",
    "header_img": "https://steamcdn-a.akamaihd.net/steam/apps/1024670/header.jpg?t=1552077314",
    "minimum_requirements": "OS: Windows 7 and above. Processor: You need one of these Memory: 40 MB RAM Graphics: We have them Storage: 20 MB available space Additional Notes: Hands required",
    "recommended_requirements": null,
    "reviews": []
}