{
    "app_id": 1024080,
    "name": "The Scuttle",
    "release_date": "2019-03-26",
    "developer": [
        "Foulball Hangover"
    ],
    "publisher": [
        "Foulball Hangover"
    ],
    "platforms": [
        "windows"
    ],
    "required_age": 0,
    "categories": [
        "Single-player"
    ],
    "genres": [
        "Action",
        "Adventure",
        "Indie",
        "RPG"
    ],
    "tags": [
        "Action",
        "Indie",
        "Adventure"
    ],
    "achievements": 0,
    "positive_ratings": 8,
    "negative_ratings": 1,
    "price": 2.89,
    "description": "Sail the Caribbean laying siege to naval forts in this short pirate adventure! Enhance your galleon, lead your crew into battle, and maybe drink a little rum along the way.",
    "header_img": "https://steamcdn-a.akamaihd.net/steam/apps/1024080/header.jpg?t=1553625578",
    "minimum_requirements": "OS: Windows 10 Processor: Dual-Core 64-bit Intel or AMD processor, 2.0 GHZ CPU Memory: 4 GB RAM Graphics: 1 GB DirectX 11 compatible video card Storage: 4 GB available space",
    "recommended_requirements": null,
    "reviews": []
}