{
    "app_id": 1024520,
    "name": "Viking: Sigurd's Adventure",
    "release_date": "2019-02-18",
    "developer": [
        "Areal Czech"
    ],
    "publisher": [
        "GameDEN"
    ],
    "platforms": [
        "windows"
    ],
    "required_age": 0,
    "categories": [
        "Single-player"
    ],
    "genres": [
        "Action",
        "Indie"
    ],
    "tags": [
        "Action",
        "Indie"
    ],
    "achievements": 0,
    "positive_ratings": 4,
    "negative_ratings": 1,
    "price": 3.99,
    "description": "Viking warrior Sigurd make his way through dangers untold in a fantasy world, featuring arcade gameplay, cartoonish visuals and light-spirited game story.",
    "header_img": "https://steamcdn-a.akamaihd.net/steam/apps/1024520/header.jpg?t=1550766358",
    "minimum_requirements": "OS: Windows 7 Processor: Core 2 Duo E6400 2.1 GHz Memory: 1 GB RAM Graphics: GeForce GTS 450 DirectX: Version 9.0c Storage: 950 MB available space",
    "recommended_requirements": null,
    "reviews": []
}