{
    "app_id": 1024690,
    "name": "Chaos Village",
    "release_date": "2019-02-14",
    "developer": [
        "QuickSave"
    ],
    "publisher": [
        "QuickSave"
    ],
    "platforms": [
        "windows"
    ],
    "required_age": 0,
    "categories": [
        "Single-player",
        "Steam Achievements"
    ],
    "genres": [
        "Action",
        "Indie",
        "RPG"
    ],
    "tags": [
        "Action",
        "Indie",
        "Violent"
    ],
    "achievements": 100,
    "positive_ratings": 2,
    "negative_ratings": 1,
    "price": 2.09,
    "description": "Chaos Village is a top-down chaotic shooter game with various weapons, perks and power ups.",
    "header_img": "https://steamcdn-a.akamaihd.net/steam/apps/1024690/header.jpg?t=1551658830",
    "minimum_requirements": "OS: 64-bit Windows 7 Processor: Core i3 / AMD A6 2.4Ghz Memory: 2 GB RAM Graphics: NVIDIA GeForce GTX 260 / AMD Radeon HD 5750. OpenGL 3.3 DirectX: Version 10 Storage: 500 MB available space",
    "recommended_requirements": "OS: 64-bit Windows 7 Processor: Quad-core Intel or AMD, 2.5 GHz or faster Memory: 4 GB RAM Graphics: NVIDIA GTX 760 DirectX: Version 11 Storage: 500 MB available space",
    "reviews": []
}